Equipment_ID,Type,Site_ID,Check_In_Date,Check_Out_Date,Engine_Hours_Day,Idle_Hours_Day,Rental_Days,Last_Operator_ID,is_anomaly,anomaly_type,total_hours,idle_ratio,is_missing_site,is_missing_operator,hours_over_24,type_enc,anomaly_score,predicted_anomaly
EQX1096,Grader,S012,2025-02-06,2025-02-11,6.8,2.9,5,OP106,0,none,9.7,0.29896904134339786,0,0,0,4,0.1515443725889999,0
EQX1096,Grader,S007,2024-11-13,2024-11-23,4.9,3.8,10,OP134,0,none,8.7,0.43678155899062543,0,0,0,4,0.15072902554245698,0
EQX1072,Crane,S012,2024-12-14,2024-12-23,9.0,5.3,9,OP128,0,none,14.3,0.3706293447112346,0,0,0,2,0.14065878544380034,0
EQX1116,Loader,S009,2024-06-08,2024-06-26,7.3,5.4,18,OP137,0,none,12.7,0.42519681691363653,0,0,0,5,0.1222318221632065,0
EQX1168,Compactor,S006,2024-04-11,2024-04-15,4.7,1.6,4,OP115,0,none,6.300000000000001,0.2539682136558391,0,0,0,1,0.1282153094850047,0
EQX1189,Compactor,S009,2024-07-11,2024-07-20,6.1,0.4,9,OP137,0,none,6.5,0.061538452071007374,0,0,0,1,0.11707275274697176,0
EQX1036,Excavator,S009,2024-04-26,2024-05-09,4.1,4.6,13,OP137,0,none,8.7,0.5287355714097045,0,0,0,3,0.1456132005650434,0
EQX1023,Loader,S005,2025-01-04,2025-01-11,3.6,5.5,7,OP102,0,none,9.1,0.6043955379785124,0,0,0,5,0.10784110389555707,0
EQX1183,Crane,S001,2024-10-09,2024-10-12,0.3,22.9,3,OP134,1,excessive_idle,23.2,0.987068922971167,0,0,0,2,-0.10752940809846878,1
EQX1103,Bulldozer,S003,2025-04-13,2025-04-30,7.2,5.9,17,OP136,0,none,13.100000000000001,0.4503816450090347,0,0,0,0,0.12893731560265947,0
EQX1220,Bulldozer,S002,2024-03-23,2024-06-17,10.3,6.0,86,OP124,1,extended_rental,16.3,0.3680981369264946,0,0,0,0,-0.09308806771844624,1
EQX1030,Grader,S010,2024-02-18,2024-03-02,5.2,3.6,13,OP110,0,none,8.8,0.40909086260331107,0,0,0,4,0.15188186317501834,0
EQX1001,Compactor,S005,2024-05-07,2024-05-14,3.5,2.9,7,OP128,0,none,6.4,0.45312492919922975,0,0,0,1,0.12940258470720595,0
EQX1004,Grader,S007,2024-03-31,2024-04-09,6.7,3.7,9,OP130,0,none,10.4,0.3557691965606542,0,0,0,4,0.1611573945190944,0
EQX1141,Crane,S009,2024-06-21,2024-06-26,5.5,0.0,5,OP106,0,none,5.5,0.0,0,0,0,2,0.10788903555524004,0
EQX1062,Crane,S008,2025-08-09,2025-08-15,4.1,1.8,6,OP117,0,none,5.8999999999999995,0.30508469405344174,0,0,0,2,0.1354812922717082,0
EQX1116,Loader,S005,2024-11-13,2024-11-17,7.7,6.4,4,OP133,0,none,14.100000000000001,0.45390067702832076,0,0,0,5,0.10975664638299937,0
EQX1168,Compactor,S006,2025-03-21,2025-03-25,5.3,2.5,4,OP102,0,none,7.8,0.3205127794214385,0,0,0,1,0.14345254358074128,0
EQX1175,Excavator,S012,2024-02-12,2024-03-03,4.4,4.0,20,OP132,0,none,8.4,0.47619041950114055,0,0,0,3,0.13970179695022983,0
EQX1043,Compactor,S012,2025-02-12,2025-02-17,5.0,4.1,5,OP117,0,none,9.1,0.45054940103852736,0,0,0,1,0.15014983361795747,0
EQX1207,Excavator,S001,2024-08-21,2024-09-10,7.1,2.5,20,OP110,0,none,9.6,0.26041663953993344,0,0,0,3,0.14343318444546205,0
EQX1189,Compactor,S012,2024-04-03,2024-04-10,8.9,2.5,7,OP112,0,none,11.4,0.21929822637734858,0,0,0,1,0.1434779267602787,0
EQX1106,Compactor,S002,2025-06-29,2025-07-04,2.7,0.3,5,OP119,0,none,3.0,0.09999996666667776,0,0,0,1,0.04653441004155656,0
EQX1135,Grader,S010,2024-11-17,2024-11-30,7.5,3.3,13,OP113,0,none,10.8,0.3055555272633771,0,0,0,4,0.15426280226312422,0
EQX1145,Crane,S009,2024-04-11,2024-04-18,3.3,4.0,7,OP126,0,none,7.3,0.5479451304184753,0,0,0,2,0.12688457798783576,0
EQX1119,Crane,UNKNOWN,2024-10-13,2024-10-22,8.4,0.0,9,OP130,1,unassigned_site,8.4,0.0,1,0,0,2,-0.04975601043089839,1
EQX1107,Crane,S001,2025-01-24,2025-01-28,10.1,5.0,4,OP119,0,none,15.1,0.3311258058857082,0,0,0,2,0.1048239594786014,0
EQX1008,Compactor,S004,2025-02-24,2025-02-25,3.7,8.2,1,OP106,0,none,11.899999999999999,0.6890755723465907,0,0,0,1,0.0680839232982971,0
EQX1148,Crane,S009,2025-04-18,2025-04-22,5.0,0.3,4,OP121,0,none,5.3,0.056603762904950394,0,0,0,2,0.09776633707734417,0
EQX1079,Grader,S009,2025-03-16,2025-05-20,8.2,7.3,65,OP135,1,extended_rental,15.5,0.47096771155047024,0,0,0,4,-0.03239975258696559,1
EQX1170,Loader,S003,2024-02-09,2024-02-17,7.7,3.3,8,OP120,0,none,11.0,0.2999999727272752,0,0,0,5,0.1377985636699422,0
EQX1121,Grader,S008,2025-05-09,2025-05-16,7.0,0.0,7,OP119,0,none,7.0,0.0,0,0,0,4,0.11732150791741813,0
EQX1056,Compactor,S010,2025-10-04,2025-10-08,7.4,3.1,4,OP137,0,none,10.5,0.29523806712018413,0,0,0,1,0.15404751854859072,0
EQX1008,Compactor,S006,2024-11-29,2024-12-11,4.5,0.9,12,OP120,0,none,5.4,0.16666663580247484,0,0,0,1,0.10994034621136839,0
EQX1114,Grader,S007,2025-02-05,2025-02-14,3.8,3.4,9,OP128,0,none,7.199999999999999,0.47222215663581163,0,0,0,4,0.1322706723442455,0
EQX1179,Loader,S012,2025-04-23,2025-05-06,6.3,5.6,13,OP118,0,none,11.899999999999999,0.47058819574889116,0,0,0,5,0.13854387241675564,0
EQX1131,Excavator,S005,2024-03-25,2024-04-10,2.8,4.9,16,OP111,0,none,7.7,0.636363553719019,0,0,0,3,0.11178784391357754,0
EQX1085,Excavator,S003,2024-07-11,2024-07-21,7.0,1.5,10,OP113,0,none,8.5,0.1764705674740509,0,0,0,3,0.14960753291362522,0
EQX1151,Compactor,S007,2025-05-23,2025-06-01,6.1,3.1,9,OP126,0,none,9.2,0.3369564851134256,0,0,0,1,0.16342077393392862,0
EQX1087,Compactor,S010,2024-10-01,2024-10-09,5.8,1.5,8,OP139,0,none,7.3,0.20547942390692822,0,0,0,1,0.1460475549739263,0
EQX1031,Compactor,S004,2024-11-23,2024-11-30,3.5,4.2,7,OP101,0,none,7.7,0.545454474616302,0,0,0,1,0.1328491850097831,0
EQX1035,Crane,S005,2024-03-11,2024-03-22,5.5,3.3,11,OP139,0,none,8.8,0.3749999573863685,0,0,0,2,0.15720607046600066,0
EQX1135,Grader,S010,2024-04-14,2024-04-27,7.1,2.4,13,OP114,0,none,9.5,0.25263155235457346,0,0,0,4,0.15417660522026821,0
EQX1034,Bulldozer,S012,2025-07-31,2025-08-14,1.8,7.0,14,OP131,0,none,8.8,0.7954544550619937,0,0,0,0,0.0412309236708141,0
EQX1063,Grader,S010,2025-01-12,2025-01-23,8.2,2.8,11,OP133,0,none,11.0,0.2545454314049608,0,0,0,4,0.1516345996381297,0
EQX1108,Bulldozer,S007,2024-11-01,2024-12-01,8.6,3.7,30,OP123,0,none,12.3,0.3008129836737412,0,0,0,0,0.0880524761243987,0
EQX1177,Crane,S012,2024-10-31,2024-11-08,0.6,6.0,8,OP137,0,none,6.6,0.9090907713498831,0,0,0,2,0.005687553370057774,0
EQX1191,Loader,S007,2024-12-04,2024-12-20,10.6,4.2,16,OP103,0,none,14.8,0.2837837646092051,0,0,0,5,0.09333777848900449,0
EQX1097,Bulldozer,S003,2025-02-24,2025-03-14,19.1,13.2,18,OP124,1,impossible_hours,32.3,0.4086687179978726,0,0,1,0,-0.18919184105403253,1
EQX1012,Loader,S005,2024-10-17,2024-10-23,3.4,1.4,6,OP139,0,none,4.8,0.2916666059027904,0,0,0,5,0.08708559429179569,0
EQX1204,Excavator,S005,2025-11-24,2025-12-08,4.4,3.1,14,OP102,0,none,7.5,0.4133332782222296,0,0,0,3,0.14972705742779246,0
EQX1015,Crane,S005,2024-10-17,2024-10-23,6.4,0.0,6,OP117,0,none,6.4,0.0,0,0,0,2,0.1127546257144647,0
EQX1109,Excavator,S011,2024-02-03,2024-02-17,6.1,4.0,14,OP102,0,none,10.1,0.396039564748558,0,0,0,3,0.15965988119941105,0
EQX1067,Grader,S007,2024-05-24,2024-06-02,8.5,3.1,9,OP117,0,none,11.6,0.2672413562722969,0,0,0,4,0.147922356719485,0
EQX1198,Loader,S005,2024-10-30,2024-11-10,5.9,6.2,11,OP110,0,none,12.100000000000001,0.5123966518680453,0,0,0,5,0.13346681916317704,0
EQX1034,Bulldozer,S008,2024-06-05,2024-06-21,5.9,3.2,16,OP101,0,none,9.100000000000001,0.3516483130056799,0,0,0,0,0.1343449543505325,0
EQX1069,Excavator,S008,2025-01-25,2025-02-11,5.1,4.8,17,OP131,0,none,9.899999999999999,0.4848484358738955,0,0,0,3,0.14364922052022028,0
EQX1164,Excavator,S001,2024-12-03,2024-12-26,6.0,3.4,23,OP108,0,none,9.4,0.3617020891806288,0,0,0,3,0.1324834029223318,0
EQX1035,Crane,S001,2025-04-08,2025-04-15,4.0,6.5,7,OP115,0,none,10.5,0.6190475600907086,0,0,0,2,0.13383759439605386,0
EQX1116,Loader,S005,2025-06-05,2025-06-15,7.7,4.3,10,OP117,0,none,12.0,0.3583333034722247,0,0,0,5,0.13780730339231245,0
EQX1007,Compactor,S010,2024-03-05,2024-03-15,9.2,5.1,10,OP127,0,none,14.299999999999999,0.3566433317032635,0,0,0,1,0.13562397987684244,0
EQX1064,Compactor,S012,2025-11-27,2025-12-06,5.9,3.3,9,OP119,0,none,9.2,0.3586956131852595,0,0,0,1,0.16061490823866703,0
EQX1018,Excavator,S009,2024-07-10,2024-07-22,6.5,1.5,12,OP131,0,none,8.0,0.18749997656250295,0,0,0,3,0.15026856392739324,0
EQX1088,Crane,S012,2025-06-17,2025-06-25,6.5,4.4,8,OP107,0,none,10.9,0.40366968773672596,0,0,0,2,0.15868861326184935,0
EQX1015,Crane,S004,2024-10-30,2024-11-04,6.1,3.7,5,OP128,0,none,9.8,0.37755098188255287,0,0,0,2,0.15929933855827833,0
EQX1182,Loader,S009,2025-10-26,2025-11-10,10.3,5.4,15,OP130,0,none,15.700000000000001,0.3439490226784062,0,0,0,5,0.08489324196506176,0
EQX1131,Excavator,S009,2024-10-03,2024-10-10,12.2,5.1,7,OP130,0,none,17.299999999999997,0.2947976708209439,0,0,0,3,0.04561982846227197,0
EQX1119,Crane,S002,2025-12-20,2025-12-29,10.3,4.6,9,OP132,0,none,14.9,0.3087248114949791,0,0,0,2,0.11737756027513824,0
EQX1138,Crane,S003,2025-05-04,2025-05-09,5.5,1.3,5,OP119,0,none,6.8,0.19117644247405258,0,0,0,2,0.13417984603744948,0
EQX1092,Grader,S007,2024-03-10,2024-03-13,2.8,3.9,3,OP102,0,none,6.699999999999999,0.5820894653597813,0,0,0,4,0.09033977692337625,0
EQX1179,Loader,S008,2024-05-01,2024-05-08,6.8,4.7,7,OP112,0,none,11.5,0.4086956166351638,0,0,0,5,0.14123141909979564,0
EQX1079,Grader,S006,2025-05-22,2025-06-03,5.9,6.4,12,OP135,0,none,12.3,0.5203251609491739,0,0,0,4,0.14567482816846555,0
EQX1206,Bulldozer,S003,2025-01-18,2025-02-01,5.7,5.0,14,OP106,0,none,10.7,0.467289675954236,0,0,0,0,0.13247585026550718,0
EQX1008,Compactor,S009,2024-05-10,2024-05-16,4.4,5.8,6,OP101,0,none,10.2,0.5686273952326084,0,0,0,1,0.1436747602277706,0
EQX1010,Crane,S003,2025-03-13,2025-03-19,4.8,2.2,6,OP117,0,none,7.0,0.31428566938776153,0,0,0,2,0.14884121817472745,0
EQX1215,Compactor,S001,2025-09-21,2025-09-26,8.5,3.4,5,OP107,0,none,11.9,0.2857142617046839,0,0,0,1,0.14538116127542183,0
EQX1042,Compactor,S010,2024-12-05,2024-12-14,9.8,3.4,9,OP128,0,none,13.200000000000001,0.25757573806244405,0,0,0,1,0.12853224911883127,0
EQX1096,Grader,S007,2025-04-19,2025-04-26,11.0,0.7,7,OP103,0,none,11.7,0.059829054715465416,0,0,0,4,0.06627647961034128,0
EQX1038,Crane,S002,2024-03-10,2024-03-14,8.2,0.0,4,OP127,0,none,8.2,0.0,0,0,0,2,0.11061645944988352,0
EQX1189,Compactor,S007,2024-03-21,2024-03-26,6.2,2.8,5,OP122,0,none,9.0,0.31111107654321374,0,0,0,1,0.15798612070782303,0
EQX1118,Compactor,S010,2024-07-28,2024-08-08,9.8,3.8,11,UNKNOWN,1,no_operator,13.600000000000001,0.27941174416090114,0,1,0,1,-0.038304386980122285,1
EQX1096,Grader,S007,2024-07-25,2024-08-03,8.8,0.6,9,OP124,0,none,9.4,0.06382978044364038,0,0,0,4,0.11198221789155399,0
EQX1153,Excavator,S005,2025-11-04,2025-11-21,4.0,3.2,17,OP133,0,none,7.2,0.44444438271605796,0,0,0,3,0.1390563279957419,0
EQX1030,Grader,S010,2024-04-29,2024-05-11,8.6,2.0,12,OP102,0,none,10.6,0.18867922748309177,0,0,0,4,0.14152522611170554,0
EQX1100,Loader,S004,2025-04-15,2025-04-22,8.4,0.0,7,OP133,0,none,8.4,0.0,0,0,0,5,0.09831399935408824,0
EQX1003,Loader,S009,2025-10-04,2025-10-15,6.7,9.6,11,OP133,0,none,16.3,0.5889570190823914,0,0,0,5,0.05679223440014736,0
EQX1031,Compactor,S008,2024-04-16,2024-04-19,11.0,0.8,3,OP123,0,none,11.8,0.06779660442401658,0,0,0,1,0.05898954987530908,0
EQX1063,Grader,S007,2025-10-11,2025-10-24,8.8,4.0,13,OP110,0,none,12.8,0.3124999755859394,0,0,0,4,0.14644693982656776,0
EQX1106,Compactor,S012,2024-07-14,2024-07-24,8.5,3.0,10,OP139,0,none,11.5,0.26086954253308325,0,0,0,1,0.14890616679848634,0
EQX1182,Loader,S009,2024-01-15,2024-01-30,8.9,1.6,15,OP128,0,none,10.5,0.1523809378684821,0,0,0,5,0.11011954789396067,0
EQX1115,Excavator,S008,2024-01-16,2024-01-26,7.7,3.8,10,OP131,0,none,11.5,0.3304347538752388,0,0,0,3,0.15563448843334066,0
EQX1168,Compactor,S006,2025-11-15,2025-11-24,5.1,4.9,9,OP102,0,none,10.0,0.489999951000005,0,0,0,1,0.15279562052504847,0
EQX1077,Bulldozer,S007,2025-04-11,2025-05-05,4.9,5.8,24,OP123,0,none,10.7,0.5420560241069137,0,0,0,0,0.10566293907647134,0
EQX1009,Excavator,S009,2024-03-03,2024-03-15,9.9,2.4,12,OP118,0,none,12.3,0.19512193535594022,0,0,0,3,0.11726674244796137,0
EQX1034,Bulldozer,S004,2025-02-02,2025-02-26,5.4,2.2,24,OP116,0,none,7.6000000000000005,0.28947364612188864,0,0,0,0,0.10157879914235785,0
EQX1219,Loader,S006,2024-01-03,2024-01-14,0.0,4.9,11,OP107,0,none,4.9,0.9999997959184089,0,0,0,5,-0.0556446466702647,1
EQX1003,Loader,S009,2025-02-27,2025-03-12,7.9,0.0,13,OP114,0,none,7.9,0.0,0,0,0,5,0.09885496475651873,0
EQX1177,Crane,S011,2024-10-13,2024-10-29,6.5,0.0,16,OP108,0,none,6.5,0.0,0,0,0,2,0.09567621330828041,0
EQX1020,Grader,S010,2025-12-10,2025-12-18,7.5,2.5,8,OP121,0,none,10.0,0.2499999750000025,0,0,0,4,0.15151402860384006,0
EQX1102,Grader,S007,2024-04-26,2024-05-10,6.7,7.3,14,OP130,0,none,14.0,0.5214285341836762,0,0,0,4,0.13115063626428441,0
EQX1113,Bulldozer,S003,2025-08-26,2025-09-14,8.3,3.3,19,OP113,0,none,11.600000000000001,0.28448273409631597,0,0,0,0,0.12122968304430548,0
EQX1046,Compactor,S009,2024-10-09,2024-10-12,3.4,2.7,3,OP105,0,none,6.1,0.44262287825854457,0,0,0,1,0.11891858757716034,0
EQX1185,Compactor,S007,2025-10-10,2025-10-18,8.4,2.8,8,OP118,0,none,11.2,0.24999997767857343,0,0,0,1,0.15102090775990185,0
EQX1062,Crane,S004,2025-10-23,2025-10-30,4.1,3.2,7,OP135,0,none,7.3,0.4383561043347802,0,0,0,2,0.14729427792511507,0
EQX1126,Crane,S008,2024-12-14,2024-12-19,8.5,2.4,5,OP106,0,none,10.9,0.22018346603821412,0,0,0,2,0.14282233898486413,0
EQX1132,Loader,S008,2024-11-08,2024-11-16,10.8,2.7,8,OP105,0,none,13.5,0.1999999851851863,0,0,0,5,0.08865889617043443,0
EQX1202,Loader,S009,2024-03-25,2024-04-03,4.3,0.1,9,OP118,0,none,4.3999999999999995,0.02272726756198465,0,0,0,5,0.063775384995234,0
EQX1151,Compactor,S004,2025-05-05,2025-05-13,7.5,10.3,8,OP101,0,none,17.8,0.5786516528847386,0,0,0,1,0.05830026767173502,0
EQX1144,Grader,S010,2024-10-18,2024-11-04,5.7,6.1,17,OP113,0,none,11.8,0.5169491087331264,0,0,0,4,0.1343388204109695,0
EQX1140,Excavator,S012,2024-06-05,2024-06-19,4.7,0.4,14,OP128,0,none,5.1000000000000005,0.07843135717032211,0,0,0,3,0.105500316553724,0
EQX1201,Compactor,S004,2024-11-11,2024-11-15,11.0,4.3,4,OP102,0,none,15.3,0.2810457332649847,0,0,0,1,0.09822905133908783,0
EQX1071,Excavator,S004,2025-12-13,2025-12-18,3.9,0.1,5,OP107,0,none,4.0,0.024999993750001562,0,0,0,3,0.07849877002917777,0
EQX1093,Crane,S012,2024-06-05,2024-06-07,7.1,7.4,2,OP122,0,none,14.5,0.5103447923900144,0,0,0,2,0.1215889118661464,0
EQX1081,Grader,S010,2025-04-01,2025-04-09,3.9,4.1,8,OP128,0,none,8.0,0.512499935937508,0,0,0,4,0.13890503165016765,0
EQX1181,Loader,S001,2024-03-02,2024-03-12,7.8,0.0,10,OP109,0,none,7.8,0.0,0,0,0,5,0.10120382617473439,0
EQX1112,Excavator,S001,2025-06-26,2025-07-05,11.2,4.6,9,OP127,0,none,15.799999999999999,0.2911392220797961,0,0,0,3,0.09705671601679772,0
EQX1080,Compactor,S012,2024-02-17,2024-02-24,7.3,7.9,7,OP111,0,none,15.2,0.5197368079120522,0,0,0,1,0.12622964978988888,0
EQX1064,Compactor,S001,2025-01-07,2025-01-16,1.3,4.0,9,OP124,0,none,5.3,0.7547168387326719,0,0,0,1,0.07055704729776652,0
EQX1186,Grader,S010,2024-05-15,2024-05-30,4.8,2.3,15,OP124,0,none,7.1,0.3239436163459695,0,0,0,4,0.1386109740436457,0
EQX1180,Compactor,S009,2024-07-31,2024-08-04,4.5,2.7,4,OP138,0,none,7.2,0.3749999479166739,0,0,0,1,0.13982730107241698,0
EQX1165,Grader,S007,2025-10-02,2025-10-15,7.5,2.5,13,OP113,0,none,10.0,0.2499999750000025,0,0,0,4,0.1509346611244789,0
EQX1017,Grader,S007,2024-11-16,2024-11-21,6.0,4.0,5,OP111,0,none,10.0,0.39999996000000404,0,0,0,4,0.14984282887744693,0
EQX1035,Crane,S001,2024-11-21,2024-12-01,8.8,0.0,10,OP103,0,none,8.8,0.0,0,0,0,2,0.11464687641125337,0
EQX1175,Excavator,S012,2024-07-26,2024-08-12,8.6,4.3,17,OP113,0,none,12.899999999999999,0.3333333074935421,0,0,0,3,0.1434041585499527,0
EQX1031,Compactor,S005,2024-01-19,2024-01-27,7.8,9.2,8,OP137,0,none,17.0,0.5411764387543271,0,0,0,1,0.09108028690527403,0
EQX1058,Grader,S011,2024-06-23,2024-07-06,11.4,1.6,13,OP137,0,none,13.0,0.1230769136094682,0,0,0,4,0.0754428276157017,0
EQX1018,Excavator,S011,2025-02-08,2025-02-26,5.5,2.4,18,OP139,0,none,7.9,0.3037974298990595,0,0,0,3,0.14396044228054566,0
EQX1204,Excavator,S007,2024-05-13,2024-05-30,12.8,3.9,17,OP102,0,none,16.7,0.23353292014772933,0,0,0,3,0.03204051230795646,0
EQX1169,Bulldozer,S008,2025-01-20,2025-02-16,7.8,4.1,27,OP104,0,none,11.899999999999999,0.34453778617329534,0,0,0,0,0.1021409207731539,0
EQX1043,Compactor,S002,2024-06-07,2024-06-12,5.5,2.4,5,OP112,0,none,7.9,0.3037974298990595,0,0,0,1,0.1471733601121522,0
EQX1213,Excavator,S008,2025-04-25,2025-05-21,7.7,4.9,26,OP125,0,none,12.600000000000001,0.3888888580246938,0,0,0,3,0.10761041102205554,0
EQX1077,Bulldozer,S008,2025-03-14,2025-04-06,7.2,4.2,23,OP127,0,none,11.4,0.36842102031394564,0,0,0,0,0.12197725358586664,0
EQX1195,Excavator,S004,2024-02-13,2024-03-02,5.9,2.5,18,OP109,0,none,8.4,0.29761901218821285,0,0,0,3,0.14845148205017966,0
EQX1091,Excavator,S010,2025-02-13,2025-02-20,9.1,1.1,7,OP104,0,none,10.2,0.10784312668204643,0,0,0,3,0.12415590522396752,0
EQX1181,Loader,S001,2024-01-27,2024-02-03,8.7,5.4,7,OP108,0,none,14.1,0.3829786962426457,0,0,0,5,0.1200080866983616,0
EQX1074,Bulldozer,S005,2025-03-27,2025-04-11,3.1,5.6,15,OP119,0,none,8.7,0.6436780869335533,0,0,0,0,0.09266070640234597,0
EQX1156,Grader,S010,2024-06-22,2024-07-01,8.9,3.1,9,OP131,0,none,12.0,0.25833331180555735,0,0,0,4,0.1449724276388184,0
EQX1187,Bulldozer,S010,2024-05-10,2024-06-01,9.0,1.2,22,OP117,0,none,10.2,0.11764704728950517,0,0,0,0,0.08092963323574726,0
EQX1189,Compactor,S006,2025-11-01,2025-11-05,3.0,4.4,4,OP104,0,none,7.4,0.5945945142439846,0,0,0,1,0.11235300528837294,0
EQX1073,Loader,S009,2025-10-07,2025-10-16,3.2,8.2,9,OP118,0,none,11.399999999999999,0.7192981825177034,0,0,0,5,0.06519740007298647,0
EQX1029,Excavator,S008,2025-02-11,2025-02-27,5.2,1.5,16,OP132,0,none,6.7,0.22388056359991587,0,0,0,3,0.1405841658300207,0
EQX1057,Crane,S002,2024-11-09,2024-11-17,7.8,1.3,8,OP130,0,none,9.1,0.14285712715855747,0,0,0,2,0.13880817918522842,0
EQX1172,Crane,S004,2025-04-11,2025-04-16,7.5,5.0,5,OP103,0,none,12.5,0.3999999680000026,0,0,0,2,0.14532524515361533,0
EQX1159,Compactor,S004,2025-12-02,2025-12-13,8.8,7.4,11,OP131,0,none,16.200000000000003,0.4567900952598706,0,0,0,1,0.11715058616887819,0
EQX1101,Loader,S009,2024-03-09,2024-03-25,2.2,4.7,16,OP121,0,none,6.9,0.6811593215711128,0,0,0,5,0.06983631821169567,0
EQX1026,Excavator,S004,2024-01-12,2024-01-21,6.5,2.3,9,OP123,0,none,8.8,0.2613636066632265,0,0,0,3,0.1613221853089597,0
EQX1004,Grader,S002,2025-08-08,2025-08-23,7.3,3.0,15,OP114,0,none,10.3,0.2912621076444556,0,0,0,4,0.15363715237335984,0
EQX1165,Grader,S010,2025-03-21,2025-04-06,3.2,4.8,16,OP125,0,none,8.0,0.5999999250000094,0,0,0,4,0.11260448772028897,0
EQX1072,Crane,S001,2025-03-31,2025-04-02,5.5,0.8,2,OP118,0,none,6.3,0.12698410682791955,0,0,0,2,0.09733273670173642,0
EQX1027,Crane,S002,2025-08-16,2025-08-26,9.5,4.6,10,OP106,0,none,14.1,0.3262411116141056,0,0,0,2,0.13067153757915645,0
EQX1049,Grader,S010,2024-08-15,2024-08-21,6.3,8.8,6,OP124,0,none,15.100000000000001,0.5827814183588464,0,0,0,4,0.098584345881857,0
EQX1111,Crane,S002,2025-05-25,2025-05-31,5.7,4.1,6,OP105,0,none,9.8,0.4183673042482342,0,0,0,2,0.15914914657948798,0
EQX1166,Bulldozer,S003,2024-11-27,2024-12-19,4.8,1.9,22,OP135,0,none,6.699999999999999,0.2835820472265601,0,0,0,0,0.09960214281438973,0
EQX1130,Grader,S006,2025-08-22,2025-09-03,5.3,1.1,12,OP126,0,none,6.4,0.17187497314453545,0,0,0,4,0.13084376486881288,0
EQX1044,Bulldozer,S011,2025-12-02,2025-12-13,8.7,0.0,11,OP116,0,none,8.7,0.0,0,0,0,0,0.08320772359868,0
EQX1218,Excavator,S001,2025-06-08,2025-06-29,6.3,8.8,21,OP134,0,none,15.100000000000001,0.5827814183588464,0,0,0,3,0.08155379302924204,0
EQX1167,Compactor,S007,2025-08-31,2025-09-08,6.2,2.4,8,OP128,0,none,8.6,0.2790697349918913,0,0,0,1,0.16078648042147997,0
EQX1211,Grader,S001,2025-11-30,2025-12-11,5.3,1.4,11,OP109,0,none,6.699999999999999,0.20895519269325483,0,0,0,4,0.14160403159619173,0
EQX1166,Bulldozer,S005,2025-07-01,2025-07-27,5.8,4.8,26,OP111,0,none,10.6,0.4528301459594202,0,0,0,0,0.1058510739728527,0
EQX1165,Grader,S004,2025-09-20,2025-09-27,10.6,1.3,7,OP129,0,none,11.9,0.10924368829884973,0,0,0,4,0.09247499541192583,0
EQX1009,Excavator,S002,2024-08-27,2024-09-16,8.0,3.5,20,OP122,0,none,11.5,0.3043477996219305,0,0,0,3,0.1366661148204663,0
EQX1032,Loader,S002,2024-12-11,2024-12-26,3.9,9.1,15,OP126,0,none,13.0,0.6999999461538503,0,0,0,5,0.05131684653721036,0
EQX1042,Compactor,S006,2024-04-05,2024-04-13,7.5,5.9,8,OP104,0,none,13.4,0.4402984746045915,0,0,0,1,0.1497370889520545,0
EQX1160,Compactor,S010,2025-12-14,2025-12-21,9.0,5.6,7,OP131,0,none,14.6,0.38356161756427276,0,0,0,1,0.13867268863182108,0
EQX1115,Excavator,S005,2024-05-03,2024-05-19,8.2,0.0,16,OP135,0,none,8.2,0.0,0,0,0,3,0.11011179612545541,0
EQX1174,Loader,S012,2025-01-24,2025-02-05,2.4,3.6,12,OP136,0,none,6.0,0.5999999000000167,0,0,0,5,0.08189607411363176,0
EQX1064,Compactor,S007,2024-05-11,2024-05-17,4.3,0.9,6,OP124,0,none,5.2,0.1730768897929058,0,0,0,1,0.1119492602206168,0
EQX1182,Loader,S011,2024-03-22,2024-04-02,4.8,3.2,11,OP136,0,none,8.0,0.3999999500000063,0,0,0,5,0.1326201563281345,0
EQX1032,Loader,S003,2024-10-14,2024-10-28,3.4,5.1,14,OP111,0,none,8.5,0.599999929411773,0,0,0,5,0.10597292510511763,0
EQX1070,Crane,S001,2025-03-10,2025-03-17,8.7,5.7,7,OP132,0,none,14.399999999999999,0.3958333058449094,0,0,0,2,0.14120504150107155,0
EQX1167,Compactor,S009,2024-10-15,2024-10-25,5.6,1.4,10,OP114,0,none,7.0,0.1999999714285755,0,0,0,1,0.14201245534716828,0
EQX1084,Excavator,S007,2025-02-25,2025-03-12,9.5,4.7,15,OP106,0,none,14.2,0.33098589218409213,0,0,0,3,0.13035700165381447,0
EQX1061,Grader,S010,2024-02-07,2024-02-14,4.1,7.2,7,OP132,0,none,11.3,0.6371680852063641,0,0,0,4,0.11630956578639712,0
EQX1137,Loader,S003,2025-11-23,2025-12-07,6.1,3.3,14,OP130,0,none,9.399999999999999,0.3510637924400221,0,0,0,5,0.14017474474555763,0
EQX1015,Crane,S001,2025-06-23,2025-06-26,3.6,4.8,3,OP123,0,none,8.4,0.5714285034013686,0,0,0,2,0.12395107341227335,0
EQX1063,Grader,S006,2024-04-26,2024-05-04,5.6,1.4,8,OP115,0,none,7.0,0.1999999714285755,0,0,0,4,0.14124075373267525,0
EQX1074,Bulldozer,S009,2025-08-28,2025-09-10,5.2,3.2,13,OP117,0,none,8.4,0.38095233560091246,0,0,0,0,0.1316022478398967,0
EQX1195,Excavator,S008,2024-11-04,2024-11-26,5.1,5.6,22,OP118,0,none,10.7,0.5233644370687442,0,0,0,3,0.12551377503402433,0
EQX1198,Loader,S012,2024-12-27,2025-01-01,1.2,2.8,5,OP139,0,none,4.0,0.6999998250000437,0,0,0,5,0.010868103450201283,0
EQX1129,Excavator,S006,2024-04-04,2024-04-16,9.4,4.1,12,OP139,0,none,13.5,0.3037036812071347,0,0,0,3,0.13809052422037627,0
EQX1071,Excavator,S009,2025-01-06,2025-01-22,0.7,4.1,16,OP107,0,none,4.8,0.8541664887153148,0,0,0,3,0.015120575835089411,0
EQX1211,Grader,S010,2025-10-03,2025-10-13,2.3,4.9,10,OP128,0,none,7.2,0.6805554610339638,0,0,0,4,0.08974384518633316,0
EQX1103,Bulldozer,S010,2024-01-16,2024-02-05,6.3,4.7,20,OP124,0,none,11.0,0.42727268842975563,0,0,0,0,0.1259683107802793,0
EQX1106,Compactor,S011,2025-05-28,2025-06-07,9.0,5.7,10,OP102,0,none,14.7,0.38775507566292006,0,0,0,1,0.1402264623273144,0
EQX1061,Grader,S005,2024-11-13,2024-11-24,6.4,1.2,11,OP130,0,none,7.6000000000000005,0.1578947160664847,0,0,0,4,0.14115196071916558,0
EQX1008,Compactor,S007,2025-01-19,2025-01-27,8.9,4.9,8,OP125,0,none,13.8,0.35507243803822913,0,0,0,1,0.14256569456752283,0
EQX1088,Crane,S012,2025-04-23,2025-05-02,3.5,1.4,9,OP105,0,none,4.9,0.28571422740525965,0,0,0,2,0.12064688350246483,0
EQX1021,Compactor,S007,2025-05-13,2025-05-24,7.8,3.6,11,OP137,0,none,11.4,0.31578944598338193,0,0,0,1,0.15313092831522407,0
EQX1152,Loader,S011,2025-01-01,2025-01-07,7.4,0.0,6,OP103,0,none,7.4,0.0,0,0,0,5,0.0931070871930289,0
EQX1086,Excavator,S012,2024-04-01,2024-04-13,6.8,6.2,12,OP139,0,none,13.0,0.47692304023668924,0,0,0,3,0.15305227196266297,0
EQX1185,Compactor,S007,2025-09-30,2025-10-06,1.7,6.7,6,OP119,0,none,8.4,0.7976189526644104,0,0,0,1,0.07146784126493394,0
EQX1029,Excavator,S008,2025-12-07,2025-12-27,6.2,0.0,20,OP114,0,none,6.2,0.0,0,0,0,3,0.09944408811811678,0
EQX1202,Loader,S004,2024-10-14,2024-10-25,7.6,7.4,11,OP106,0,none,15.0,0.4933333004444467,0,0,0,5,0.11285435452320675,0
EQX1026,Excavator,S001,2025-04-12,2025-04-26,7.3,2.2,14,OP136,0,none,9.5,0.23157892299169236,0,0,0,3,0.15553656663592474,0
EQX1060,Excavator,S001,2025-09-12,2025-09-24,0.2,18.1,12,OP123,1,excessive_idle,18.3,0.9890709842037714,0,0,0,3,-0.0653693013684411,1
EQX1029,Excavator,S005,2024-12-29,2025-01-15,7.5,4.2,17,OP102,0,none,11.7,0.3589743282927925,0,0,0,3,0.14697415897273552,0
EQX1211,Grader,S010,2024-02-26,2024-03-05,5.4,0.6,8,OP116,0,none,6.0,0.09999998333333611,0,0,0,4,0.11356696959277784,0
EQX1062,Crane,S005,2025-01-08,2025-01-09,8.5,5.1,1,OP104,0,none,13.6,0.3749999724264726,0,0,0,2,0.1135982782877279,0
EQX1055,Compactor,S010,2024-05-15,2024-05-25,7.9,1.8,10,OP122,0,none,9.700000000000001,0.1855669911786607,0,0,0,1,0.14267893631625467,0
EQX1130,Grader,S007,2024-03-09,2024-03-17,8.7,2.3,8,OP134,0,none,11.0,0.20909089008264636,0,0,0,4,0.14407433526003682,0
EQX1199,Excavator,S005,2024-11-01,2024-11-21,9.9,0.4,20,OP139,0,none,10.3,0.038834947685927414,0,0,0,3,0.06451183090210388,0
EQX1199,Excavator,S005,2025-05-03,2025-05-22,8.3,3.2,19,OP107,0,none,11.5,0.27826084536862217,0,0,0,3,0.13912591725004964,0
EQX1160,Compactor,S011,2025-03-26,2025-04-02,5.8,8.6,7,OP114,0,none,14.399999999999999,0.5972221807484598,0,0,0,1,0.1166709099670099,0
EQX1090,Crane,S012,2025-02-14,2025-02-20,12.2,0.0,6,OP139,0,none,12.2,0.0,0,0,0,2,0.022422128525120266,0
EQX1191,Loader,S007,2025-03-19,2025-04-04,6.6,4.0,16,OP112,0,none,10.6,0.37735845496618353,0,0,0,5,0.13825586654266037,0
EQX1128,Excavator,S002,2025-05-03,2025-05-21,3.6,4.3,18,OP103,0,none,7.9,0.5443037285691482,0,0,0,3,0.12890175640326146,0
EQX1061,Grader,S007,2024-03-18,2024-03-25,7.5,0.1,7,OP124,0,none,7.6,0.013157893005540395,0,0,0,4,0.10700905926110982,0
EQX1172,Crane,S002,2025-08-05,2025-08-14,7.9,2.7,9,OP107,0,none,10.600000000000001,0.25471695710217385,0,0,0,2,0.15286513371808474,0
EQX1080,Compactor,S010,2025-04-22,2025-04-26,5.9,0.9,4,OP136,0,none,6.800000000000001,0.1323529217128056,0,0,0,1,0.1214918539458647,0
EQX1076,Bulldozer,S010,2024-06-26,2024-07-19,1.1,19.8,23,OP115,1,excessive_idle,20.900000000000002,0.947368375724001,0,0,0,0,-0.08740613153207188,1
EQX1051,Excavator,S004,2025-03-31,2025-04-25,6.3,0.6,25,OP118,0,none,6.8999999999999995,0.0869565091367378,0,0,0,3,0.07629071845518542,0
EQX1145,Crane,UNKNOWN,2025-03-21,2025-03-24,4.2,3.0,3,OP129,1,unassigned_site,7.2,0.4166666087963043,1,0,0,2,-0.030164644631163084,1
EQX1209,Excavator,S012,2024-10-05,2024-10-19,4.8,2.3,14,OP127,0,none,7.1,0.3239436163459695,0,0,0,3,0.14899677501659403,0
EQX1122,Grader,S007,2024-12-31,2025-01-12,6.0,4.0,12,OP103,0,none,10.0,0.39999996000000404,0,0,0,4,0.1598126696310978,0
EQX1035,Crane,S012,2025-10-21,2025-10-26,4.9,2.8,5,OP104,0,none,7.7,0.36363631641086797,0,0,0,2,0.15181628218916632,0
EQX1113,Bulldozer,S011,2025-03-27,2025-04-10,5.6,3.4,14,OP118,0,none,9.0,0.3777777358024738,0,0,0,0,0.13479614190001715,0
EQX1122,Grader,S001,2025-10-02,2025-10-11,5.6,6.0,9,OP115,0,none,11.6,0.5172413347205747,0,0,0,4,0.14998494678298951,0
EQX1195,Excavator,S005,2024-01-23,2024-01-30,6.7,2.1,7,OP104,0,none,8.8,0.23863633651859814,0,0,0,3,0.1595694664455627,0
EQX1155,Excavator,S012,2024-12-02,2024-12-20,4.8,0.3,18,OP139,0,none,5.1,0.05882351787774159,0,0,0,3,0.09733924668133254,0
EQX1160,Compactor,S012,2025-12-06,2025-12-11,2.3,0.1,5,OP112,0,none,2.4,0.04166664930556279,0,0,0,1,0.023757473705351084,0
EQX1031,Compactor,S009,2025-11-28,2025-12-07,10.3,4.9,9,OP117,0,none,15.200000000000001,0.32236839984418425,0,0,0,1,0.11216198438497965,0
EQX1083,Compactor,S004,2024-02-28,2024-03-04,7.6,4.0,5,OP121,0,none,11.6,0.3448275564803831,0,0,0,1,0.1496863870077369,0
EQX1185,Compactor,S007,2025-07-06,2025-07-16,9.8,1.6,10,OP121,0,none,11.4,0.14035086488150308,0,0,0,1,0.11691858015385731,0
EQX1172,Crane,S006,2025-11-24,2025-12-02,5.8,1.0,8,OP112,0,none,6.8,0.14705880190311738,0,0,0,2,0.13349825199347204,0
EQX1140,Excavator,S003,2024-12-01,2024-12-14,6.0,0.0,13,OP139,0,none,6.0,0.0,0,0,0,3,0.1175878612393218,0
EQX1109,Excavator,S002,2025-04-05,2025-04-16,6.0,5.3,11,OP132,0,none,11.3,0.4690265071657958,0,0,0,3,0.158679299816663,0
EQX1200,Bulldozer,S001,2024-09-24,2024-10-10,9.6,6.6,16,OP114,0,none,16.2,0.4074073822588035,0,0,0,0,0.0992615652540379,0
EQX1095,Bulldozer,UNKNOWN,2025-07-19,2025-08-04,3.9,2.8,16,OP113,1,unassigned_site,6.699999999999999,0.41791038538650965,1,0,0,0,-0.05776235563624399,1
EQX1007,Compactor,S006,2025-08-01,2025-08-07,6.8,5.3,6,OP128,0,none,12.1,0.4380164927259097,0,0,0,1,0.15142391716590875,0
EQX1070,Crane,S009,2024-03-01,2024-03-07,2.7,3.7,6,OP102,0,none,6.4,0.5781249096679828,0,0,0,2,0.11095883854861754,0
EQX1074,Bulldozer,S011,2025-05-19,2025-06-13,7.2,4.3,25,OP114,0,none,11.5,0.373913010964086,0,0,0,0,0.11596498857972831,0
EQX1079,Grader,S009,2025-09-21,2025-09-25,3.0,3.1,4,OP133,0,none,6.1,0.5081966380005511,0,0,0,4,0.09994308253068218,0
EQX1134,Bulldozer,S005,2025-07-19,2025-08-11,6.3,5.4,23,OP132,0,none,11.7,0.46153842209073326,0,0,0,0,0.11799018428487601,0
EQX1047,Bulldozer,S003,2024-02-06,2024-02-23,3.7,0.0,17,OP112,0,none,3.7,0.0,0,0,0,0,0.03990392256627434,0
EQX1198,Loader,S003,2025-05-28,2025-06-08,3.2,1.7,11,OP116,0,none,4.9,0.34693870470638677,0,0,0,5,0.0957818209716712,0
EQX1028,Excavator,S009,2025-10-27,2025-11-15,6.7,1.6,19,OP133,0,none,8.3,0.19277106111192036,0,0,0,3,0.1372120911611454,0
EQX1031,Compactor,S010,2025-01-24,2025-01-29,9.3,4.9,5,OP130,0,none,14.200000000000001,0.345070398234479,0,0,0,1,0.12525367407150662,0
EQX1092,Grader,S008,2025-04-15,2025-04-21,3.9,0.0,6,OP130,0,none,3.9,0.0,0,0,0,4,0.0817447013337631,0
EQX1051,Excavator,S001,2025-07-14,2025-07-24,9.8,2.9,10,OP134,0,none,12.700000000000001,0.22834643871287882,0,0,0,3,0.12619279355061852,0
EQX1092,Grader,S010,2024-08-31,2024-09-08,13.1,3.5,8,OP116,0,none,16.6,0.2108433607925686,0,0,0,4,0.03022053217849019,0
EQX1050,Excavator,S007,2025-05-27,2025-06-11,5.1,2.1,15,OP125,0,none,7.199999999999999,0.29166662615741307,0,0,0,3,0.14756028609570682,0
EQX1120,Grader,S010,2025-02-12,2025-02-20,6.5,5.7,8,OP123,0,none,12.2,0.46721307645794463,0,0,0,4,0.1500948630118894,0
EQX1205,Excavator,S005,2025-03-11,2025-03-24,1.5,6.4,13,OP126,0,none,7.9,0.8101264797308253,0,0,0,3,0.06597549810334796,0
EQX1151,Compactor,S004,2024-11-26,2024-11-29,5.8,4.4,3,OP119,0,none,10.2,0.4313725067281857,0,0,0,1,0.14714432285510537,0
EQX1163,Bulldozer,S003,2025-10-25,2025-11-21,6.8,3.8,27,OP129,0,none,10.6,0.35849053221787436,0,0,0,0,0.10763948869379247,0
EQX1205,Excavator,S001,2024-03-22,2024-03-29,5.3,2.8,7,OP103,0,none,8.1,0.34567896966926304,0,0,0,3,0.15592105780824123,0
EQX1202,Loader,S005,2024-08-17,2024-09-04,9.0,4.4,18,OP135,0,none,13.4,0.3283581844508818,0,0,0,5,0.11104187934650589,0
EQX1023,Loader,S011,2025-08-18,2025-09-05,10.2,4.4,18,OP137,0,none,14.6,0.30136984237192865,0,0,0,5,0.09069512709007443,0
EQX1198,Loader,S004,2024-05-07,2024-05-16,8.9,7.2,9,OP102,0,none,16.1,0.4472049411673949,0,0,0,5,0.10006707637612938,0
EQX1135,Grader,S006,2024-01-09,2024-01-21,2.8,4.2,12,OP121,0,none,7.0,0.5999999142857265,0,0,0,4,0.10998065066859164,0
EQX1065,Grader,S010,2024-08-20,2024-08-21,7.3,0.0,1,OP133,0,none,7.3,0.0,0,0,0,4,0.076797122973779,0
EQX1152,Loader,S004,2024-11-27,2024-12-05,6.2,4.5,8,OP116,0,none,10.7,0.4205607083588124,0,0,0,5,0.14298304627885927,0
EQX1031,Compactor,S007,2025-09-20,2025-09-25,6.1,0.0,5,OP117,0,none,6.1,0.0,0,0,0,1,0.11276531905127246,0
EQX1172,Crane,S004,2024-06-20,2024-06-22,3.5,1.6,2,OP127,0,none,5.1,0.3137254286812885,0,0,0,2,0.10224374215790538,0
EQX1198,Loader,S011,2024-04-09,2024-04-16,7.6,0.9,7,OP106,0,none,8.5,0.10588234048443054,0,0,0,5,0.10590687994940351,0
EQX1158,Grader,S006,2025-03-14,2025-03-23,6.3,7.9,9,OP105,0,none,14.2,0.5563379889902825,0,0,0,4,0.12286335378720642,0
EQX1038,Crane,S012,2025-03-26,2025-03-30,7.0,0.0,4,OP121,0,none,7.0,0.0,0,0,0,2,0.11090016772356015,0
EQX1004,Grader,S002,2024-04-25,2024-05-04,10.4,3.3,9,OP118,0,none,13.7,0.24087589482657704,0,0,0,4,0.11888865806922971,0
EQX1183,Crane,S004,2025-12-05,2025-12-12,6.6,3.1,7,OP137,0,none,9.7,0.3195875959188046,0,0,0,2,0.1625038484579187,0
EQX1197,Grader,S007,2024-08-29,2024-09-08,5.7,5.0,10,OP130,0,none,10.7,0.467289675954236,0,0,0,4,0.15404234155472257,0
EQX1177,Crane,UNKNOWN,2024-12-22,2024-12-28,8.7,6.8,6,OP120,1,unassigned_site,15.5,0.43870964911550653,1,0,0,2,-0.061675174023923085,1
EQX1070,Crane,S002,2024-11-22,2024-12-02,9.2,5.2,10,OP114,0,none,14.399999999999999,0.3611110860339524,0,0,0,2,0.13594179839271575,0
EQX1202,Loader,S005,2025-02-21,2025-05-15,4.9,5.3,83,OP116,1,extended_rental,10.2,0.5196077921953145,0,0,0,5,-0.04408961217736829,1
EQX1132,Loader,S004,2025-06-22,2025-06-29,3.7,0.5,7,OP114,0,none,4.2,0.11904759070295459,0,0,0,5,0.07261337751355079,0
EQX1158,Grader,S007,2025-09-24,2025-09-26,10.2,3.2,2,OP114,0,none,13.399999999999999,0.23880595232791405,0,0,0,4,0.09492861510554623,0
EQX1138,Crane,S003,2024-06-07,2024-06-10,6.6,8.3,3,OP115,0,none,14.9,0.557046942480071,0,0,0,2,0.10766021806445886,0
EQX1101,Loader,S002,2024-12-29,2025-01-15,4.1,2.4,17,OP137,0,none,6.5,0.3692307124260442,0,0,0,5,0.10933494662089005,0
EQX1168,Compactor,S001,2024-04-27,2024-05-04,1.0,4.1,7,OP120,0,none,5.1,0.8039214109958017,0,0,0,1,0.052226902977291656,0
EQX1114,Grader,S004,2024-03-13,2024-03-20,7.9,2.7,7,OP127,0,none,10.600000000000001,0.25471695710217385,0,0,0,4,0.15124411040498703,0
EQX1035,Crane,S003,2024-11-12,2024-11-18,5.0,5.7,6,OP128,0,none,10.7,0.532710230587829,0,0,0,2,0.14514739523174025,0
EQX1052,Excavator,S004,2024-03-30,2024-04-15,0.6,2.7,16,OP109,0,none,3.3000000000000003,0.818181570248009,0,0,0,3,-0.004027981287307747,1
EQX1089,Excavator,S001,2025-07-25,2025-08-07,5.9,3.5,13,OP103,0,none,9.4,0.37234038592123553,0,0,0,3,0.1640857422749093,0
EQX1084,Excavator,S002,2024-03-01,2024-03-13,6.0,5.5,12,OP102,0,none,11.5,0.47826082797731934,0,0,0,3,0.15887519011196827,0
EQX1111,Crane,S004,2025-07-18,2025-07-28,4.5,1.3,10,OP114,0,none,5.8,0.22413789239001855,0,0,0,2,0.13390111731990456,0
EQX1029,Excavator,S005,2025-08-17,2025-09-06,8.3,2.9,20,OP132,0,none,11.200000000000001,0.25892854830995105,0,0,0,3,0.13127921989458974,0
EQX1165,Grader,S006,2024-02-10,2024-02-17,6.6,2.0,7,OP134,0,none,8.6,0.23255811249324276,0,0,0,4,0.1521822116745331,0
EQX1155,Excavator,S011,2024-05-12,2024-05-27,4.6,4.5,15,OP117,0,none,9.1,0.4945054401642374,0,0,0,3,0.15034837182922095,0
EQX1002,Crane,S001,2025-03-12,2025-03-16,6.5,3.0,4,OP117,0,none,9.5,0.31578944044321683,0,0,0,2,0.15750985693605346,0
EQX1085,Excavator,S010,2025-08-14,2025-08-31,5.4,2.1,17,OP121,0,none,7.5,0.27999996266667165,0,0,0,3,0.1434062033540231,0
EQX1085,Excavator,S011,2024-03-01,2024-03-17,5.2,2.8,16,OP120,0,none,8.0,0.34999995625000546,0,0,0,3,0.15073632744367077,0
EQX1007,Compactor,S001,2025-09-26,2025-09-30,9.0,10.6,4,OP127,0,none,19.6,0.5408162989379438,0,0,0,1,0.01948829764954796,0
EQX1160,Compactor,S006,2024-08-31,2024-09-10,9.6,4.6,10,OP125,0,none,14.2,0.3239436391588987,0,0,0,1,0.13170886644880436,0
EQX1158,Grader,S010,2025-11-12,2025-11-18,1.3,7.0,6,OP132,0,none,8.3,0.8433733923646515,0,0,0,4,0.03432877021522501,0
EQX1149,Crane,S002,2024-12-02,2024-12-04,6.7,1.7,2,OP111,0,none,8.4,0.20238092828798473,0,0,0,2,0.1275198542218408,0
EQX1173,Bulldozer,S008,2025-05-16,2025-06-10,8.9,6.0,25,OP105,0,none,14.9,0.4026845367325814,0,0,0,0,0.0871984567197967,0
EQX1106,Compactor,S010,2024-12-02,2024-12-07,14.1,12.1,5,OP132,1,impossible_hours,26.2,0.46183204344152506,0,0,1,1,-0.13973639381434222,1
EQX1211,Grader,S007,2025-04-21,2025-04-29,8.3,8.8,8,OP129,0,none,17.1,0.5146198529462074,0,0,0,4,0.07845320487208324,0
EQX1040,Grader,S007,2025-10-23,2025-11-06,7.6,2.7,14,OP126,0,none,10.3,0.26213589688001004,0,0,0,4,0.15110234664613165,0
EQX1077,Bulldozer,S008,2024-10-09,2024-10-23,4.5,6.1,14,UNKNOWN,1,no_operator,10.6,0.5754716438234299,0,1,0,0,-0.057817793648104465,1
EQX1043,Compactor,S010,2024-04-24,2024-05-01,6.1,1.1,7,OP129,0,none,7.199999999999999,0.15277775655864495,0,0,0,1,0.13844129270781158,0
EQX1088,Crane,S004,2024-03-05,2024-03-13,10.3,6.2,8,OP121,0,none,16.5,0.37575755298439073,0,0,0,2,0.1019750336994642,0
EQX1198,Loader,S011,2024-08-15,2024-09-01,8.8,6.1,17,OP124,0,none,14.9,0.40939594567812443,0,0,0,5,0.10975192067085099,0
EQX1096,Grader,S007,2025-11-23,2025-12-04,5.9,4.9,11,OP121,0,none,10.8,0.4537036616941054,0,0,0,4,0.15468324929310828,0
EQX1083,Compactor,S006,2024-11-15,2024-11-21,8.6,1.5,6,OP131,0,none,10.1,0.14851483678070926,0,0,0,1,0.1345574673835615,0
EQX1083,Compactor,S009,2024-03-23,2024-03-27,8.4,3.1,4,OP139,0,none,11.5,0.2695651939508527,0,0,0,1,0.1448378633648283,0
EQX1064,Compactor,S007,2025-08-23,2025-08-31,5.9,3.9,8,OP109,0,none,9.8,0.39795914306539354,0,0,0,1,0.16124744443183003,0
EQX1082,Crane,S004,2025-10-01,2025-10-05,1.3,21.8,4,OP105,1,excessive_idle,23.1,0.9437229028691383,0,0,0,2,-0.09268834309308416,1
EQX1112,Excavator,S006,2025-07-15,2025-08-03,1.2,0.5,19,OP122,0,none,1.7,0.2941174740485447,0,0,0,3,-0.004135656894540984,1
EQX1122,Grader,S006,2024-01-13,2024-01-23,8.8,3.8,10,OP117,0,none,12.600000000000001,0.3015872776518033,0,0,0,4,0.14296677413886338,0
EQX1124,Crane,S002,2025-05-25,2025-06-03,7.9,0.0,9,OP133,0,none,7.9,0.0,0,0,0,2,0.12284303084061055,0
EQX1204,Excavator,S011,2024-11-01,2024-11-16,6.9,11.6,15,OP135,0,none,18.5,0.627026993133676,0,0,0,3,0.015331882760430293,0
EQX1070,Crane,S012,2024-03-24,2024-03-26,0.6,19.8,2,OP131,1,excessive_idle,20.400000000000002,0.9705881877162652,0,0,0,2,-0.06889119928773502,1
EQX1144,Grader,S007,2025-02-03,2025-02-13,8.6,1.3,10,OP101,0,none,9.9,0.13131311804918,0,0,0,4,0.13256683959729626,0
EQX1102,Grader,S010,2025-05-28,2025-06-07,5.3,3.5,10,OP122,0,none,8.8,0.3977272275309969,0,0,0,4,0.1555586371742566,0
EQX1003,Loader,S011,2024-03-22,2024-04-03,8.6,0.7,12,OP114,0,none,9.299999999999999,0.07526880911088075,0,0,0,5,0.0952010996381018,0
EQX1112,Excavator,S008,2024-10-07,2024-10-20,4.1,2.0,13,OP101,0,none,6.1,0.327868798710033,0,0,0,3,0.13777584615672467,0
EQX1177,Crane,S004,2025-03-25,2025-03-30,5.5,2.9,5,OP116,0,none,8.4,0.34523805413832687,0,0,0,2,0.15464381507291025,0
EQX1054,Grader,S010,2025-04-27,2025-05-08,9.0,6.1,11,OP111,0,none,15.1,0.40397348318056403,0,0,0,4,0.13112518950885826,0
EQX1165,Grader,S006,2024-02-26,2024-03-07,6.1,1.4,10,OP104,0,none,7.5,0.18666664177778108,0,0,0,4,0.14401476628717186,0
EQX1080,Compactor,S004,2024-03-01,2024-03-07,1.1,22.8,6,OP117,1,excessive_idle,23.900000000000002,0.9539748554822235,0,0,0,1,-0.09606461278596734,1
EQX1154,Grader,S010,2025-02-05,2025-02-17,6.8,4.1,12,OP129,0,none,10.899999999999999,0.3761467544819492,0,0,0,4,0.1605594504972887,0
EQX1072,Crane,S009,2025-02-21,2025-02-26,4.4,3.9,5,OP137,0,none,8.3,0.46987946146030585,0,0,0,2,0.1447996071895291,0
EQX1207,Excavator,S011,2024-11-23,2024-12-03,8.5,5.3,10,OP121,0,none,13.8,0.384057943184207,0,0,0,3,0.1447908090594558,0
EQX1179,Loader,S008,2025-01-04,2025-01-11,9.6,1.1,7,OP124,0,none,10.7,0.10280372870993192,0,0,0,5,0.08756800949510612,0
EQX1056,Compactor,S002,2024-02-06,2024-02-15,1.0,3.1,9,OP110,0,none,4.1,0.7560973765616156,0,0,0,1,0.04370681141833327,0
EQX1172,Crane,S009,2025-10-26,2025-11-03,9.9,0.9,8,OP116,0,none,10.8,0.08333332561728467,0,0,0,2,0.10300996994777073,0
EQX1045,Compactor,S010,2024-12-10,2024-12-18,7.7,2.5,8,OP118,0,none,10.2,0.24509801518646915,0,0,0,1,0.15457124117796017,0
EQX1195,Excavator,S010,2025-08-17,2025-08-26,10.2,4.6,9,OP134,0,none,14.799999999999999,0.3108107898100818,0,0,0,3,0.11980130856498827,0
EQX1183,Crane,S004,2025-02-14,2025-02-24,6.0,1.7,10,OP125,0,none,7.7,0.2207791921065984,0,0,0,2,0.14733134830303518,0
EQX1214,Compactor,S002,2024-05-15,2024-05-21,5.0,4.3,6,OP101,0,none,9.3,0.46236554168112454,0,0,0,1,0.1536425362596745,0
EQX1071,Excavator,S002,2025-01-24,2025-02-05,7.6,5.3,12,UNKNOWN,1,no_operator,12.899999999999999,0.41085268132924957,0,1,0,3,-0.013213983967909737,1
EQX1143,Loader,S003,2025-01-22,2025-01-31,11.4,4.7,9,OP139,0,none,16.1,0.2919254477064939,0,0,0,5,0.07290865272603986,0
EQX1001,Compactor,S010,2024-03-06,2024-03-12,1.8,3.1,6,OP101,0,none,4.9,0.6326529321116464,0,0,0,1,0.07859301896673004,0
EQX1198,Loader,S003,2024-02-15,2024-02-28,6.7,5.8,13,OP131,0,none,12.5,0.463999962880003,0,0,0,5,0.13596930433074506,0
EQX1039,Bulldozer,S002,2024-10-11,2024-10-29,8.8,5.5,18,OP139,0,none,14.3,0.38461535771920574,0,0,0,0,0.10960136283903749,0
EQX1141,Crane,S011,2024-08-11,2024-08-17,5.5,3.4,6,OP117,0,none,8.9,0.38202242898624394,0,0,0,2,0.1594057146933449,0
EQX1033,Bulldozer,S009,2024-09-17,2024-10-07,5.9,0.0,20,OP116,0,none,5.9,0.0,0,0,0,0,0.07213288674473495,0
EQX1058,Grader,S007,2024-11-29,2024-12-11,7.0,5.3,12,OP139,0,none,12.3,0.43089427391103463,0,0,0,4,0.15345861354119894,0
EQX1075,Excavator,S009,2024-09-14,2024-09-25,5.1,6.1,11,OP107,0,none,11.2,0.544642808514035,0,0,0,3,0.15222475374398486,0
EQX1112,Excavator,S012,2024-05-27,2024-06-09,10.1,0.3,13,OP121,0,none,10.4,0.028846151072485473,0,0,0,3,0.07945981612088909,0
EQX1129,Excavator,S001,2025-11-16,2025-12-04,3.3,4.3,18,OP137,0,none,7.6,0.5657893992382369,0,0,0,3,0.12213834794073564,0
EQX1001,Compactor,S006,2025-01-15,2025-01-22,6.2,4.5,7,OP130,0,none,10.7,0.4205607083588124,0,0,0,1,0.15949478707980386,0
EQX1053,Compactor,S010,2025-03-18,2025-03-26,5.8,0.0,8,OP102,0,none,5.8,0.0,0,0,0,1,0.1151363941404639,0
EQX1050,Excavator,S005,2025-09-19,2025-10-03,7.6,4.5,14,OP132,0,none,12.1,0.3719007957106781,0,0,0,3,0.15378909352126235,0
EQX1082,Crane,S001,2025-10-07,2025-10-13,5.7,2.7,6,OP110,0,none,8.4,0.3214285331632699,0,0,0,2,0.15497283481365715,0
EQX1121,Grader,S006,2025-09-20,2025-09-30,7.2,6.4,10,OP122,0,none,13.600000000000001,0.47058820069204405,0,0,0,4,0.1442477603905491,0
EQX1207,Excavator,S009,2025-04-09,2025-04-24,6.7,4.8,15,OP112,0,none,11.5,0.41739126805293325,0,0,0,3,0.15434851835205743,0
EQX1165,Grader,S006,2024-01-30,2024-02-08,6.8,0.0,9,OP130,0,none,6.8,0.0,0,0,0,4,0.12107791562558357,0
EQX1193,Excavator,S010,2024-02-27,2024-03-05,5.7,1.3,7,OP124,0,none,7.0,0.18571425918367726,0,0,0,3,0.14237729407362448,0
EQX1010,Crane,S009,2024-11-28,2024-12-11,9.6,1.4,13,OP114,0,none,11.0,0.1272727157024804,0,0,0,2,0.10268812921979581,0
EQX1144,Grader,S007,2024-02-06,2024-02-19,4.6,3.6,13,OP111,0,none,8.2,0.43902433670434926,0,0,0,4,0.1482055182247739,0
EQX1121,Grader,S006,2025-12-17,2025-12-21,7.6,6.0,4,OP139,0,none,13.6,0.44117643814879137,0,0,0,4,0.13139024084608336,0
EQX1100,Loader,S005,2025-05-12,2025-05-17,7.1,3.3,5,OP105,0,none,10.399999999999999,0.31730766179734027,0,0,0,5,0.13244170986822024,0
EQX1180,Compactor,S002,2025-03-29,2025-04-05,6.1,3.5,7,OP120,0,none,9.6,0.3645832953559068,0,0,0,1,0.1616480985727946,0
EQX1134,Bulldozer,S008,2024-06-04,2024-06-21,7.8,2.7,17,OP105,0,none,10.5,0.2571428326530636,0,0,0,0,0.124553643441848,0
EQX1109,Excavator,S006,2025-04-17,2025-04-29,12.2,4.1,12,OP131,0,none,16.299999999999997,0.2515337268997714,0,0,0,3,0.05988462609880474,0
EQX1173,Bulldozer,S011,2025-04-13,2025-05-05,2.2,2.5,22,OP109,0,none,4.7,0.5319147804436637,0,0,0,0,0.04222390421170974,0
EQX1134,Bulldozer,S011,2024-01-25,2024-02-07,6.9,3.0,13,OP103,0,none,9.9,0.30303027242118463,0,0,0,0,0.13583322686099852,0
EQX1126,Crane,S009,2024-04-01,2024-04-04,3.9,6.2,3,OP120,0,none,10.1,0.6138613253602649,0,0,0,2,0.12589718485734275,0
EQX1018,Excavator,S011,2025-04-25,2025-05-06,5.0,7.2,11,OP137,0,none,12.2,0.5901638860521405,0,0,0,3,0.13641212124894553,0
EQX1021,Compactor,S007,2025-01-16,2025-01-18,8.0,7.9,2,OP134,0,none,15.9,0.4968553146631878,0,0,0,1,0.0990791124310943,0
EQX1088,Crane,S004,2025-11-14,2025-11-20,9.4,3.2,6,OP106,0,none,12.600000000000001,0.2539682338120449,0,0,0,2,0.1275801131821273,0
EQX1209,Excavator,S001,2025-07-18,2025-07-27,2.8,2.1,9,OP136,0,none,4.9,0.4285713411078895,0,0,0,3,0.11442727399153108,0
EQX1190,Bulldozer,S006,2024-09-16,2024-10-03,3.8,6.0,17,OP135,0,none,9.8,0.6122448354852209,0,0,0,0,0.09903971435910086,0
EQX1028,Excavator,S002,2024-02-10,2024-02-29,4.4,4.6,19,OP128,0,none,9.0,0.511111054320994,0,0,0,3,0.1382765971218387,0
EQX1106,Compactor,S009,2024-05-22,2024-05-31,4.5,4.1,9,OP117,0,none,8.6,0.4767441306111476,0,0,0,1,0.15251970482333677,0
EQX1117,Compactor,S009,2024-05-26,2024-06-05,5.3,0.0,10,OP126,0,none,5.3,0.0,0,0,0,1,0.10833640407064948,0
EQX1197,Grader,S002,2025-10-18,2025-10-26,6.9,2.9,8,OP101,0,none,9.8,0.2959183371511901,0,0,0,4,0.1603581180487063,0
EQX1170,Loader,S011,2025-01-30,2025-02-13,5.9,5.9,14,OP104,0,none,11.8,0.4999999576271223,0,0,0,5,0.13432104191655442,0
EQX1183,Crane,S009,2024-10-20,2024-10-27,7.3,3.0,7,OP116,0,none,10.3,0.2912621076444556,0,0,0,2,0.1606872786811211,0
EQX1030,Grader,S010,2024-11-05,2024-11-14,7.7,4.1,9,OP138,0,none,11.8,0.34745759767308493,0,0,0,4,0.15486202078744804,0
EQX1178,Loader,S001,2025-08-23,2025-08-27,6.0,5.0,4,OP113,0,none,11.0,0.4545454132231443,0,0,0,5,0.12745885785116073,0
EQX1018,Excavator,S008,2025-05-11,2025-05-22,6.0,6.7,11,OP123,0,none,12.7,0.5275590135780305,0,0,0,3,0.1465187091987486,0
EQX1162,Loader,S001,2024-03-03,2024-03-17,10.8,5.5,14,OP118,0,none,16.3,0.33742329218262007,0,0,0,5,0.07431443762652318,0
EQX1070,Crane,S009,2024-06-16,2024-06-23,5.0,4.9,7,OP118,0,none,9.9,0.4949494449546016,0,0,0,2,0.15053636039866036,0
EQX1184,Bulldozer,S005,2024-08-22,2024-09-06,5.6,2.3,15,OP127,0,none,7.8999999999999995,0.29113920365326534,0,0,0,0,0.12624052217344084,0
EQX1126,Crane,S011,2024-04-23,2024-04-25,9.1,7.1,2,OP130,0,none,16.2,0.43827157788447046,0,0,0,2,0.10621267177888144,0
EQX1122,Grader,S007,2024-10-24,2024-10-29,4.1,4.3,5,OP139,0,none,8.399999999999999,0.5119047009637262,0,0,0,4,0.1307292269643877,0
EQX1114,Grader,S001,2024-08-08,2024-08-15,6.2,3.9,7,OP126,0,none,10.1,0.38613857562984405,0,0,0,4,0.15959435043002046,0
EQX1088,Crane,S001,2025-03-17,2025-03-25,5.9,0.0,8,OP136,0,none,5.9,0.0,0,0,0,2,0.11713294962190152,0
EQX1148,Crane,S009,2024-12-19,2024-12-26,5.2,3.5,7,OP116,0,none,8.7,0.4022988043334708,0,0,0,2,0.1595820698965984,0
EQX1095,Bulldozer,S006,2024-02-26,2024-03-24,7.3,3.2,27,OP124,0,none,10.5,0.3047618757369642,0,0,0,0,0.10299981362624366,0
EQX1207,Excavator,S001,2025-02-08,2025-02-21,0.3,21.1,13,OP115,1,excessive_idle,21.400000000000002,0.9859812623373241,0,0,0,3,-0.07934640220508449,1
EQX1062,Crane,S009,2025-04-15,2025-04-19,6.1,1.6,4,OP119,0,none,7.699999999999999,0.2077921808062103,0,0,0,2,0.13867998774875068,0
EQX1053,Compactor,S008,2024-06-30,2024-07-08,4.2,0.0,8,OP125,0,none,4.2,0.0,0,0,0,1,0.09650888056229223,0
EQX1185,Compactor,S006,2025-01-26,2025-02-05,7.7,2.8,10,OP131,0,none,10.5,0.2666666412698437,0,0,0,1,0.15711177983120772,0
EQX1183,Crane,S004,2024-05-07,2024-05-08,5.4,1.5,1,OP132,0,none,6.9,0.2173912728418445,0,0,0,2,0.11744449666620554,0
EQX1173,Bulldozer,S008,2025-08-03,2025-08-19,6.9,6.5,16,OP105,0,none,13.4,0.48507459066607533,0,0,0,0,0.12770643659947345,0
EQX1101,Loader,S009,2025-03-12,2025-03-26,6.5,0.0,14,OP109,0,none,6.5,0.0,0,0,0,5,0.09678792207484588,0
EQX1062,Crane,S004,2025-12-12,2025-12-15,2.8,7.9,3,OP112,0,none,10.7,0.7383176880076928,0,0,0,2,0.07429530200316747,0
EQX1162,Loader,S004,2024-05-12,2024-05-25,6.4,0.0,13,OP137,0,none,6.4,0.0,0,0,0,5,0.09918903847880156,0
EQX1171,Bulldozer,S001,2024-02-29,2024-03-16,7.4,8.0,16,OP119,0,none,15.4,0.5194804857480204,0,0,0,0,0.09284120232545678,0
EQX1023,Loader,S003,2024-07-04,2024-07-17,2.9,5.3,13,OP129,0,none,8.2,0.6463413845925141,0,0,0,5,0.10167065380678525,0
EQX1090,Crane,S009,2025-11-23,2025-11-28,4.1,2.7,5,OP125,0,none,6.8,0.3970587651384169,0,0,0,2,0.1454886725790202,0
EQX1027,Crane,S004,2025-04-29,2025-05-05,5.6,2.6,6,OP131,0,none,8.2,0.31707313206425225,0,0,0,2,0.1536811135173723,0
EQX1141,Crane,S001,2025-02-25,2025-03-06,5.5,3.7,9,OP130,0,none,9.2,0.40217386932892735,0,0,0,2,0.16108957163590554,0
EQX1101,Loader,S005,2025-12-21,2025-12-29,4.6,3.9,8,OP111,0,none,8.5,0.4588234754325323,0,0,0,5,0.1313200897393988,0
EQX1051,Excavator,S004,2025-01-09,2025-01-25,8.2,3.8,16,OP107,0,none,12.0,0.31666664027777996,0,0,0,3,0.14696845104246653,0
EQX1192,Bulldozer,S008,2025-05-30,2025-06-22,7.3,5.7,23,OP137,0,none,13.0,0.43846150473373047,0,0,0,0,0.1136043483243101,0
EQX1144,Grader,S004,2025-03-01,2025-03-12,4.6,4.9,11,OP112,0,none,9.5,0.5157894193905875,0,0,0,4,0.1452151152195258,0
EQX1072,Crane,S001,2024-09-08,2024-09-16,8.4,4.7,8,OP133,0,none,13.100000000000001,0.35877859856651917,0,0,0,2,0.14912135185557618,0
EQX1058,Grader,S010,2025-06-13,2025-06-22,7.3,6.5,9,OP121,0,none,13.8,0.4710144586221407,0,0,0,4,0.1430393654575846,0
EQX1096,Grader,S010,2024-09-01,2024-09-13,8.0,6.2,12,OP118,0,none,14.2,0.4366196875619939,0,0,0,4,0.14118306086165122,0
EQX1036,Excavator,S011,2024-11-09,2024-11-17,7.1,1.1,8,OP110,0,none,8.2,0.13414632510410673,0,0,0,3,0.14151719312442967,0
EQX1019,Compactor,S001,2025-03-04,2025-03-11,8.9,9.3,7,OP118,0,none,18.200000000000003,0.5109889829126931,0,0,0,1,0.06911243025081748,0
EQX1188,Excavator,S009,2025-01-07,2025-01-20,6.5,5.9,13,OP130,0,none,12.4,0.4758064132414183,0,0,0,3,0.15511275681750847,0
EQX1128,Excavator,S009,2025-10-01,2025-10-23,7.1,7.2,22,OP121,0,none,14.3,0.5034964682869603,0,0,0,3,0.11796847419862083,0
EQX1136,Excavator,S002,2024-12-08,2024-12-20,4.6,4.0,12,OP135,0,none,8.6,0.4651162249864855,0,0,0,3,0.15679388249236026,0
EQX1009,Excavator,S003,2025-08-19,2025-09-05,9.7,4.0,17,OP114,0,none,13.7,0.2919707816079722,0,0,0,3,0.1261291556647013,0
EQX1143,Loader,S003,2024-04-27,2024-05-08,5.4,3.7,11,OP105,0,none,9.100000000000001,0.40659336191281736,0,0,0,5,0.13580747435449914,0
EQX1053,Compactor,S006,2024-12-09,2024-12-14,9.0,3.2,5,OP113,0,none,12.2,0.262295060467618,0,0,0,1,0.1361437070509306,0
EQX1111,Crane,S009,2025-11-05,2025-11-09,10.6,5.0,4,OP113,0,none,15.6,0.3205127999671282,0,0,0,2,0.09504772268262784,0
EQX1215,Compactor,S002,2025-02-19,2025-02-23,4.4,4.8,4,OP102,0,none,9.2,0.5217390737240137,0,0,0,1,0.1372200959487862,0
EQX1052,Excavator,S001,2024-05-03,2024-05-20,6.7,6.2,17,OP111,0,none,12.9,0.48062011778138625,0,0,0,3,0.14487258610240666,0
EQX1058,Grader,S010,2025-10-15,2025-10-20,3.3,1.5,5,OP131,0,none,4.8,0.3124999348958469,0,0,0,4,0.10303432349713793,0
EQX1119,Crane,S001,2024-07-31,2024-08-04,9.2,3.9,4,OP129,0,none,13.1,0.2977099009381755,0,0,0,2,0.13550798069152709,0
EQX1036,Excavator,S008,2024-04-04,2024-04-20,5.6,1.1,16,OP102,0,none,6.699999999999999,0.16417907997327166,0,0,0,3,0.12710856898973022,0
EQX1070,Crane,S007,2025-11-06,2025-11-12,7.2,3.2,6,OP112,0,none,10.4,0.30769227810651173,0,0,0,2,0.15760648086572143,0
EQX1022,Bulldozer,S008,2024-10-17,2024-11-15,9.1,6.5,29,OP120,0,none,15.6,0.4166666399572667,0,0,0,0,0.06684117546271429,0
EQX1154,Grader,S006,2024-06-27,2024-07-07,8.0,3.0,10,OP128,0,none,11.0,0.2727272479338866,0,0,0,4,0.15207223425597277,0
EQX1025,Compactor,S002,2024-10-16,2024-10-22,7.4,1.9,6,OP117,0,none,9.3,0.20430105330096202,0,0,0,1,0.14891024362492927,0
EQX1147,Bulldozer,S008,2025-06-14,2025-07-06,7.9,4.7,22,OP135,0,none,12.600000000000001,0.373015843411441,0,0,0,0,0.1128777516219473,0
EQX1049,Grader,S007,2025-11-11,2025-11-23,6.0,1.9,12,OP127,0,none,7.9,0.24050629867008874,0,0,0,4,0.15063622873950505,0
EQX1058,Grader,S006,2024-12-16,2024-12-29,7.2,3.1,13,OP117,0,none,10.3,0.3009708445659374,0,0,0,4,0.1582464856432635,0
EQX1028,Excavator,UNKNOWN,2024-07-26,2024-08-15,6.6,0.0,20,OP123,1,unassigned_site,6.6,0.0,1,0,0,3,-0.07199014827971884,1
EQX1191,Loader,S012,2024-02-07,2024-02-15,6.6,2.2,8,OP112,0,none,8.8,0.24999997159091233,0,0,0,5,0.13823698268343665,0
EQX1042,Compactor,S002,2024-08-31,2024-09-07,4.0,0.7,7,OP114,0,none,4.7,0.14893613852422583,0,0,0,1,0.10455119464112578,0
EQX1061,Grader,S006,2025-09-09,2025-09-18,1.2,22.4,9,OP133,1,excessive_idle,23.599999999999998,0.9491525021545549,0,0,0,4,-0.08572017989927316,1
EQX1027,Crane,S002,2025-06-21,2025-06-29,9.2,3.8,8,OP117,0,none,13.0,0.29230766982248696,0,0,0,2,0.14330738978048102,0
EQX1017,Grader,S002,2024-12-13,2024-12-24,4.1,5.2,11,OP101,0,none,9.3,0.5591397248236856,0,0,0,4,0.1389468161859218,0
EQX1180,Compactor,S001,2024-03-03,2024-03-11,10.1,2.0,8,OP129,0,none,12.1,0.16528924253807914,0,0,0,1,0.11529189556525904,0
EQX1206,Bulldozer,S008,2024-05-19,2024-06-12,6.4,2.6,24,OP130,0,none,9.0,0.28888885679012705,0,0,0,0,0.10949637201654006,0
EQX1183,Crane,S009,2025-11-05,2025-11-14,7.1,4.6,9,OP133,0,none,11.7,0.3931623595587727,0,0,0,2,0.1562365991406035,0
EQX1186,Grader,S010,2025-06-21,2025-06-30,5.4,6.5,9,OP131,0,none,11.9,0.5462184414942486,0,0,0,4,0.1423354324970924,0
EQX1037,Excavator,S005,2024-04-12,2024-04-27,8.4,4.8,15,OP122,0,none,13.2,0.3636363360881564,0,0,0,3,0.14691147433455048,0
EQX1078,Grader,S006,2025-10-21,2025-11-03,5.1,6.6,13,OP126,0,none,11.7,0.5641025158886739,0,0,0,4,0.13981909812678406,0
EQX1074,Bulldozer,S005,2024-04-28,2024-05-07,6.3,2.7,9,OP119,0,none,9.0,0.2999999666666704,0,0,0,0,0.13256423039940618,0
EQX1152,Loader,S003,2024-03-19,2024-04-01,5.7,0.0,13,OP136,0,none,5.7,0.0,0,0,0,5,0.09219790061630506,0
EQX1047,Bulldozer,S008,2025-05-31,2025-06-23,5.5,3.7,23,OP132,0,none,9.2,0.40217386932892735,0,0,0,0,0.11580846068154821,0
EQX1166,Bulldozer,S005,2024-06-21,2024-07-03,7.3,7.4,12,OP104,0,none,14.7,0.5034013262992296,0,0,0,0,0.11462456588999448,0
EQX1191,Loader,S005,2024-03-06,2024-03-14,5.9,6.5,8,OP102,0,none,12.4,0.524193506113427,0,0,0,5,0.1241442668148946,0
EQX1076,Bulldozer,S005,2024-01-26,2024-02-14,1.7,6.8,19,OP113,0,none,8.5,0.799999905882364,0,0,0,0,0.03564375480822091,0
EQX1168,Compactor,S002,2025-12-18,2025-12-25,9.1,2.2,7,OP129,0,none,11.3,0.19469024825750017,0,0,0,1,0.13802594429346815,0
EQX1074,Bulldozer,S005,2024-12-08,2024-12-28,1.8,5.4,20,OP127,0,none,7.2,0.7499998958333478,0,0,0,0,0.04334027334765411,0
EQX1203,Crane,S002,2025-01-19,2025-01-27,6.2,5.2,8,OP128,0,none,11.4,0.45614031086488505,0,0,0,2,0.1588303123057539,0
EQX1217,Excavator,S011,2025-02-08,2025-02-11,6.6,2.3,3,OP106,0,none,8.899999999999999,0.25842693725540034,0,0,0,3,0.14840044262850965,0
EQX1216,Compactor,S009,2024-09-28,2024-10-11,4.8,6.7,13,OP101,0,none,11.5,0.5826086449905526,0,0,0,1,0.13364035738171282,0
EQX1003,Loader,S007,2025-09-01,2025-09-15,6.7,1.6,14,OP134,0,none,8.3,0.19277106111192036,0,0,0,5,0.12710474712333003,0
EQX1152,Loader,S009,2024-09-23,2024-09-28,7.1,3.3,5,OP137,0,none,10.399999999999999,0.31730766179734027,0,0,0,5,0.13244170986822024,0
EQX1126,Crane,S003,2025-03-23,2025-03-28,4.1,0.0,5,OP118,0,none,4.1,0.0,0,0,0,2,0.09632454383906797,0
EQX1085,Excavator,S012,2024-03-31,2024-04-07,5.2,7.1,7,OP110,0,none,12.3,0.5772357254279897,0,0,0,3,0.13538441783908867,0
EQX1078,Grader,S010,2024-12-24,2025-01-03,6.1,5.2,10,OP132,0,none,11.3,0.46017695042681855,0,0,0,4,0.15399966620138977,0
EQX1095,Bulldozer,S011,2024-08-06,2024-08-29,4.1,4.6,23,OP118,0,none,8.7,0.5287355714097045,0,0,0,0,0.0986995210988581,0
EQX1111,Crane,S006,2025-01-31,2025-02-05,5.2,1.4,5,OP106,0,none,6.6,0.2121211799816394,0,0,0,2,0.13848487479999771,0
EQX1189,Compactor,S002,2025-04-15,2025-04-25,1.6,5.2,10,OP135,0,none,6.800000000000001,0.7647057698962102,0,0,0,1,0.07708179324531983,0
EQX1062,Crane,S002,2024-05-15,2024-05-23,5.4,5.6,8,OP134,0,none,11.0,0.5090908628099216,0,0,0,2,0.15056216921188237,0
EQX1184,Bulldozer,S005,2025-03-03,2025-03-29,4.5,5.8,26,OP108,0,none,10.3,0.5631067414459474,0,0,0,0,0.09691724588928752,0
EQX1154,Grader,S011,2025-05-11,2025-05-18,5.4,2.5,7,OP124,0,none,7.9,0.31645565614485366,0,0,0,4,0.14640089469712236,0
EQX1043,Compactor,S001,2025-10-11,2025-10-21,8.6,4.2,10,OP116,0,none,12.8,0.3281249743652364,0,0,0,1,0.14696971963220573,0
EQX1133,Grader,S010,2025-06-25,2025-07-05,9.1,6.5,10,OP117,0,none,15.6,0.4166666399572667,0,0,0,4,0.125906816868523,0
EQX1077,Bulldozer,S003,2025-08-16,2025-08-27,7.6,6.5,11,OP101,0,none,14.1,0.4609928751068883,0,0,0,0,0.12613719991967898,0
EQX1111,Crane,S012,2024-03-18,2024-03-23,7.4,1.1,5,OP138,0,none,8.5,0.12941174948097067,0,0,0,2,0.12880796122289412,0
EQX1141,Crane,UNKNOWN,2024-09-05,2024-09-11,5.4,6.3,6,OP132,1,unassigned_site,11.7,0.5384614924391887,1,0,0,2,-0.03198938309854449,1
EQX1023,Loader,S003,2025-02-20,2025-02-27,3.5,5.4,7,OP120,0,none,8.9,0.6067415048605052,0,0,0,5,0.10677837579797039,0
EQX1024,Loader,S008,2025-04-10,2025-04-23,3.5,6.6,13,OP119,0,none,10.1,0.6534652818351206,0,0,0,5,0.1053274169448481,0
EQX1032,Loader,S005,2024-05-20,2024-06-01,6.6,4.1,12,OP133,0,none,10.7,0.3831775342824735,0,0,0,5,0.1462896027513878,0
EQX1189,Compactor,S006,2025-11-27,2025-12-03,8.1,4.6,6,OP106,0,none,12.7,0.362204695889394,0,0,0,1,0.14590030785589175,0
EQX1189,Compactor,S002,2025-02-19,2025-02-26,5.6,0.0,7,OP107,0,none,5.6,0.0,0,0,0,1,0.111526463285748,0
EQX1078,Grader,S006,2025-09-01,2025-09-08,4.9,1.0,7,OP105,0,none,5.9,0.1694914966963565,0,0,0,4,0.1242052030891368,0
EQX1123,Excavator,S011,2024-03-04,2024-03-25,8.8,3.5,21,OP111,0,none,12.3,0.2845528223940795,0,0,0,3,0.1256962909328761,0
EQX1105,Compactor,S006,2024-09-05,2024-09-15,7.3,2.3,10,OP125,0,none,9.6,0.23958330837673872,0,0,0,1,0.15446321978170913,0
EQX1193,Excavator,S009,2025-12-19,2025-12-30,7.8,2.3,11,OP138,0,none,10.1,0.22772274973042084,0,0,0,3,0.15303744831423216,0
EQX1004,Grader,S011,2025-02-10,2025-02-21,7.7,2.1,11,OP132,0,none,9.8,0.2142856924198273,0,0,0,4,0.15058637303828876,0
EQX1196,Excavator,S004,2025-12-16,2025-12-25,10.7,3.4,9,OP101,0,none,14.1,0.24113473467129543,0,0,0,3,0.11540449603226743,0
EQX1008,Compactor,S006,2024-03-23,2024-03-31,4.7,3.7,8,OP115,0,none,8.4,0.440476138038555,0,0,0,1,0.15250072069348064,0
EQX1161,Excavator,S009,2025-11-13,2025-11-24,8.4,4.2,11,OP103,0,none,12.600000000000001,0.333333306878309,0,0,0,3,0.151631131906928,0
EQX1030,Grader,S007,2025-12-05,2025-12-17,7.8,0.0,12,OP104,0,none,7.8,0.0,0,0,0,4,0.11838235205546704,0
EQX1025,Compactor,S010,2024-09-26,2024-10-11,8.2,3.9,15,OP119,0,none,12.1,0.3223140229492543,0,0,0,1,0.14328201269650553,0
EQX1165,Grader,S006,2025-06-24,2025-06-27,8.0,4.8,3,OP119,0,none,12.8,0.3749999707031273,0,0,0,4,0.13308988840119163,0
EQX1030,Grader,S006,2024-01-23,2024-01-30,8.5,1.9,7,OP111,0,none,10.4,0.18269229012574134,0,0,0,4,0.1403428034837848,0
EQX1113,Bulldozer,S003,2025-02-07,2025-03-05,6.9,1.2,26,OP136,0,none,8.1,0.1481481298582556,0,0,0,0,0.06708852559028183,0
EQX1214,Compactor,S001,2024-04-24,2024-05-01,6.7,1.2,7,OP118,0,none,7.9,0.15189871494952975,0,0,0,1,0.14027461117016593,0
EQX1140,Excavator,S003,2024-03-21,2024-03-29,6.1,6.4,8,OP115,0,none,12.5,0.5119999590400033,0,0,0,3,0.1487137679377762,0
EQX1126,Crane,S004,2024-08-16,2024-08-17,5.2,0.6,1,OP115,0,none,5.8,0.1034482580261624,0,0,0,2,0.08415684020504977,0
EQX1088,Crane,S001,2025-09-04,2025-09-13,6.7,7.2,9,OP117,0,none,13.9,0.5179855742456422,0,0,0,2,0.14080156774940805,0
EQX1045,Compactor,S006,2024-12-26,2025-01-04,2.9,7.9,9,OP105,0,none,10.8,0.7314814137517209,0,0,0,1,0.09243907935184914,0
EQX1042,Compactor,S002,2025-10-04,2025-10-18,6.5,6.2,14,OP127,0,none,12.7,0.488188937937879,0,0,0,1,0.1443352075972138,0
EQX1172,Crane,S001,2024-09-14,2024-09-23,7.0,6.3,9,OP109,0,none,13.3,0.47368417491096426,0,0,0,2,0.15040353535749262,0
EQX1030,Grader,S010,2025-01-13,2025-01-30,6.0,5.0,17,OP127,0,none,11.0,0.4545454132231443,0,0,0,4,0.13993037087253363,0
EQX1215,Compactor,S007,2024-12-02,2024-12-12,7.2,8.3,10,OP110,0,none,15.5,0.5354838364203978,0,0,0,1,0.11438304836000263,0
EQX1152,Loader,S004,2025-12-08,2025-12-19,6.5,1.2,11,OP134,0,none,7.7,0.1558441356046577,0,0,0,5,0.11860145909297409,0
EQX1053,Compactor,S007,2024-03-15,2024-03-18,4.4,2.9,3,OP122,0,none,7.300000000000001,0.3972602195533945,0,0,0,1,0.13796998576894748,0
EQX1139,Compactor,S001,2025-06-16,2025-06-23,7.1,2.0,7,OP103,0,none,9.1,0.21978019562854995,0,0,0,1,0.1544967107147563,0
EQX1191,Loader,S005,2025-10-15,2025-10-22,6.8,4.1,7,OP139,0,none,10.899999999999999,0.3761467544819492,0,0,0,5,0.14392543334913038,0
EQX1112,Excavator,S001,2024-06-14,2024-06-24,6.6,0.2,10,OP115,0,none,6.8,0.029411760380623476,0,0,0,3,0.11288596649558286,0
EQX1051,Excavator,S011,2024-12-04,2024-12-25,6.8,6.4,21,OP126,0,none,13.2,0.4848484481175419,0,0,0,3,0.13240313904596712,0
EQX1167,Compactor,S006,2024-12-21,2024-12-27,3.9,1.9,6,OP135,0,none,5.8,0.32758615041618094,0,0,0,1,0.13051635969192343,0
EQX1154,Grader,S012,2024-03-15,2024-03-31,4.5,8.8,16,OP132,0,none,13.3,0.6616540855899185,0,0,0,4,0.08296285522141827,0
EQX1073,Loader,S008,2025-07-09,2025-07-22,8.6,3.6,13,OP117,0,none,12.2,0.29508194302607027,0,0,0,5,0.13144858412742572,0
EQX1034,Bulldozer,S003,2024-10-08,2024-10-25,3.5,4.1,17,OP101,0,none,7.6,0.5394736132271561,0,0,0,0,0.09847164224768251,0
EQX1070,Crane,S011,2024-10-28,2024-11-03,2.3,2.9,6,OP135,0,none,5.199999999999999,0.5576922004438076,0,0,0,2,0.09251549998107989,0
EQX1047,Bulldozer,S008,2025-11-17,2025-12-03,8.3,3.9,16,OP137,0,none,12.200000000000001,0.31967210494490944,0,0,0,0,0.12768283008297593,0
EQX1146,Bulldozer,S008,2025-05-28,2025-05-30,6.0,0.0,2,OP124,0,none,6.0,0.0,0,0,0,0,0.0537211336909344,0
EQX1019,Compactor,S004,2025-06-08,2025-06-17,5.2,4.7,9,OP117,0,none,9.9,0.47474742679318926,0,0,0,1,0.15480008551270463,0
EQX1040,Grader,S001,2024-12-30,2025-01-07,7.4,0.0,8,OP119,0,none,7.4,0.0,0,0,0,4,0.1217035523134245,0
EQX1020,Grader,S010,2025-01-31,2025-02-10,6.9,3.8,10,OP127,0,none,10.7,0.3551401537252193,0,0,0,4,0.15881949191239303,0
EQX1117,Compactor,S010,2024-01-25,2024-01-28,3.5,2.5,3,OP123,0,none,6.0,0.41666659722223376,0,0,0,1,0.11794769349510087,0
EQX1066,Grader,S010,2024-11-24,2024-12-07,4.9,7.0,13,OP121,0,none,11.9,0.5882352446861139,0,0,0,4,0.13327967232919702,0
EQX1097,Bulldozer,S005,2025-04-09,2025-05-11,11.4,2.7,32,OP115,0,none,14.100000000000001,0.19148934812132284,0,0,0,0,0.003497917027348252,0
EQX1071,Excavator,S001,2024-11-19,2024-11-26,6.0,7.2,7,OP119,0,none,13.2,0.5454545041322346,0,0,0,3,0.14160858951711447,0
EQX1035,Crane,S004,2024-03-01,2024-03-08,7.6,2.2,7,OP133,0,none,9.8,0.22448977301124767,0,0,0,2,0.152445573170105,0
EQX1166,Bulldozer,S009,2025-03-18,2025-04-01,4.3,0.0,14,OP110,0,none,4.3,0.0,0,0,0,0,0.05712501202963105,0
EQX1081,Grader,S007,2024-08-14,2024-08-19,10.5,6.3,5,OP103,0,none,16.8,0.3749999776785727,0,0,0,4,0.08278003922411614,0
EQX1024,Loader,S003,2024-11-23,2024-12-06,3.7,6.6,13,OP133,0,none,10.3,0.6407766368178022,0,0,0,5,0.10792540275915741,0
EQX1152,Loader,S008,2025-11-01,2025-11-09,8.2,1.4,8,OP126,0,none,9.6,0.1458333181423627,0,0,0,5,0.11867838843013889,0
EQX1183,Crane,S001,2024-12-26,2025-01-03,5.1,3.9,8,OP122,0,none,9.0,0.43333328518519054,0,0,0,2,0.1587820394142243,0
EQX1210,Crane,S002,2024-09-07,2024-09-17,5.6,0.9,10,OP104,0,none,6.5,0.1384615171597666,0,0,0,2,0.12927074084382367,0
EQX1219,Loader,S003,2024-11-05,2024-11-18,5.3,4.8,13,OP101,0,none,10.1,0.4752474776982696,0,0,0,5,0.13563896577415474,0
EQX1215,Compactor,S009,2024-05-09,2024-05-12,7.5,2.3,3,OP128,0,none,9.8,0.23469385360266798,0,0,0,1,0.144216899624926,0
EQX1065,Grader,S006,2025-05-25,2025-06-12,6.6,6.6,18,OP101,0,none,13.2,0.499999962121215,0,0,0,4,0.12184879963379813,0
EQX1045,Compactor,S009,2025-04-10,2025-04-12,5.0,2.6,2,OP111,0,none,7.6,0.34210521814405026,0,0,0,1,0.12753559979079637,0
EQX1165,Grader,S007,2024-07-04,2024-07-16,4.5,8.6,12,OP103,0,none,13.1,0.6564884995046947,0,0,0,4,0.09966233559129473,0
EQX1042,Compactor,S011,2024-09-14,2024-09-28,10.5,1.1,14,OP121,0,none,11.6,0.09482757803210536,0,0,0,1,0.08174447858195905,0
EQX1106,Compactor,S009,2025-02-18,2025-02-23,8.5,0.0,5,OP108,0,none,8.5,0.0,0,0,0,1,0.11113858995865666,0
EQX1165,Grader,S007,2024-09-23,2024-10-03,7.5,3.8,10,OP117,0,none,11.3,0.3362831560811366,0,0,0,4,0.15491372913685947,0
EQX1195,Excavator,S007,2025-03-03,2025-03-11,8.4,4.0,8,OP137,0,none,12.4,0.32258061914672426,0,0,0,3,0.1501944826086693,0
EQX1090,Crane,S005,2025-01-07,2025-01-15,6.4,1.4,8,OP129,0,none,7.800000000000001,0.17948715647600555,0,0,0,2,0.14585253452046926,0
EQX1107,Crane,S004,2024-08-21,2024-08-30,6.3,5.4,9,OP105,0,none,11.7,0.46153842209073326,0,0,0,2,0.1579550060543442,0
EQX1094,Bulldozer,S005,2025-01-04,2025-01-18,5.3,3.1,14,OP123,0,none,8.4,0.36904757511338393,0,0,0,0,0.12927118804965537,0
EQX1128,Excavator,S011,2025-01-10,2025-01-25,4.9,4.1,15,OP130,0,none,9.0,0.45555550493827723,0,0,0,3,0.15479362147393427,0
EQX1009,Excavator,S009,2025-01-19,2025-02-03,8.5,2.7,15,OP125,0,none,11.2,0.24107140704719585,0,0,0,3,0.14612610829393852,0
EQX1035,Crane,S004,2024-10-29,2024-11-07,7.2,0.6,9,OP105,0,none,7.8,0.07692306706114524,0,0,0,2,0.12180637793154919,0
EQX1091,Excavator,S001,2025-03-24,2025-04-11,3.0,4.5,18,OP117,0,none,7.5,0.5999999200000107,0,0,0,3,0.11085950335610467,0
EQX1061,Grader,S006,2025-04-15,2025-04-23,8.2,2.1,8,OP137,0,none,10.299999999999999,0.20388347535111895,0,0,0,4,0.14878446936390993,0
EQX1214,Compactor,S010,2024-02-20,2024-02-27,5.6,3.8,7,OP101,0,none,9.399999999999999,0.4042552761430558,0,0,0,1,0.1592254986197924,0
EQX1084,Excavator,S002,2025-09-12,2025-09-24,6.3,3.0,12,OP104,0,none,9.3,0.3225806104752032,0,0,0,3,0.16398818689072114,0
EQX1017,Grader,S010,2025-07-13,2025-07-28,0.3,1.0,15,OP116,0,none,1.3,0.7692301775152481,0,0,0,4,-0.06063224448882276,1
EQX1175,Excavator,S003,2025-03-24,2025-04-01,5.9,1.0,8,OP118,0,none,6.9,0.14492751522789632,0,0,0,3,0.139011894623369,0
EQX1203,Crane,S004,2024-01-22,2024-01-25,5.7,4.0,3,OP129,0,none,9.7,0.41237109150813495,0,0,0,2,0.15147008308230175,0
EQX1122,Grader,S006,2024-02-26,2024-03-01,8.2,4.9,4,OP125,0,none,13.1,0.3740457729736052,0,0,0,4,0.13675685925838782,0
EQX1154,Grader,S004,2024-03-03,2024-03-07,3.9,3.0,4,OP136,0,none,6.9,0.434782545683689,0,0,0,4,0.12445402499396302,0
EQX1147,Bulldozer,S011,2024-02-15,2024-03-16,5.5,0.4,30,OP106,0,none,5.9,0.0677965986785426,0,0,0,0,0.027650176037939733,0
EQX1178,Loader,S003,2024-10-30,2025-01-06,7.6,2.3,68,OP107,1,extended_rental,9.899999999999999,0.23232320885624155,0,0,0,5,-0.021400731590410338,1
EQX1143,Loader,S012,2024-03-22,2024-04-01,7.3,3.0,10,OP103,0,none,10.3,0.2912621076444556,0,0,0,5,0.14261025053180665,0
EQX1218,Excavator,S001,2025-08-05,2025-08-18,4.2,3.9,13,OP132,0,none,8.1,0.48148142203933064,0,0,0,3,0.1520394927460631,0
EQX1127,Bulldozer,S006,2024-04-27,2024-05-16,2.1,2.2,19,OP139,0,none,4.300000000000001,0.5116277879935376,0,0,0,0,0.043854911748627545,0
EQX1216,Compactor,S006,2024-08-06,2024-08-09,6.1,0.4,3,OP118,0,none,6.5,0.061538452071007374,0,0,0,1,0.0999100444902642,0
EQX1018,Excavator,S011,2025-01-21,2025-01-27,3.6,3.5,6,OP120,0,none,7.1,0.4929576770482145,0,0,0,3,0.13107482264611015,0
EQX1073,Loader,S001,2025-04-27,2025-04-30,4.1,2.0,3,OP139,0,none,6.1,0.327868798710033,0,0,0,5,0.09425603880695838,0
EQX1048,Bulldozer,S007,2025-05-15,2025-05-26,7.2,2.3,11,OP128,0,none,9.5,0.24210523767313288,0,0,0,0,0.13085526894151372,0
EQX1073,Loader,S003,2025-04-10,2025-04-24,9.1,0.4,14,OP111,0,none,9.5,0.04210525872576225,0,0,0,5,0.08358849797939072,0
EQX1215,Compactor,S006,2024-10-17,2024-10-24,2.3,9.3,7,OP129,0,none,11.600000000000001,0.8017240688168906,0,0,0,1,0.041132868487939345,0
EQX1163,Bulldozer,S010,2024-08-11,2024-08-30,5.5,0.0,19,OP136,0,none,5.5,0.0,0,0,0,0,0.07114981763238232,0
EQX1005,Excavator,S004,2024-08-22,2024-09-05,9.2,0.8,14,OP123,0,none,10.0,0.07999999200000081,0,0,0,3,0.10813979358860598,0
EQX1085,Excavator,S001,2024-03-20,2024-03-25,7.8,6.1,5,OP113,0,none,13.899999999999999,0.43884888929144683,0,0,0,3,0.13818921565958697,0
EQX1196,Excavator,S005,2025-06-08,2025-06-15,5.9,1.9,7,OP103,0,none,7.800000000000001,0.24358971236029325,0,0,0,3,0.1547931088987896,0
EQX1135,Grader,S006,2025-08-29,2025-09-07,5.4,3.6,9,OP104,0,none,9.0,0.39999995555556056,0,0,0,4,0.15358682645695937,0
EQX1143,Loader,S012,2025-11-17,2025-11-25,6.8,3.1,8,OP123,0,none,9.9,0.3131312815018908,0,0,0,5,0.1416409547273958,0
EQX1174,Loader,S002,2024-10-06,2024-10-16,4.4,0.3,10,OP112,0,none,4.7,0.06382977365323964,0,0,0,5,0.07611763473126504,0
EQX1011,Bulldozer,S005,2025-05-15,2025-06-13,8.7,1.2,29,OP111,0,none,9.899999999999999,0.12121210896847387,0,0,0,0,0.055002515571968225,0
EQX1041,Crane,S004,2025-02-21,2025-02-25,6.1,5.0,4,OP116,0,none,11.1,0.4504504098693325,0,0,0,2,0.14910902158406447,0
EQX1023,Loader,UNKNOWN,2024-10-12,2024-10-18,3.5,5.4,6,OP109,1,unassigned_site,8.9,0.6067415048605052,1,0,0,5,-0.06887543934334384,1
EQX1125,Excavator,S010,2025-05-23,2025-06-04,7.0,4.9,12,OP105,0,none,11.9,0.41176467128027977,0,0,0,3,0.1579977291803063,0
EQX1024,Loader,S012,2024-01-18,2024-01-30,10.3,2.9,12,OP128,0,none,13.200000000000001,0.21969695305326112,0,0,0,5,0.10079055225548167,0
EQX1056,Compactor,S003,2025-05-20,2025-06-03,9.0,1.7,14,UNKNOWN,1,no_operator,10.7,0.15887848982444022,0,1,0,1,-0.04676762646034982,1
EQX1174,Loader,S012,2025-09-04,2025-09-21,4.2,2.3,17,OP105,0,none,6.5,0.35384609940829237,0,0,0,5,0.10810540166099342,0
EQX1101,Loader,S010,2024-09-24,2024-10-08,5.4,0.0,14,OP120,0,none,5.4,0.0,0,0,0,5,0.08521163093891992,0
EQX1027,Crane,S004,2025-10-26,2025-11-03,7.7,3.7,8,OP104,0,none,11.4,0.3245613750384759,0,0,0,2,0.15495455180806056,0
EQX1089,Excavator,S011,2025-11-11,2025-11-25,0.8,22.5,14,OP105,1,excessive_idle,23.3,0.9656651946066439,0,0,0,3,-0.08844075684603425,1
EQX1181,Loader,S008,2024-07-03,2024-07-18,6.7,2.6,15,OP139,0,none,9.3,0.2795698624118428,0,0,0,5,0.13872261462047203,0
EQX1133,Grader,S007,2024-10-28,2024-11-06,5.0,0.7,9,OP103,0,none,5.7,0.12280699599877262,0,0,0,4,0.11584004051052854,0
EQX1128,Excavator,S012,2024-03-21,2024-04-06,7.6,0.0,16,OP102,0,none,7.6,0.0,0,0,0,3,0.11206708899568973,0
EQX1037,Excavator,S011,2025-06-08,2025-06-20,10.6,6.2,12,OP111,0,none,16.8,0.36904759708050017,0,0,0,3,0.09282466288447239,0
EQX1130,Grader,S009,2025-12-16,2025-12-27,2.9,3.3,11,OP133,0,none,6.199999999999999,0.532257978668068,0,0,0,4,0.11241437201529458,0
EQX1032,Loader,S005,2025-03-11,2025-03-19,5.8,5.7,8,OP133,0,none,11.5,0.49565213081285825,0,0,0,5,0.13723915346586246,0
EQX1021,Compactor,S010,2025-03-18,2025-03-27,6.6,2.7,9,OP131,0,none,9.3,0.2903225494276829,0,0,0,1,0.16387306645851485,0
EQX1139,Compactor,S010,2024-02-17,2024-02-25,6.2,0.0,8,OP137,0,none,6.2,0.0,0,0,0,1,0.12185579728580398,0
EQX1061,Grader,S010,2025-07-06,2025-07-22,5.7,0.0,16,OP139,0,none,5.7,0.0,0,0,0,4,0.09689959975229684,0
EQX1065,Grader,S010,2025-02-14,2025-02-20,5.9,2.8,6,OP121,0,none,8.7,0.32183904346677666,0,0,0,4,0.15422381439772087,0
EQX1152,Loader,S001,2024-02-09,2024-05-02,0.9,0.0,83,OP113,1,extended_rental,0.9,0.0,0,0,0,5,-0.16693653846403933,1
EQX1008,Compactor,S004,2024-12-19,2024-12-26,9.2,1.5,7,OP123,0,none,10.7,0.1401869027862708,0,0,0,1,0.1277629971266847,0
EQX1172,Crane,S006,2025-03-18,2025-03-27,5.8,7.6,9,OP101,0,none,13.399999999999999,0.5671641367787958,0,0,0,2,0.13426495786841364,0
EQX1070,Crane,S003,2025-11-13,2025-11-21,10.1,3.0,8,OP123,0,none,13.1,0.22900761610628886,0,0,0,2,0.12363720295442682,0
EQX1010,Crane,S009,2025-11-27,2025-12-03,1.6,4.4,6,OP130,0,none,6.0,0.7333332111111315,0,0,0,2,0.078177366803521,0
EQX1122,Grader,S006,2025-02-17,2025-02-27,5.1,1.9,10,OP107,0,none,7.0,0.27142853265306677,0,0,0,4,0.1438221873823632,0
EQX1177,Crane,S001,2025-04-18,2025-04-23,7.2,5.3,5,OP139,0,none,12.5,0.42399996608000273,0,0,0,2,0.1488917215328266,0
EQX1197,Grader,S006,2025-03-25,2025-03-29,7.0,4.5,4,OP112,0,none,11.5,0.39130431379962494,0,0,0,4,0.14546559688756278,0
EQX1059,Excavator,S002,2024-04-21,2024-04-25,5.1,6.5,4,OP135,0,none,11.6,0.5603447792806225,0,0,0,3,0.13612849679147648,0
EQX1144,Grader,S010,2024-07-12,2024-07-24,7.4,5.7,12,OP118,0,none,13.100000000000001,0.4351144706019488,0,0,0,4,0.1459356065229206,0
EQX1210,Crane,S008,2025-01-09,2025-01-17,8.3,2.8,8,OP101,0,none,11.100000000000001,0.25225222952682613,0,0,0,2,0.1492227168930782,0
EQX1027,Crane,S001,2025-11-09,2025-11-17,5.0,3.6,8,OP137,0,none,8.6,0.418604602487837,0,0,0,2,0.15749894418793214,0
EQX1161,Excavator,S002,2025-06-11,2025-06-21,7.2,0.0,10,OP128,0,none,7.2,0.0,0,0,0,3,0.12440254570499265,0
EQX1219,Loader,S011,2025-09-27,2025-10-08,3.9,1.8,11,OP137,0,none,5.7,0.3157894182825582,0,0,0,5,0.11006613357901723,0
EQX1068,Bulldozer,S005,2024-04-17,2024-04-27,5.4,4.3,10,OP118,0,none,9.7,0.44329892337124505,0,0,0,0,0.13052717846095402,0
EQX1196,Excavator,S012,2025-05-17,2025-05-24,8.1,0.5,7,OP120,0,none,8.6,0.05813952812331069,0,0,0,3,0.1190807523008432,0
EQX1080,Compactor,S010,2025-04-12,2025-04-17,6.6,5.9,5,OP105,0,none,12.5,0.47199996224000307,0,0,0,1,0.14723138732656282,0
EQX1116,Loader,S004,2025-07-02,2025-07-17,6.9,4.7,15,OP127,0,none,11.600000000000001,0.40517237886445007,0,0,0,5,0.1399785887171084,0
EQX1091,Excavator,S008,2025-05-05,2025-05-15,7.3,5.9,10,OP135,0,none,13.2,0.44696966310835895,0,0,0,3,0.1532602232358245,0
EQX1174,Loader,S001,2025-04-14,2025-04-19,7.9,6.3,5,OP121,0,none,14.2,0.44366194058718733,0,0,0,5,0.11287377102215507,0
EQX1161,Excavator,S004,2025-01-22,2025-02-01,2.1,6.0,10,OP103,0,none,8.1,0.7407406492912779,0,0,0,3,0.0926294194626785,0
EQX1107,Crane,S012,2025-06-17,2025-06-24,7.5,2.1,7,OP110,0,none,9.6,0.21874997721354408,0,0,0,2,0.15197643110699804,0
EQX1058,Grader,S010,2024-11-03,2024-11-09,6.5,3.6,6,OP110,0,none,10.1,0.3564356082737022,0,0,0,4,0.15438141642545689,0
EQX1167,Compactor,S007,2024-11-08,2024-11-14,6.1,1.1,6,OP125,0,none,7.199999999999999,0.15277775655864495,0,0,0,1,0.13311915596173052,0
EQX1177,Crane,S004,2024-12-05,2024-12-14,8.6,8.3,9,OP113,0,none,16.9,0.49112423129442423,0,0,0,2,0.10046232469095495,0
EQX1043,Compactor,S006,2024-06-16,2024-06-26,4.6,2.1,10,OP108,0,none,6.699999999999999,0.31343278903988225,0,0,0,1,0.1437649662350559,0
EQX1075,Excavator,S004,2025-08-19,2025-08-28,7.8,3.7,9,OP137,0,none,11.5,0.3217391024574694,0,0,0,3,0.1549020303241488,0
EQX1151,Compactor,S001,2024-12-03,2024-12-12,8.3,5.4,9,OP116,0,none,13.700000000000001,0.39416055517076243,0,0,0,1,0.14682478802061694,0
EQX1105,Compactor,S010,2024-11-05,2024-11-16,6.0,3.6,11,OP137,0,none,9.6,0.3749999609375041,0,0,0,1,0.15882771120596667,0
EQX1113,Bulldozer,S012,2024-12-01,2024-12-28,11.0,4.2,27,OP101,0,none,15.2,0.2763157712950151,0,0,0,0,0.03970411389176304,0
EQX1215,Compactor,S012,2024-07-30,2024-08-07,4.8,7.2,8,OP124,0,none,12.0,0.5999999500000042,0,0,0,1,0.1331319096257529,0
EQX1175,Excavator,S007,2024-11-17,2024-11-30,6.0,3.5,13,OP109,0,none,9.5,0.36842101385041964,0,0,0,3,0.16442317977365817,0
EQX1056,Compactor,S001,2025-10-26,2025-11-04,4.3,6.3,9,OP128,0,none,10.6,0.594339566571739,0,0,0,1,0.14125135847911963,0
EQX1031,Compactor,S006,2024-12-07,2024-12-13,7.3,0.0,6,OP121,0,none,7.3,0.0,0,0,0,1,0.11353074015022552,0
EQX1035,Crane,S012,2025-10-31,2025-11-07,5.2,2.0,7,OP116,0,none,7.2,0.27777773919753623,0,0,0,2,0.14919874192445354,0
EQX1043,Compactor,S004,2024-10-20,2024-10-29,4.1,3.3,9,OP101,0,none,7.3999999999999995,0.44594588568298843,0,0,0,1,0.14196559502589196,0
EQX1177,Crane,S009,2025-05-26,2025-06-02,11.9,3.5,7,OP103,0,none,15.4,0.22727271251475895,0,0,0,2,0.07599583038681601,0
EQX1102,Grader,S010,2024-11-06,2024-11-09,9.4,1.9,3,OP136,0,none,11.3,0.1681415780405683,0,0,0,4,0.10741643922395311,0
EQX1164,Excavator,S002,2025-10-12,2025-10-18,9.2,0.4,6,OP103,0,none,9.6,0.041666662326389346,0,0,0,3,0.10039796525473826,0
EQX1150,Excavator,S007,2024-03-14,2024-03-28,5.5,0.0,14,OP135,0,none,5.5,0.0,0,0,0,3,0.11375105015419268,0
EQX1034,Bulldozer,S010,2025-03-07,2025-03-27,4.9,6.6,20,OP130,0,none,11.5,0.5739129935727831,0,0,0,0,0.10444685183870323,0
EQX1051,Excavator,S012,2024-06-20,2024-07-08,3.1,3.6,18,OP107,0,none,6.7,0.5373133526397981,0,0,0,3,0.11511940317490338,0
EQX1023,Loader,S009,2025-05-16,2025-05-29,9.7,0.2,13,OP106,0,none,9.899999999999999,0.020202018161412313,0,0,0,5,0.07110547506781001,0
EQX1088,Crane,S001,2025-05-06,2025-05-10,3.0,4.8,4,OP136,0,none,7.8,0.6153845364891619,0,0,0,2,0.11365626400636308,0
EQX1165,Grader,S006,2024-11-28,2024-12-11,8.6,4.5,13,OP111,0,none,13.1,0.3435114241594333,0,0,0,4,0.14638171478441175,0
EQX1009,Excavator,S008,2025-06-09,2025-06-14,6.3,2.4,5,OP124,0,none,8.7,0.2758620372572371,0,0,0,3,0.1548510592520958,0
EQX1167,Compactor,S002,2024-06-12,2024-06-22,6.2,4.3,10,OP121,0,none,10.5,0.40952377052154565,0,0,0,1,0.16051467103754968,0
EQX1053,Compactor,S010,2024-10-02,2024-10-06,9.2,5.7,4,OP128,0,none,14.899999999999999,0.3825503098959524,0,0,0,1,0.1252000628666921,0
EQX1005,Excavator,S008,2025-10-18,2025-10-22,3.7,0.0,4,OP137,0,none,3.7,0.0,0,0,0,3,0.0788441924862387,0
EQX1031,Compactor,S012,2024-08-26,2024-09-03,7.2,6.6,8,OP134,0,none,13.8,0.47826083490863514,0,0,0,1,0.15081696398825511,0
EQX1098,Excavator,S004,2025-03-20,2025-03-31,4.5,4.5,11,OP112,0,none,9.0,0.4999999444444507,0,0,0,3,0.15270174420085425,0
EQX1073,Loader,S009,2024-01-28,2024-02-14,9.9,4.7,17,OP115,0,none,14.600000000000001,0.32191778617001465,0,0,0,5,0.10038011987180706,0
EQX1023,Loader,S001,2025-03-21,2025-04-06,4.6,6.0,16,OP131,0,none,10.6,0.5660376824492753,0,0,0,5,0.11337103370280521,0
EQX1033,Bulldozer,S008,2025-02-11,2025-02-24,5.9,5.9,13,OP121,0,none,11.8,0.4999999576271223,0,0,0,0,0.13165615711548084,0
EQX1067,Grader,S006,2024-12-24,2025-01-06,10.1,6.0,13,OP124,0,none,16.1,0.3726707843061624,0,0,0,4,0.10285444053457338,0
EQX1052,Excavator,S005,2025-10-05,2025-10-08,3.8,2.6,3,OP132,0,none,6.4,0.4062499365234474,0,0,0,3,0.12114463835368311,0
EQX1016,Bulldozer,S003,2025-01-21,2025-02-10,4.4,2.4,20,OP138,0,none,6.800000000000001,0.3529411245674816,0,0,0,0,0.10767832113604586,0
EQX1132,Loader,S009,2024-04-05,2024-04-19,4.3,4.2,14,OP115,0,none,8.5,0.49411758892734253,0,0,0,5,0.12780833584223927,0
EQX1112,Excavator,S012,2024-02-12,2024-02-21,8.3,5.9,9,OP124,0,none,14.200000000000001,0.4154929284864135,0,0,0,3,0.14232022022732654,0
EQX1069,Excavator,S005,2024-12-25,2025-01-11,5.0,0.4,17,OP115,0,none,5.4,0.07407406035665548,0,0,0,3,0.10086077779921965,0
EQX1053,Compactor,S007,2025-08-25,2025-09-04,2.2,2.9,10,OP114,0,none,5.1,0.5686273394848353,0,0,0,1,0.09347212545771866,0
EQX1058,Grader,S009,2024-11-12,2024-11-22,5.1,2.8,10,OP112,0,none,7.8999999999999995,0.3544303348822361,0,0,0,4,0.15351724650985638,0
EQX1197,Grader,S007,2024-07-25,2024-07-28,3.6,0.2,3,OP110,0,none,3.8000000000000003,0.05263156509695655,0,0,0,4,0.0628531740676454,0
EQX1102,Grader,S010,2025-10-02,2025-10-14,8.5,4.5,12,OP136,0,none,13.0,0.34615381952662927,0,0,0,4,0.14785111526517963,0
EQX1190,Bulldozer,S007,2025-01-01,2025-01-18,9.3,2.4,17,OP109,0,none,11.700000000000001,0.2051281875958814,0,0,0,0,0.09923798343455198,0
EQX1007,Compactor,S001,2024-01-11,2024-01-18,6.2,2.1,7,OP131,0,none,8.3,0.25301201770939546,0,0,0,1,0.15593948051611378,0
EQX1045,Compactor,S009,2024-03-12,2024-03-17,3.8,6.4,5,OP132,0,none,10.2,0.627450918877361,0,0,0,1,0.12661808130063928,0
EQX1177,Crane,S002,2024-02-14,2024-02-20,7.4,4.4,6,OP119,0,none,11.8,0.3728813243320912,0,0,0,2,0.15437128921884247,0
EQX1035,Crane,S002,2024-10-20,2024-10-28,7.7,3.0,8,OP102,0,none,10.7,0.2803738055725416,0,0,0,2,0.156604986375818,0
EQX1065,Grader,S010,2025-12-10,2025-12-14,9.2,3.0,4,OP131,0,none,12.2,0.2459016191883919,0,0,0,4,0.12437309837005645,0
EQX1027,Crane,S009,2024-05-10,2024-05-14,5.9,7.1,4,OP102,0,none,13.0,0.5461538041420151,0,0,0,2,0.1326908504812898,0
EQX1191,Loader,S005,2024-08-28,2024-09-16,5.8,2.4,19,OP137,0,none,8.2,0.2926828911362328,0,0,0,5,0.11635013365634816,0
EQX1046,Compactor,S006,2024-04-16,2024-04-23,0.6,23.0,7,OP128,1,excessive_idle,23.6,0.9745762298908376,0,0,0,1,-0.09962352003644104,1
EQX1193,Excavator,S001,2025-11-08,2025-11-21,8.6,5.7,13,OP116,0,none,14.3,0.3986013707271769,0,0,0,3,0.14028798882050814,0
EQX1206,Bulldozer,S009,2024-10-17,2024-11-30,6.8,0.0,44,OP111,0,none,6.8,0.0,0,0,0,0,-0.016297877654454007,1
EQX1019,Compactor,S002,2025-03-15,2025-03-27,8.8,3.2,12,OP122,0,none,12.0,0.2666666444444463,0,0,0,1,0.14007428209380118,0
EQX1038,Crane,S001,2024-02-15,2024-02-21,8.5,0.0,6,OP110,0,none,8.5,0.0,0,0,0,2,0.11537937253409619,0
EQX1185,Compactor,S001,2024-12-17,2024-12-21,5.6,4.9,4,OP132,0,none,10.5,0.46666662222222655,0,0,0,1,0.14596312644399712,0
EQX1051,Excavator,S010,2025-05-13,2025-06-07,2.7,1.5,25,OP134,0,none,4.2,0.35714277210886375,0,0,0,3,0.05262481889515008,0
EQX1045,Compactor,S010,2025-11-26,2025-11-30,9.8,2.0,4,OP130,0,none,11.8,0.16949151106004143,0,0,0,1,0.11007153497103861,0
EQX1185,Compactor,S006,2024-08-19,2024-08-25,3.0,4.4,6,OP128,0,none,7.4,0.5945945142439846,0,0,0,1,0.11972893003611623,0
EQX1159,Compactor,S009,2024-08-26,2024-09-03,7.1,4.4,8,OP128,0,none,11.5,0.3826086623818555,0,0,0,1,0.15982631746266973,0
EQX1213,Excavator,S001,2024-11-23,2024-11-28,5.9,6.7,5,OP108,0,none,12.600000000000001,0.5317459895439691,0,0,0,3,0.13654313887525676,0
EQX1023,Loader,S002,2025-11-29,2025-12-05,10.3,4.1,6,OP103,0,none,14.4,0.28472220244984703,0,0,0,5,0.09871904088262218,0
EQX1121,Grader,S007,2025-04-24,2025-05-04,7.8,5.8,10,OP132,0,none,13.6,0.42647055687716495,0,0,0,4,0.1466018862809778,0
EQX1198,Loader,S011,2025-07-29,2025-08-10,5.0,3.4,12,OP134,0,none,8.4,0.40476185657596947,0,0,0,5,0.13709018511222426,0
EQX1120,Grader,S007,2024-06-23,2024-06-30,3.6,2.8,7,OP113,0,none,6.4,0.4374999316406356,0,0,0,4,0.12769820749248267,0
EQX1211,Grader,S004,2024-08-24,2024-09-05,6.5,1.9,12,OP135,0,none,8.4,0.22619044926304174,0,0,0,4,0.15074705057180038,0
EQX1087,Compactor,S009,2024-04-16,2024-04-21,9.2,6.1,5,OP116,0,none,15.299999999999999,0.39869278439916445,0,0,0,1,0.1244460081838224,0
EQX1208,Grader,S010,2025-03-25,2025-03-26,6.7,1.7,1,OP131,0,none,8.4,0.20238092828798473,0,0,0,4,0.11521814308598538,0
EQX1029,Excavator,S006,2024-05-19,2024-06-01,3.6,3.0,13,OP121,0,none,6.6,0.45454538567494157,0,0,0,3,0.13663719726934692,0
EQX1094,Bulldozer,S002,2024-11-15,2025-01-28,5.5,4.4,74,OP115,1,extended_rental,9.9,0.4444443995510708,0,0,0,0,-0.021685938943240335,1
EQX1014,Compactor,S010,2025-02-01,2025-02-11,8.2,2.4,10,OP101,0,none,10.6,0.2264150729797101,0,0,0,1,0.1499243086535028,0
EQX1211,Grader,S001,2025-11-01,2025-11-07,9.7,0.0,6,OP132,0,none,9.7,0.0,0,0,0,4,0.09444910828988673,0
EQX1093,Crane,S002,2024-03-27,2024-03-31,6.5,2.6,4,OP131,0,none,9.1,0.28571425431711495,0,0,0,2,0.15586297823966538,0
EQX1139,Compactor,S012,2025-03-19,2025-03-20,5.9,6.0,1,OP127,0,none,11.9,0.5042016383023834,0,0,0,1,0.12259705019664852,0
EQX1139,Compactor,S004,2024-03-27,2024-04-05,8.3,0.0,9,OP112,0,none,8.3,0.0,0,0,0,1,0.11845487164040414,0
EQX1219,Loader,S005,2025-04-25,2025-05-10,17.8,11.7,15,OP105,1,impossible_hours,29.5,0.3966101560471133,0,0,1,5,-0.1720158241264257,1
EQX1208,Grader,S007,2024-12-13,2024-12-27,6.2,4.9,14,OP126,0,none,11.100000000000001,0.4414414016719458,0,0,0,4,0.15108349695347295,0
EQX1168,Compactor,S004,2025-03-28,2025-04-02,6.7,0.0,5,OP126,0,none,6.7,0.0,0,0,0,1,0.11252022137511064,0
EQX1103,Bulldozer,UNKNOWN,2024-12-09,2025-01-01,6.6,7.8,23,OP128,1,unassigned_site,14.399999999999999,0.5416666290509287,1,0,0,0,-0.09081928796233751,1
EQX1037,Excavator,S011,2025-03-09,2025-03-15,10.5,3.0,6,OP103,0,none,13.5,0.2222222057613181,0,0,0,3,0.11513768795294144,0
EQX1161,Excavator,S002,2024-03-21,2024-04-09,9.2,3.9,19,OP113,0,none,13.1,0.2977099009381755,0,0,0,3,0.131905869287409,0
EQX1045,Compactor,S009,2024-06-09,2024-06-14,7.3,3.4,5,OP120,0,none,10.7,0.31775697964888044,0,0,0,1,0.1542360338674874,0
EQX1090,Crane,S009,2025-11-30,2025-12-08,5.6,4.7,8,OP125,0,none,10.3,0.45631063530964705,0,0,0,2,0.15762798107651532,0
EQX1083,Compactor,S006,2025-11-01,2025-11-09,7.6,3.1,8,OP129,0,none,10.7,0.2897195990916263,0,0,0,1,0.15925574860508973,0
EQX1126,Crane,S005,2025-02-15,2025-02-22,6.0,6.0,7,OP114,0,none,12.0,0.4999999583333368,0,0,0,2,0.15136292445239863,0
EQX1067,Grader,S006,2025-10-26,2025-10-28,5.2,5.4,2,OP112,0,none,10.600000000000001,0.5094339142043477,0,0,0,4,0.12611920512454544,0
EQX1052,Excavator,S009,2024-11-12,2024-11-25,5.0,0.4,13,OP112,0,none,5.4,0.07407406035665548,0,0,0,3,0.11109325055965918,0
EQX1051,Excavator,S012,2025-10-20,2025-11-01,9.6,3.9,12,OP134,0,none,13.5,0.28888886748971354,0,0,0,3,0.1366241837526409,0
EQX1119,Crane,S007,2024-06-11,2024-06-13,8.7,1.7,2,OP132,0,none,10.399999999999999,0.16346152274408438,0,0,0,2,0.11478430604833939,0
EQX1079,Grader,S010,2025-04-25,2025-05-07,6.2,0.7,12,OP103,0,none,6.9,0.10144926065952743,0,0,0,4,0.12071409776389297,0
EQX1164,Excavator,S011,2025-01-26,2025-02-08,6.2,3.5,13,OP139,0,none,9.7,0.3608247050696181,0,0,0,3,0.16377725515358166,0
EQX1123,Excavator,S002,2024-11-29,2024-12-10,7.3,1.8,11,OP117,0,none,9.1,0.19780217606569497,0,0,0,3,0.1526397589218748,0
EQX1114,Grader,S006,2024-10-02,2024-10-08,3.4,0.0,6,OP130,0,none,3.4,0.0,0,0,0,4,0.06830680257346855,0
EQX1056,Compactor,S007,2025-04-27,2025-05-05,8.1,2.7,8,OP108,0,none,10.8,0.24999997685185402,0,0,0,1,0.15264767949285413,0
EQX1070,Crane,S012,2025-02-04,2025-02-13,6.2,2.4,9,OP127,0,none,8.6,0.2790697349918913,0,0,0,2,0.15946320573834144,0
EQX1163,Bulldozer,S012,2025-05-13,2025-06-08,6.7,5.8,26,OP112,0,none,12.5,0.463999962880003,0,0,0,0,0.10820510972049002,0
EQX1104,Loader,S001,2024-04-06,2024-04-16,9.5,5.0,10,OP107,0,none,14.5,0.34482756242568535,0,0,0,5,0.10994198861304738,0
EQX1010,Crane,S006,2024-03-14,2024-03-20,4.4,1.1,6,OP101,0,none,5.5,0.19999996363637026,0,0,0,2,0.12554391568579165,0
EQX1186,Grader,S007,2025-09-02,2025-09-09,3.2,5.4,7,OP112,0,none,8.600000000000001,0.6279069037317554,0,0,0,4,0.1149294866799297,0
EQX1060,Excavator,S009,2025-11-20,2025-11-29,4.9,4.5,9,OP117,0,none,9.4,0.47872335332730287,0,0,0,3,0.1557108802691226,0
EQX1044,Bulldozer,S005,2025-06-17,2025-07-10,8.8,4.6,23,OP123,0,none,13.4,0.34328355647137637,0,0,0,0,0.10069035146665367,0
EQX1219,Loader,S008,2024-04-01,2024-04-09,7.7,5.3,8,OP103,0,none,13.0,0.40769227633136335,0,0,0,5,0.1304808832038386,0
EQX1156,Grader,S007,2024-05-18,2024-05-27,8.2,3.8,9,OP128,0,none,12.0,0.31666664027777996,0,0,0,4,0.15039490160620955,0
EQX1083,Compactor,S010,2024-12-06,2024-12-17,2.5,1.1,11,OP104,0,none,3.6,0.30555547067903593,0,0,0,1,0.06918184301407793,0
EQX1178,Loader,S012,2025-02-24,2025-03-13,6.2,2.3,17,OP127,0,none,8.5,0.27058820346021134,0,0,0,5,0.12736852128954895,0
EQX1082,Crane,S004,2024-11-23,2024-11-25,6.2,1.9,2,OP137,0,none,8.1,0.23456787227557135,0,0,0,2,0.1329867228662039,0
EQX1040,Grader,S006,2025-11-10,2025-11-23,5.9,3.9,13,OP128,0,none,9.8,0.39795914306539354,0,0,0,4,0.15843603826485897,0
EQX1195,Excavator,S011,2025-04-30,2025-05-08,6.1,2.7,8,OP139,0,none,8.8,0.30681814695248333,0,0,0,3,0.16388263324392388,0
EQX1079,Grader,S007,2024-02-23,2024-03-01,6.3,1.2,7,UNKNOWN,1,no_operator,7.5,0.1599999786666695,0,1,0,4,-0.03622784230496534,1
EQX1134,Bulldozer,S012,2024-12-26,2025-01-16,5.7,2.2,21,OP104,0,none,7.9,0.27848097740747124,0,0,0,0,0.11394531854105083,0
EQX1203,Crane,S009,2024-02-14,2024-02-20,5.9,3.6,6,OP125,0,none,9.5,0.3789473285318602,0,0,0,2,0.15946488723154273,0
EQX1018,Excavator,S009,2025-11-08,2025-11-21,9.1,4.9,13,OP131,0,none,14.0,0.34999997500000185,0,0,0,3,0.1414327266993916,0
EQX1025,Compactor,S010,2025-01-01,2025-01-09,4.1,2.9,8,OP133,0,none,7.0,0.41428565510204923,0,0,0,1,0.14620287333234155,0
EQX1002,Crane,S001,2025-01-25,2025-04-13,5.6,4.3,78,OP108,1,extended_rental,9.899999999999999,0.4343433904703647,0,0,0,2,-0.0033424902848420146,1
EQX1207,Excavator,S008,2024-05-13,2024-05-31,6.8,3.8,18,OP107,0,none,10.6,0.35849053221787436,0,0,0,3,0.1503279568765553,0
EQX1026,Excavator,S002,2024-07-22,2024-08-04,7.6,2.4,13,OP102,0,none,10.0,0.23999997600000242,0,0,0,3,0.15256295230140465,0
EQX1112,Excavator,S012,2024-03-23,2024-04-08,4.2,7.4,16,OP110,0,none,11.600000000000001,0.6379309794887087,0,0,0,3,0.12042290412855106,0
EQX1032,Loader,S002,2025-08-09,2025-08-21,8.1,3.8,12,OP134,0,none,11.899999999999999,0.31932770425817614,0,0,0,5,0.1367583750782091,0
EQX1217,Excavator,S008,2025-08-28,2025-09-06,2.2,0.6,9,OP109,0,none,2.8000000000000003,0.21428563775512932,0,0,0,3,0.05878389690376212,0
EQX1164,Excavator,S011,2024-03-01,2024-03-15,8.7,6.6,14,OP115,0,none,15.299999999999999,0.43137252082532546,0,0,0,3,0.13118873940835357,0
EQX1133,Grader,S007,2024-04-16,2024-04-23,11.0,4.1,7,OP104,0,none,15.1,0.27152316082628075,0,0,0,4,0.09848529150198343,0
EQX1083,Compactor,S010,2025-02-14,2025-02-24,0.5,7.5,10,OP113,0,none,8.0,0.9374998828125147,0,0,0,1,0.01232857738771198,0
EQX1087,Compactor,S012,2025-11-22,2025-12-03,4.6,5.2,11,OP126,0,none,9.8,0.5306121907538581,0,0,0,1,0.14458047515674471,0
EQX1045,Compactor,S009,2025-04-30,2025-05-13,4.7,0.0,13,OP132,0,none,4.7,0.0,0,0,0,1,0.08999148445253774,0
EQX1187,Bulldozer,S004,2025-03-06,2025-03-19,7.3,3.9,13,OP104,0,none,11.2,0.3482142546237273,0,0,0,0,0.13912335229631562,0
EQX1194,Compactor,S009,2025-06-13,2025-06-21,7.4,4.3,8,OP122,0,none,11.7,0.36752133610928756,0,0,0,1,0.15807656900176742,0
EQX1045,Compactor,S010,2025-05-22,2025-05-26,3.4,2.6,4,UNKNOWN,1,no_operator,6.0,0.43333326111112314,0,1,0,1,-0.05109953967703451,1
EQX1114,Grader,S008,2025-03-22,2025-03-28,4.6,1.5,6,OP131,0,none,6.1,0.24590159903252476,0,0,0,4,0.1306639361617229,0
EQX1113,Bulldozer,S002,2024-04-16,2024-05-13,5.8,10.6,27,OP135,0,none,16.4,0.6463414240035718,0,0,0,0,-0.0027402423537655762,1
EQX1079,Grader,S010,2024-03-09,2024-03-20,9.9,1.4,11,OP135,0,none,11.3,0.12389379434568192,0,0,0,4,0.10937882788997388,0
EQX1197,Grader,S007,2024-09-23,2024-10-04,4.1,3.6,11,OP102,0,none,7.699999999999999,0.4675324068139732,0,0,0,4,0.1425612100439545,0
EQX1186,Grader,S002,2025-11-21,2025-11-30,5.3,0.0,9,OP122,0,none,5.3,0.0,0,0,0,4,0.11042845033762927,0
EQX1210,Crane,S002,2025-11-24,2025-12-05,3.7,6.6,11,OP102,0,none,10.3,0.6407766368178022,0,0,0,2,0.12839671520704182,0
EQX1220,Bulldozer,S010,2024-11-18,2024-11-29,7.3,7.3,11,OP121,0,none,14.6,0.49999996575342703,0,0,0,0,0.11897973525060035,0
EQX1122,Grader,S003,2024-04-25,2024-05-07,9.2,6.6,12,OP121,0,none,15.799999999999999,0.41772149254927265,0,0,0,4,0.11824286115358001,0
EQX1135,Grader,UNKNOWN,2024-02-20,2024-03-02,6.6,2.3,11,OP131,1,unassigned_site,8.899999999999999,0.25842693725540034,1,0,0,4,-0.019609049381997812,1
EQX1178,Loader,S002,2025-07-22,2025-08-05,8.5,3.5,14,OP109,0,none,12.0,0.29166664236111317,0,0,0,5,0.13287637796306212,0
EQX1179,Loader,S008,2024-08-25,2024-09-08,7.2,6.6,14,OP131,0,none,13.8,0.47826083490863514,0,0,0,5,0.12521201201229132,0
EQX1046,Compactor,S009,2024-01-19,2024-01-21,7.1,0.0,2,OP113,0,none,7.1,0.0,0,0,0,1,0.08883022597918644,0
EQX1165,Grader,S012,2025-11-06,2025-11-14,5.9,5.1,8,OP118,0,none,11.0,0.46363632148760714,0,0,0,4,0.15408916236870157,0
EQX1032,Loader,S002,2024-07-10,2024-07-23,7.4,3.0,13,OP128,0,none,10.4,0.28846151072485476,0,0,0,5,0.14068074433468902,0
EQX1126,Crane,S008,2025-09-12,2025-09-17,11.6,4.1,5,OP102,0,none,15.7,0.26114648018175285,0,0,0,2,0.07870136223836993,0
EQX1184,Bulldozer,S008,2024-02-13,2024-03-05,5.7,4.4,21,OP129,0,none,10.100000000000001,0.43564352122341377,0,0,0,0,0.12162169510571164,0
EQX1043,Compactor,S007,2024-05-03,2024-05-10,7.1,1.0,7,OP119,0,none,8.1,0.12345677488187966,0,0,0,1,0.13276265115553687,0
EQX1107,Crane,S004,2025-01-17,2025-01-22,5.6,5.2,5,OP103,0,none,10.8,0.481481436899867,0,0,0,2,0.15138840320324337,0
EQX1124,Crane,S012,2024-12-03,2024-12-12,3.6,1.1,9,OP132,0,none,4.7,0.23404250339521204,0,0,0,2,0.11828584398836084,0
EQX1010,Crane,S003,2025-09-20,2025-09-24,2.3,3.8,4,OP107,0,none,6.1,0.6229507175490627,0,0,0,2,0.0943859953331051,0
EQX1107,Crane,S010,2024-01-21,2024-01-31,7.0,5.8,10,OP123,0,none,12.8,0.4531249645996121,0,0,0,2,0.1520190133218075,0
EQX1080,Compactor,S012,2024-11-16,2024-11-25,5.9,0.0,9,OP124,0,none,5.9,0.0,0,0,0,1,0.11660836392144425,0
EQX1120,Grader,S005,2025-01-16,2025-02-03,3.7,4.7,18,OP122,0,none,8.4,0.5595237429138402,0,0,0,4,0.11980737285995119,0
EQX1061,Grader,S006,2024-10-27,2024-11-05,7.6,4.5,9,OP113,0,none,12.1,0.3719007957106781,0,0,0,4,0.15450540199820678,0
EQX1025,Compactor,S006,2025-02-12,2025-02-18,6.3,5.0,6,OP113,0,none,11.3,0.442477836948864,0,0,0,1,0.15248527250573657,0
EQX1157,Bulldozer,S011,2025-07-31,2025-08-23,4.6,1.4,23,UNKNOWN,1,no_operator,6.0,0.23333329444445092,0,1,0,0,-0.07848086590865311,1
EQX1020,Grader,S003,2024-11-19,2025-02-03,4.2,4.7,76,OP130,1,extended_rental,8.9,0.5280898283045137,0,0,0,4,-0.01677722506280599,1
EQX1018,Excavator,S003,2025-05-25,2025-06-02,4.7,0.0,8,OP117,0,none,4.7,0.0,0,0,0,3,0.10735552351162353,0
EQX1025,Compactor,S006,2024-06-07,2024-06-14,1.9,2.1,7,OP112,0,none,4.0,0.5249998687500328,0,0,0,1,0.0729981621535582,0
EQX1134,Bulldozer,S005,2024-09-17,2024-10-06,7.1,0.0,19,OP111,0,none,7.1,0.0,0,0,0,0,0.08088954703744994,0
EQX1027,Crane,S002,2025-05-12,2025-05-27,7.4,0.1,15,OP125,0,none,7.5,0.013333331555555793,0,0,0,2,0.08052063154176553,0
EQX1060,Excavator,S008,2025-12-03,2025-12-24,3.6,7.2,21,OP103,0,none,10.8,0.6666666049382773,0,0,0,3,0.0908106275991975,0
EQX1034,Bulldozer,S003,2024-04-22,2024-05-13,8.0,4.1,21,OP101,0,none,12.1,0.33884294720306224,0,0,0,0,0.1182694538212703,0
EQX1182,Loader,S009,2025-06-17,2025-06-26,8.5,2.4,9,OP101,0,none,10.9,0.22018346603821412,0,0,0,5,0.1314050154826209,0
EQX1024,Loader,S005,2025-02-14,2025-02-22,8.6,0.1,8,OP114,0,none,8.7,0.011494251552384881,0,0,0,5,0.08169279275214708,0
EQX1189,Compactor,S007,2025-01-03,2025-01-11,3.2,7.5,8,OP119,0,none,10.7,0.700934513931354,0,0,0,1,0.10708856578259307,0
EQX1122,Grader,S007,2025-03-01,2025-03-12,3.1,1.6,11,OP124,0,none,4.7,0.34042545948394476,0,0,0,4,0.11233871961755754,0
EQX1042,Compactor,S010,2025-01-23,2025-02-02,2.7,3.7,10,OP127,0,none,6.4,0.5781249096679828,0,0,0,1,0.1092434074393615,0
EQX1033,Bulldozer,S003,2024-10-08,2024-10-25,5.8,2.0,17,OP118,0,none,7.8,0.2564102235371508,0,0,0,0,0.11554487269571023,0
EQX1210,Crane,S003,2025-08-10,2025-08-21,6.5,2.1,11,OP125,0,none,8.6,0.2441860181179049,0,0,0,2,0.15310704134040382,0
EQX1067,Grader,S006,2025-10-02,2025-10-10,5.1,2.8,8,OP128,0,none,7.8999999999999995,0.3544303348822361,0,0,0,4,0.1525259534565595,0
EQX1069,Excavator,S007,2024-08-12,2024-08-26,1.8,3.0,14,OP117,0,none,4.8,0.6249998697916938,0,0,0,3,0.07464817990565903,0
EQX1202,Loader,S009,2024-01-13,2024-01-24,4.2,6.8,11,OP110,0,none,11.0,0.6181817619834762,0,0,0,5,0.10833372867330832,0
EQX1035,Crane,S004,2024-09-04,2024-09-14,6.3,1.3,10,OP129,0,none,7.6,0.17105260907202513,0,0,0,2,0.14270359776211378,0
EQX1081,Grader,S006,2025-01-09,2025-01-19,7.9,0.1,10,OP111,0,none,8.0,0.012499998437500198,0,0,0,4,0.10897787941486836,0
EQX1042,Compactor,S012,2025-01-07,2025-01-17,0.9,2.5,10,OP136,0,none,3.4,0.7352939013841466,0,0,0,1,0.021550755502086627,0
EQX1006,Loader,S003,2025-02-13,2025-02-24,2.9,6.0,11,OP139,0,none,8.9,0.6741572276227834,0,0,0,5,0.09499527302914479,0
EQX1194,Compactor,S009,2024-08-24,2024-09-01,7.1,0.0,8,OP126,0,none,7.1,0.0,0,0,0,1,0.11886850378293079,0
EQX1035,Crane,S012,2025-09-29,2025-10-09,2.8,1.2,10,OP102,0,none,4.0,0.2999999250000187,0,0,0,2,0.09452914375491883,0
EQX1017,Grader,S007,2025-06-14,2025-06-28,4.0,2.4,14,OP110,0,none,6.4,0.3749999414062591,0,0,0,4,0.13263028084585204,0
EQX1104,Loader,S011,2024-08-28,2024-09-09,8.6,1.4,12,OP114,0,none,10.0,0.1399999860000014,0,0,0,5,0.11783295627132123,0
EQX1106,Compactor,S012,2025-09-02,2025-09-07,6.6,6.6,5,OP134,0,none,13.2,0.499999962121215,0,0,0,1,0.14309832258768485,0
EQX1089,Excavator,S012,2024-12-11,2024-12-22,5.9,4.3,11,OP112,0,none,10.2,0.4215685861207269,0,0,0,3,0.1601771429057154,0
EQX1172,Crane,S004,2025-07-21,2025-07-28,7.9,5.8,7,OP113,0,none,13.7,0.4233576333315596,0,0,0,2,0.14679872617093243,0
EQX1108,Bulldozer,S008,2024-08-30,2024-09-22,4.3,5.0,23,OP122,0,none,9.3,0.5376343507920053,0,0,0,0,0.10137739430112946,0
EQX1220,Bulldozer,S007,2025-11-26,2025-12-10,6.3,0.1,14,OP108,0,none,6.3999999999999995,0.015624997558594133,0,0,0,0,0.07511942842316521,0
EQX1043,Compactor,S006,2025-03-17,2025-03-20,5.6,0.2,3,OP112,0,none,5.8,0.034482752675387474,0,0,0,1,0.08466978134865782,0
EQX1216,Compactor,S010,2024-01-10,2024-01-16,6.4,2.6,6,OP127,0,none,9.0,0.28888885679012705,0,0,0,1,0.15932209117130752,0
EQX1180,Compactor,S009,2024-12-29,2025-01-03,5.5,0.0,5,OP118,0,none,5.5,0.0,0,0,0,1,0.10674306664956984,0
EQX1124,Crane,S012,2025-11-01,2025-11-09,6.7,5.8,8,OP114,0,none,12.5,0.463999962880003,0,0,0,2,0.1525318722061934,0
EQX1020,Grader,S006,2024-03-02,2024-03-15,2.1,6.9,13,OP105,0,none,9.0,0.766666581481491,0,0,0,4,0.06741475760984239,0
EQX1139,Compactor,S010,2025-04-09,2025-04-12,1.5,6.7,3,OP121,0,none,8.2,0.81707307108865,0,0,0,1,0.04800265529511821,0
EQX1058,Grader,S010,2025-04-06,2025-04-19,4.0,6.3,13,OP135,0,none,10.3,0.6116504260533567,0,0,0,4,0.1351155695816325,0
EQX1131,Excavator,S005,2025-02-18,2025-03-06,6.4,2.7,16,OP112,0,none,9.100000000000001,0.2967032640985424,0,0,0,3,0.1586217066263988,0
EQX1010,Crane,S011,2024-01-12,2024-01-23,5.0,1.8,11,OP123,0,none,6.8,0.26470584342561126,0,0,0,2,0.14270036078091153,0
EQX1189,Compactor,S009,2024-02-03,2024-02-10,8.3,3.4,7,OP106,0,none,11.700000000000001,0.290598265760832,0,0,0,1,0.1529211793111952,0
EQX1054,Grader,S012,2024-05-24,2024-06-02,3.7,3.5,9,OP115,0,none,7.2,0.48611104359568835,0,0,0,4,0.13161285599988892,0
EQX1067,Grader,S010,2024-11-06,2024-11-17,6.4,3.2,11,OP138,0,none,9.600000000000001,0.3333332986111147,0,0,0,4,0.16212619582499888,0
EQX1097,Bulldozer,S011,2024-02-22,2024-03-17,9.0,3.1,24,OP101,0,none,12.1,0.2561983259340227,0,0,0,0,0.09183382335889073,0
EQX1059,Excavator,S007,2025-07-13,2025-07-22,2.7,5.2,9,OP138,0,none,7.9,0.6582277647812956,0,0,0,3,0.11678433719616504,0
EQX1212,Grader,S007,2024-10-30,2024-11-09,6.4,0.0,10,OP107,0,none,6.4,0.0,0,0,0,4,0.11826546942639332,0
EQX1162,Loader,S011,2024-04-28,2024-05-11,6.5,6.7,13,OP127,0,none,13.2,0.5075757191230517,0,0,0,5,0.12774634851125932,0
EQX1049,Grader,S010,2024-11-14,2024-11-23,7.7,3.0,9,OP137,0,none,10.7,0.2803738055725416,0,0,0,4,0.1553800474167698,0
EQX1019,Compactor,S001,2025-01-30,2025-02-06,8.1,6.8,7,OP118,0,none,14.899999999999999,0.45637580829692564,0,0,0,1,0.14173789601060377,0
EQX1042,Compactor,S010,2025-02-04,2025-02-10,4.5,0.9,6,OP107,0,none,5.4,0.16666663580247484,0,0,0,1,0.11486749879187153,0
EQX1207,Excavator,S008,2024-10-23,2024-11-03,7.9,4.2,11,OP136,0,none,12.100000000000001,0.34710740932996614,0,0,0,3,0.15308485707956954,0
EQX1209,Excavator,S012,2025-02-18,2025-03-05,2.5,5.0,15,OP115,0,none,7.5,0.6666665777777896,0,0,0,3,0.10460290041210746,0
EQX1189,Compactor,S004,2025-09-01,2025-09-14,6.4,7.6,13,OP116,0,none,14.0,0.5428571040816355,0,0,0,1,0.1311488540124891,0
EQX1210,Crane,S008,2025-05-09,2025-05-21,9.0,0.4,12,OP137,0,none,9.4,0.04255318696242692,0,0,0,2,0.09867473917504416,0
EQX1025,Compactor,S010,2024-10-28,2024-11-07,8.2,6.2,10,OP114,0,none,14.399999999999999,0.43055552565586636,0,0,0,1,0.14453207075276575,0
EQX1029,Excavator,S008,2025-03-13,2025-03-24,7.5,3.5,11,OP127,0,none,11.0,0.318181789256201,0,0,0,3,0.15688288954826135,0
EQX1169,Bulldozer,S008,2024-10-08,2024-11-04,7.6,6.0,27,OP123,0,none,13.6,0.44117643814879137,0,0,0,0,0.09113222307203045,0
EQX1197,Grader,S010,2025-11-04,2025-11-06,8.3,0.9,2,OP116,0,none,9.200000000000001,0.09782607632325258,0,0,0,4,0.09614716728510264,0
EQX1154,Grader,S007,2024-09-05,2024-09-18,9.5,4.4,13,OP104,0,none,13.9,0.31654673981678133,0,0,0,4,0.13350982080140622,0
EQX1126,Crane,S001,2024-06-19,2024-06-23,6.7,6.6,4,UNKNOWN,1,no_operator,13.3,0.4962405641924388,0,1,0,2,-0.036249029738394944,1
EQX1139,Compactor,S007,2025-02-23,2025-02-28,9.2,3.0,5,OP119,0,none,12.2,0.2459016191883919,0,0,0,1,0.13073307507664927,0
EQX1112,Excavator,S003,2025-05-04,2025-05-21,1.7,2.0,17,OP116,0,none,3.7,0.540540394448542,0,0,0,3,0.05297991412737019,0
EQX1071,Excavator,S002,2024-11-30,2024-12-06,3.6,5.2,6,OP102,0,none,8.8,0.5909090237603383,0,0,0,3,0.12742950135247266,0
EQX1073,Loader,S008,2024-03-27,2024-04-09,3.7,4.7,13,OP119,0,none,8.4,0.5595237429138402,0,0,0,5,0.1180786653016147,0
EQX1013,Grader,S010,2024-04-16,2024-04-25,7.4,3.4,9,OP104,0,none,10.8,0.31481478566529764,0,0,0,4,0.15791822369249492,0
EQX1194,Compactor,S007,2024-11-07,2024-11-18,6.4,6.3,11,OP131,0,none,12.7,0.49606295306590925,0,0,0,1,0.14911713386277387,0
EQX1030,Grader,S006,2025-04-28,2025-05-07,9.0,2.4,9,OP113,0,none,11.4,0.2105262973222546,0,0,0,4,0.13990112442783242,0
EQX1016,Bulldozer,S011,2024-03-28,2024-04-12,9.7,2.8,15,OP123,0,none,12.5,0.22399998208000144,0,0,0,0,0.096312194394853,0
EQX1213,Excavator,S002,2024-09-21,2024-10-04,3.2,5.2,13,OP127,0,none,8.4,0.6190475453514828,0,0,0,3,0.1261229279690489,0
EQX1194,Compactor,S006,2024-10-12,2024-10-20,8.7,1.5,8,OP130,0,none,10.2,0.1470588091118815,0,0,0,1,0.1378488447419859,0
EQX1159,Compactor,S009,2024-04-07,2024-04-12,2.8,1.4,5,OP111,0,none,4.199999999999999,0.3333332539682729,0,0,0,1,0.09463379073631362,0
EQX1031,Compactor,S001,2025-09-03,2025-09-12,7.4,3.1,9,OP129,0,none,10.5,0.29523806712018413,0,0,0,1,0.16205653176142276,0
EQX1074,Bulldozer,S010,2024-10-02,2024-10-16,5.2,9.9,14,OP103,0,none,15.100000000000001,0.6556290956537023,0,0,0,0,0.04741582202082684,0
EQX1035,Crane,S008,2024-10-04,2024-10-12,3.1,0.3,8,OP106,0,none,3.4,0.0882352681660976,0,0,0,2,0.06994684430039155,0
EQX1208,Grader,S007,2025-05-14,2025-05-25,6.6,1.2,11,OP129,0,none,7.8,0.15384613412229048,0,0,0,4,0.13992510041293232,0
EQX1079,Grader,S010,2025-02-25,2025-03-10,4.3,5.4,13,OP101,0,none,9.7,0.5567009735359822,0,0,0,4,0.14016712876138365,0
EQX1210,Crane,S002,2025-02-13,2025-02-18,3.4,8.5,5,OP112,0,none,11.9,0.7142856542617098,0,0,0,2,0.08023755734592186,0
EQX1056,Compactor,S008,2024-02-24,2024-02-26,0.3,1.1,2,OP102,0,none,1.4000000000000001,0.7857137244901968,0,0,0,1,-0.05415777982744907,1
EQX1009,Excavator,S005,2025-06-27,2025-07-15,9.7,7.2,18,OP136,0,none,16.9,0.42603547774938005,0,0,0,3,0.08516386897333889,0
EQX1193,Excavator,S008,2024-11-15,2024-11-26,7.9,0.8,11,OP123,0,none,8.700000000000001,0.09195401241907904,0,0,0,3,0.12420209739943189,0
EQX1019,Compactor,S001,2024-09-07,2024-09-12,5.4,0.5,5,OP102,0,none,5.9,0.08474574834817825,0,0,0,1,0.1059621180825912,0
EQX1138,Crane,S004,2024-05-24,2024-05-29,5.0,4.4,5,OP131,0,none,9.4,0.4680850565866962,0,0,0,2,0.14769976475513685,0
EQX1032,Loader,S002,2024-03-22,2024-04-03,1.0,20.1,12,OP132,1,excessive_idle,21.1,0.9526065899238583,0,0,0,5,-0.06271057129872992,1
EQX1088,Crane,S012,2025-03-08,2025-03-15,7.0,7.5,7,OP104,0,none,14.5,0.517241343638528,0,0,0,2,0.13600376307055334,0
EQX1090,Crane,S001,2025-01-22,2025-01-29,9.7,3.9,7,OP118,0,none,13.6,0.28676468479671435,0,0,0,2,0.1324716596536819,0
EQX1052,Excavator,S009,2024-07-02,2024-07-12,10.3,3.0,10,OP133,0,none,13.3,0.2255638928147449,0,0,0,3,0.12135781775913557,0
EQX1105,Compactor,S001,2025-06-05,2025-06-08,8.4,0.0,3,OP136,0,none,8.4,0.0,0,0,0,1,0.10038551579317978,0
EQX1044,Bulldozer,S005,2025-04-08,2025-04-19,7.9,5.3,11,OP110,0,none,13.2,0.40151512109733933,0,0,0,0,0.1283307802935768,0
EQX1043,Compactor,S007,2024-12-03,2024-12-11,7.3,6.2,8,OP102,0,none,13.5,0.4592592252400574,0,0,0,1,0.15463528389586884,0
EQX1003,Loader,S008,2025-10-21,2025-11-03,6.8,4.6,13,OP118,0,none,11.399999999999999,0.4035087365343214,0,0,0,5,0.14318703891029622,0
EQX1096,Grader,S007,2025-09-13,2025-09-24,4.2,1.3,11,OP117,0,none,5.5,0.23636359338843757,0,0,0,4,0.12725990273722582,0
EQX1143,Loader,S012,2025-03-04,2025-03-19,7.8,6.9,15,OP121,0,none,14.7,0.46938772317090327,0,0,0,5,0.11536304661724872,0
EQX1182,Loader,S001,2025-05-22,2025-05-30,6.3,0.0,8,OP116,0,none,6.3,0.0,0,0,0,5,0.09571651241295287,0
EQX1198,Loader,S003,2025-06-19,2025-06-30,4.4,6.6,11,OP108,0,none,11.0,0.5999999454545504,0,0,0,5,0.11558846962455815,0
EQX1163,Bulldozer,S007,2025-02-20,2025-03-06,6.0,3.8,14,OP101,0,none,9.8,0.3877550624739732,0,0,0,0,0.13963993600170743,0
EQX1137,Loader,S002,2025-01-08,2025-01-19,4.6,2.2,11,OP116,0,none,6.8,0.32352936418685824,0,0,0,5,0.1253987865367333,0
EQX1126,Crane,S006,2025-05-15,2025-05-22,6.4,6.2,7,OP133,0,none,12.600000000000001,0.49206345301083704,0,0,0,2,0.1506908737717525,0
EQX1006,Loader,S006,2024-04-15,2024-04-29,5.0,3.2,14,OP114,0,none,8.2,0.3902438548483105,0,0,0,5,0.13368138557744152,0
EQX1052,Excavator,S008,2024-05-25,2024-06-08,7.6,0.3,14,OP102,0,none,7.8999999999999995,0.03797467873738244,0,0,0,3,0.1120531125965526,0
EQX1068,Bulldozer,S001,2025-06-16,2025-07-22,5.3,7.6,36,OP106,0,none,12.899999999999999,0.5891472411513767,0,0,0,0,0.030574641092928068,0
EQX1137,Loader,S008,2024-07-20,2024-07-29,6.8,5.7,9,OP108,0,none,12.5,0.45599996352000294,0,0,0,5,0.1354188388205606,0
EQX1191,Loader,S005,2024-01-05,2024-01-12,3.9,3.0,7,OP124,0,none,6.9,0.434782545683689,0,0,0,5,0.12206295678543339,0
EQX1201,Compactor,S004,2025-01-10,2025-01-17,4.7,8.9,7,OP127,0,none,13.600000000000001,0.6544117165873737,0,0,0,1,0.09389095236792627,0
EQX1005,Excavator,S008,2024-11-11,2024-11-27,5.6,9.1,16,OP126,0,none,14.7,0.619047576935539,0,0,0,3,0.09088523731474107,0
EQX1160,Compactor,S003,2025-03-04,2025-03-09,6.3,8.8,5,OP128,0,none,15.100000000000001,0.5827814183588464,0,0,0,1,0.10133770037634271,0
EQX1030,Grader,S005,2025-03-12,2025-03-17,3.5,5.6,5,OP103,0,none,9.1,0.6153845477599399,0,0,0,4,0.1149387030481882,0
EQX1131,Excavator,S012,2025-05-20,2025-06-07,9.7,4.5,18,OP128,0,none,14.2,0.3169013861337052,0,0,0,3,0.12127987960953052,0
EQX1178,Loader,S011,2025-04-14,2025-04-28,9.6,0.7,14,OP109,0,none,10.299999999999999,0.06796115845037297,0,0,0,5,0.07740347952665022,0
EQX1005,Excavator,S011,2024-04-06,2024-04-22,5.7,2.2,16,OP134,0,none,7.9,0.27848097740747124,0,0,0,3,0.1490918774707875,0
EQX1036,Excavator,S008,2024-12-21,2025-01-10,6.8,2.2,20,OP120,0,none,9.0,0.24444441728395366,0,0,0,3,0.14180113558843244,0
EQX1021,Compactor,S011,2024-03-29,2024-04-08,6.1,0.0,10,OP129,0,none,6.1,0.0,0,0,0,1,0.11728910183600849,0
EQX1168,Compactor,S007,2025-10-12,2025-10-18,5.3,2.6,6,OP130,0,none,7.9,0.3291138823906478,0,0,0,1,0.14923006414690365,0
EQX1075,Excavator,S010,2025-12-02,2025-12-17,4.2,3.8,15,OP123,0,none,8.0,0.47499994062500744,0,0,0,3,0.14708900098708555,0
EQX1190,Bulldozer,S012,2025-01-21,2025-02-04,8.3,0.0,14,OP128,0,none,8.3,0.0,0,0,0,0,0.08637878012571204,0
EQX1086,Excavator,S012,2024-03-10,2024-03-30,3.5,2.5,20,OP107,0,none,6.0,0.41666659722223376,0,0,0,3,0.11347604577183584,0
EQX1194,Compactor,S012,2025-03-31,2025-04-07,9.2,3.4,7,OP103,0,none,12.6,0.2698412484252978,0,0,0,1,0.1396146189851793,0
EQX1151,Compactor,S002,2025-07-26,2025-08-04,4.9,2.3,9,OP110,0,none,7.2,0.3194444000771666,0,0,0,1,0.1492201540456703,0
EQX1087,Compactor,S006,2025-01-18,2025-01-23,3.6,3.0,5,OP111,0,none,6.6,0.45454538567494157,0,0,0,1,0.12860115525569793,0
EQX1188,Excavator,S003,2025-04-05,2025-04-22,8.4,3.5,17,OP121,0,none,11.9,0.29411762234305694,0,0,0,3,0.14398615061125242,0
EQX1066,Grader,S005,2025-10-19,2025-10-20,19.2,15.0,1,OP116,1,impossible_hours,34.2,0.4385964784036117,0,0,1,4,-0.1934807026456905,1
EQX1145,Crane,S009,2024-09-27,2024-10-01,4.4,6.0,4,OP109,0,none,10.4,0.5769230214497095,0,0,0,2,0.13316373493961692,0
EQX1042,Compactor,S007,2024-01-08,2024-01-16,9.3,1.4,8,OP113,0,none,10.700000000000001,0.13084110926718603,0,0,0,1,0.12444246828252986,0
EQX1106,Compactor,S009,2025-05-19,2025-05-23,7.8,0.0,4,OP103,0,none,7.8,0.0,0,0,0,1,0.10558766309918638,0
EQX1059,Excavator,S001,2025-09-06,2025-09-25,9.6,4.6,19,OP103,0,none,14.2,0.3239436391588987,0,0,0,3,0.121848730405694,0
EQX1107,Crane,S004,2024-07-25,2024-07-31,5.4,9.0,6,OP124,0,none,14.4,0.6249999565972253,0,0,0,2,0.09988730915744803,0
EQX1190,Bulldozer,S003,2025-11-06,2025-11-13,6.6,3.1,7,OP124,0,none,9.7,0.3195875959188046,0,0,0,0,0.1303477288446862,0
EQX1206,Bulldozer,S001,2025-04-22,2025-05-09,6.9,6.0,17,OP130,0,none,12.9,0.46511624301424476,0,0,0,0,0.12812996614005573,0
EQX1029,Excavator,S003,2025-05-28,2025-06-10,4.1,2.5,13,OP136,0,none,6.6,0.37878782139578465,0,0,0,3,0.14372912711939606,0
EQX1014,Compactor,S006,2025-05-12,2025-05-18,4.9,3.3,6,OP121,0,none,8.2,0.40243897531232015,0,0,0,1,0.14959152186792296,0
EQX1027,Crane,S001,2024-04-21,2024-04-22,10.3,2.9,1,OP124,0,none,13.200000000000001,0.21969695305326112,0,0,0,2,0.08613601299528978,0
EQX1028,Excavator,S004,2024-04-03,2024-04-23,4.2,3.7,20,OP129,0,none,7.9,0.4683543710943834,0,0,0,3,0.13364226387034356,0
EQX1010,Crane,S006,2025-07-15,2025-07-23,8.6,3.1,8,OP133,0,none,11.7,0.2649572423113469,0,0,0,2,0.1477097839907322,0
EQX1087,Compactor,S006,2025-03-23,2025-03-30,7.7,4.5,7,OP124,0,none,12.2,0.36885242878258784,0,0,0,1,0.15290003761825166,0
EQX1101,Loader,S011,2024-01-24,2024-02-08,8.6,4.8,15,OP101,0,none,13.399999999999999,0.358208928491871,0,0,0,5,0.12421879919176565,0
EQX1163,Bulldozer,S006,2024-09-25,2024-10-20,10.2,9.2,25,OP119,0,none,19.4,0.47422677967903193,0,0,0,0,-0.02228222463296714,1
EQX1198,Loader,S009,2025-03-26,2025-04-07,10.7,1.8,12,OP120,0,none,12.5,0.14399998848000092,0,0,0,5,0.07565525291925335,0
EQX1037,Excavator,S005,2024-07-09,2024-07-22,4.6,5.7,13,OP110,0,none,10.3,0.5533980045244656,0,0,0,3,0.14968757889595402,0
EQX1050,Excavator,S011,2025-05-06,2025-05-18,8.1,2.1,12,OP103,0,none,10.2,0.2058823327566341,0,0,0,3,0.14746475094513267,0
EQX1203,Crane,S005,2025-04-12,2025-04-19,1.7,0.8,7,OP123,0,none,2.5,0.3199998720000512,0,0,0,2,0.039244399146974696,0
EQX1063,Grader,S008,2024-02-29,2024-03-04,8.9,1.6,4,OP128,0,none,10.5,0.1523809378684821,0,0,0,4,0.11854543167148796,0
EQX1173,Bulldozer,S006,2025-01-27,2025-02-10,7.2,0.0,14,OP139,0,none,7.2,0.0,0,0,0,0,0.09226887649252108,0
EQX1054,Grader,S007,2025-06-05,2025-06-12,10.6,4.1,7,OP133,0,none,14.7,0.2789115456522758,0,0,0,4,0.11346859950844479,0
EQX1170,Loader,S012,2024-07-13,2024-07-22,6.3,7.0,9,OP118,0,none,13.3,0.5263157499010714,0,0,0,5,0.1218657113542797,0
EQX1219,Loader,S005,2024-03-18,2024-03-24,5.1,1.9,6,OP139,0,none,7.0,0.27142853265306677,0,0,0,5,0.11890101905394729,0
EQX1040,Grader,S006,2024-11-29,2024-12-05,5.5,3.0,6,OP120,0,none,8.5,0.3529411349481018,0,0,0,4,0.15171964960384637,0
EQX1006,Loader,S011,2024-03-06,2024-03-14,5.1,0.6,8,OP122,0,none,5.699999999999999,0.1052631394275194,0,0,0,5,0.08967860814232653,0
EQX1137,Loader,S002,2024-05-07,2024-05-24,2.5,5.4,17,OP107,0,none,7.9,0.6835442172728838,0,0,0,5,0.07661975912137609,0
EQX1061,Grader,S006,2025-01-10,2025-01-20,4.6,0.8,10,OP127,0,none,5.3999999999999995,0.148148120713311,0,0,0,4,0.11560714864197791,0
EQX1012,Loader,S003,2025-12-22,2025-12-27,5.7,5.4,5,OP103,0,none,11.100000000000001,0.486486442658879,0,0,0,5,0.12956102507432943,0
EQX1144,Grader,S004,2025-04-27,2025-05-05,3.8,1.3,8,OP132,0,none,5.1,0.2549019108035469,0,0,0,4,0.11833573199168884,0
EQX1067,Grader,S006,2024-06-08,2024-06-20,7.4,4.1,12,OP117,0,none,11.5,0.3565217081285471,0,0,0,4,0.1573684065016323,0
EQX1038,Crane,S012,2024-09-29,2024-10-04,5.3,4.2,5,OP120,0,none,9.5,0.44210521662050356,0,0,0,2,0.15255293429367822,0
EQX1053,Compactor,S002,2024-01-10,2024-01-14,5.8,2.7,4,OP134,0,none,8.5,0.31764702145329166,0,0,0,1,0.1503539881835541,0
EQX1083,Compactor,S007,2024-05-01,2024-05-03,5.3,4.5,2,OP123,0,none,9.8,0.45918362661391565,0,0,0,1,0.13323961504167758,0
EQX1043,Compactor,S004,2024-12-14,2024-12-18,7.1,7.1,4,OP108,0,none,14.2,0.4999999647887349,0,0,0,1,0.13446227656327925,0
EQX1034,Bulldozer,S008,2024-02-23,2024-02-24,6.6,3.5,1,OP115,0,none,10.1,0.34653461915498823,0,0,0,0,0.10425354301691203,0
EQX1020,Grader,S010,2024-09-14,2024-09-20,4.8,5.8,6,OP112,0,none,10.6,0.5471697597009662,0,0,0,4,0.1392134185186225,0
EQX1144,Grader,S006,2024-12-16,2024-12-24,8.2,5.7,8,OP137,0,none,13.899999999999999,0.41007191294446677,0,0,0,4,0.14166217716346557,0
EQX1045,Compactor,S009,2025-02-07,2025-02-14,6.7,3.5,7,OP102,0,none,10.2,0.3431372212610568,0,0,0,1,0.16050464613601023,0
EQX1127,Bulldozer,S011,2024-12-23,2025-01-18,4.5,7.3,26,OP130,0,none,11.8,0.6186440153691513,0,0,0,0,0.0739736826220102,0
EQX1017,Grader,S006,2025-05-21,2025-06-02,6.6,3.4,12,UNKNOWN,1,no_operator,10.0,0.33999996600000343,0,1,0,4,-0.0027372426365389613,1
EQX1155,Excavator,S006,2024-05-28,2024-06-05,5.9,9.0,8,UNKNOWN,1,no_operator,14.9,0.6040268050988722,0,1,0,3,-0.0655039626740288,1
EQX1211,Grader,S008,2024-03-25,2024-04-03,9.6,3.6,9,OP125,0,none,13.2,0.2727272520661173,0,0,0,4,0.13321089913413514,0
EQX1109,Excavator,S005,2025-10-22,2025-11-10,5.7,2.6,19,OP103,0,none,8.3,0.3132529743068706,0,0,0,3,0.146152747091559,0
EQX1026,Excavator,S003,2025-12-05,2025-12-19,6.6,9.3,14,OP109,0,none,15.9,0.5849056235908413,0,0,0,3,0.08416235643717124,0
EQX1115,Excavator,S009,2025-06-04,2025-06-18,9.9,0.1,14,OP129,0,none,10.0,0.009999999000000101,0,0,0,3,0.07615742028087574,0
EQX1138,Crane,S005,2025-02-19,2025-02-25,12.5,7.7,6,OP131,0,none,20.2,0.3811880999411832,0,0,0,2,-0.005973247804989756,1
EQX1140,Excavator,S009,2025-01-22,2025-02-12,3.5,4.5,21,OP136,0,none,8.0,0.5624999296875088,0,0,0,3,0.11501784366375778,0
EQX1102,Grader,S010,2024-11-26,2024-12-02,7.9,6.7,6,OP117,0,none,14.600000000000001,0.4589040781572549,0,0,0,4,0.13000043254900345,0
EQX1216,Compactor,S010,2025-02-03,2025-02-07,7.9,0.0,4,OP114,0,none,7.9,0.0,0,0,0,1,0.10514096391482863,0
EQX1173,Bulldozer,S011,2025-03-13,2025-04-06,7.0,5.3,24,OP123,0,none,12.3,0.43089427391103463,0,0,0,0,0.11485486612190876,0
EQX1214,Compactor,S012,2025-11-09,2025-11-16,7.1,5.0,7,OP135,0,none,12.1,0.4132231063451979,0,0,0,1,0.1570381586562818,0
EQX1067,Grader,S010,2024-10-18,2024-11-02,8.6,2.7,15,OP133,0,none,11.3,0.23893803195238658,0,0,0,4,0.14000210063189444,0
EQX1006,Loader,S011,2025-08-24,2025-08-30,8.0,1.6,6,OP135,0,none,9.6,0.16666664930555738,0,0,0,5,0.11559231672179843,0
EQX1164,Excavator,S002,2024-07-21,2024-08-11,8.0,4.1,21,OP117,0,none,12.1,0.33884294720306224,0,0,0,3,0.13334276747176332,0
EQX1203,Crane,S009,2024-10-18,2024-10-26,7.3,5.6,8,OP110,0,none,12.899999999999999,0.4341084934799618,0,0,0,2,0.1531198669238722,0
EQX1060,Excavator,S005,2024-10-24,2024-11-09,7.7,3.5,16,OP129,0,none,11.2,0.31249997209821684,0,0,0,3,0.15141519999291986,0
EQX1002,Crane,S002,2024-02-13,2024-02-21,5.3,6.4,8,OP129,0,none,11.7,0.5470085002556838,0,0,0,2,0.14379759326203578,0
EQX1034,Bulldozer,S004,2025-01-15,2025-01-26,6.5,6.5,11,OP132,0,none,13.0,0.49999996153846454,0,0,0,0,0.12970151879568115,0
EQX1146,Bulldozer,S011,2025-10-02,2025-10-11,7.8,3.8,9,OP108,0,none,11.6,0.3275861786563639,0,0,0,0,0.131705122051131,0
EQX1050,Excavator,S002,2025-04-17,2025-04-27,3.6,2.0,10,OP114,0,none,5.6,0.3571427933673583,0,0,0,3,0.13160160476886512,0
EQX1012,Loader,S012,2024-04-13,2024-04-26,8.0,1.8,13,OP104,0,none,9.8,0.18367345064556626,0,0,0,5,0.12555715477534501,0
EQX1170,Loader,S009,2024-11-29,2024-12-03,5.3,3.8,4,OP121,0,none,9.1,0.4175823716942449,0,0,0,5,0.12096505753096665,0
EQX1133,Grader,S007,2025-05-11,2025-05-26,4.0,0.3,15,OP128,0,none,4.3,0.06976742563548241,0,0,0,4,0.07819716286563327,0
EQX1070,Crane,S010,2025-04-24,2025-05-01,7.1,3.5,7,OP104,0,none,10.6,0.3301886480954106,0,0,0,2,0.15771786728973597,0
EQX1209,Excavator,S012,2024-11-27,2024-12-11,8.1,1.2,14,OP116,0,none,9.299999999999999,0.1290322441900813,0,0,0,3,0.13202585745116358,0
EQX1093,Crane,S004,2025-09-06,2025-09-16,7.7,1.6,10,OP109,0,none,9.3,0.1720429922534417,0,0,0,2,0.1432770314704105,0
EQX1072,Crane,S004,2024-01-23,2024-01-31,9.4,1.1,8,OP123,0,none,10.5,0.10476189478458146,0,0,0,2,0.11761940646512481,0
EQX1024,Loader,S012,2025-01-18,2025-01-22,5.7,6.7,4,OP110,0,none,12.4,0.5403225370707632,0,0,0,5,0.10492663816000758,0
EQX1180,Compactor,S006,2025-03-02,2025-03-07,9.3,5.4,5,OP136,0,none,14.700000000000001,0.36734691378592427,0,0,0,1,0.13015662210412687,0
EQX1089,Excavator,S004,2024-03-19,2024-04-04,11.8,2.7,16,OP130,0,none,14.5,0.18620688370987012,0,0,0,3,0.07019563126270978,0
EQX1180,Compactor,S004,2024-02-07,2024-02-14,6.3,4.0,7,OP131,0,none,10.3,0.38834947685927407,0,0,0,1,0.16214955113341173,0
EQX1093,Crane,S009,2024-05-01,2024-05-04,4.9,0.0,3,OP117,0,none,4.9,0.0,0,0,0,2,0.08821928081591995,0
EQX1107,Crane,S007,2024-05-20,2024-05-28,6.2,3.8,8,OP119,0,none,10.0,0.3799999620000038,0,0,0,2,0.16333059117601129,0
EQX1121,Grader,S007,2024-10-06,2024-10-19,6.6,6.0,13,OP137,0,none,12.6,0.4761904383975843,0,0,0,4,0.14662148883241138,0
EQX1041,Crane,S010,2025-09-28,2025-10-08,7.8,1.8,10,OP125,0,none,9.6,0.18749998046875205,0,0,0,2,0.14204169861574983,0
EQX1122,Grader,S006,2025-04-05,2025-04-14,6.3,4.1,9,OP106,0,none,10.399999999999999,0.3942307313239682,0,0,0,4,0.16011608056893772,0
EQX1006,Loader,S003,2024-04-02,2024-04-14,8.8,0.0,12,OP135,0,none,8.8,0.0,0,0,0,5,0.09208691187908513,0
EQX1216,Compactor,S007,2025-04-24,2025-05-06,7.2,2.9,12,OP118,0,none,10.1,0.2871286844427045,0,0,0,1,0.15692369863653632,0
EQX1200,Bulldozer,S011,2025-10-18,2025-11-14,4.8,0.3,27,OP111,0,none,5.1,0.05882351787774159,0,0,0,0,0.022850351787747192,0
EQX1032,Loader,S009,2024-01-09,2024-01-26,6.5,3.1,17,OP128,0,none,9.6,0.32291663302951745,0,0,0,5,0.13363702506362612,0
EQX1123,Excavator,S009,2024-06-18,2024-07-06,9.1,4.4,18,OP102,0,none,13.5,0.3259259017832666,0,0,0,3,0.1347323501920732,0
EQX1116,Loader,S005,2024-01-03,2024-01-16,6.2,6.2,13,OP137,0,none,12.4,0.4999999596774226,0,0,0,5,0.13100630101656718,0
EQX1143,Loader,S012,2025-11-05,2025-11-11,11.0,5.2,6,OP125,0,none,16.2,0.3209876345069361,0,0,0,5,0.0680093518607302,0
EQX1115,Excavator,S008,2025-09-17,2025-09-24,7.1,4.9,7,OP130,0,none,12.0,0.40833329930555845,0,0,0,3,0.15749969564819305,0
EQX1065,Grader,S007,2024-10-19,2024-10-30,8.0,1.9,11,OP116,0,none,9.9,0.19191917253341692,0,0,0,4,0.1442887225315777,0
EQX1209,Excavator,S010,2024-08-11,2024-08-26,7.7,3.8,15,OP124,0,none,11.5,0.3304347538752388,0,0,0,3,0.15382997839665025,0
EQX1128,Excavator,S001,2025-06-18,2025-07-03,4.7,3.6,15,OP139,0,none,8.3,0.4337348875018208,0,0,0,3,0.15084773714018518,0
EQX1207,Excavator,S002,2024-04-22,2024-05-07,6.9,3.4,15,OP121,0,none,10.3,0.33009705533038297,0,0,0,3,0.15945997765729003,0
EQX1059,Excavator,S011,2024-06-21,2024-06-30,7.1,4.0,9,OP110,0,none,11.1,0.360360327895466,0,0,0,3,0.16081248688656058,0
EQX1015,Crane,S002,2025-02-23,2025-03-03,5.1,4.9,8,OP130,0,none,10.0,0.489999951000005,0,0,0,2,0.1543913071943243,0
EQX1005,Excavator,S011,2024-03-23,2024-04-04,7.7,0.3,12,OP136,0,none,8.0,0.03749999531250059,0,0,0,3,0.11433034536914194,0
EQX1177,Crane,S004,2024-02-03,2024-02-08,8.7,5.9,5,OP106,0,none,14.6,0.40410956136235887,0,0,0,2,0.13422059199086134,0
EQX1182,Loader,S001,2025-05-06,2025-05-15,9.5,3.5,9,OP120,0,none,13.0,0.26923074852071166,0,0,0,5,0.11757195031115952,0
EQX1216,Compactor,S010,2024-02-12,2024-02-15,10.5,8.7,3,OP138,0,none,19.2,0.45312497639974075,0,0,0,1,0.0337832455818417,0
EQX1129,Excavator,UNKNOWN,2025-02-23,2025-03-11,5.9,1.3,16,OP130,1,unassigned_site,7.2,0.18055553047839853,1,0,0,3,-0.04060183540858542,1
EQX1135,Grader,S006,2024-01-22,2024-01-28,5.4,4.9,6,OP102,0,none,10.3,0.4757281091526108,0,0,0,4,0.14668945289409968,0
EQX1090,Crane,S001,2025-05-23,2025-05-28,8.1,6.2,5,OP125,0,none,14.3,0.43356640324710466,0,0,0,2,0.1398939298859827,0
EQX1096,Grader,S010,2024-03-01,2024-03-15,6.4,2.3,14,OP133,0,none,8.7,0.26436778570485225,0,0,0,4,0.15462196482457086,0
EQX1059,Excavator,S011,2024-12-14,2025-01-06,8.2,7.5,23,OP112,0,none,15.7,0.4777069759422309,0,0,0,3,0.09349334281341787,0
EQX1054,Grader,S010,2025-02-11,2025-02-24,10.3,1.9,13,OP131,0,none,12.200000000000001,0.15573769215264818,0,0,0,4,0.09947544000694436,0
EQX1203,Crane,S012,2024-02-24,2024-02-29,6.6,6.4,5,OP109,0,none,13.0,0.4923076544378728,0,0,0,2,0.1443665079704149,0
EQX1021,Compactor,S010,2024-03-15,2024-03-26,8.3,1.0,11,OP115,0,none,9.3,0.10752687015840105,0,0,0,1,0.12944970489324598,0
EQX1171,Bulldozer,S010,2024-11-16,2024-12-12,5.5,7.0,26,OP119,0,none,12.5,0.5599999552000036,0,0,0,0,0.08915644517477078,0
EQX1028,Excavator,S008,2024-01-18,2024-02-02,9.1,7.7,15,OP105,0,none,16.8,0.4583333060515889,0,0,0,3,0.1034408524129895,0
EQX1130,Grader,S010,2024-03-22,2024-04-05,8.1,3.5,14,OP137,0,none,11.6,0.3017241119203352,0,0,0,4,0.1500419445126429,0
EQX1007,Compactor,S007,2025-05-08,2025-05-16,3.4,6.3,8,OP102,0,none,9.7,0.6494844691253125,0,0,0,1,0.12659643392272146,0
EQX1018,Excavator,S004,2025-09-06,2025-09-15,6.7,1.3,9,OP113,0,none,8.0,0.16249997968750257,0,0,0,3,0.15011016403679067,0
EQX1061,Grader,S004,2025-05-23,2025-05-29,5.0,6.8,6,OP139,0,none,11.8,0.5762711376041408,0,0,0,4,0.13064581244395773,0
EQX1118,Compactor,S006,2024-07-08,2024-07-16,7.4,1.0,8,OP127,0,none,8.4,0.11904760487528514,0,0,0,1,0.13509086522219738,0
EQX1114,Grader,S008,2025-04-21,2025-05-02,4.3,5.7,11,OP109,0,none,10.0,0.5699999430000058,0,0,0,4,0.13928070642549867,0
EQX1064,Compactor,S007,2024-11-05,2024-11-13,11.2,4.0,8,OP117,0,none,15.2,0.2631578774238239,0,0,0,1,0.10017672731045518,0
EQX1032,Loader,S012,2024-10-31,2024-11-12,8.5,1.5,12,OP121,0,none,10.0,0.1499999850000015,0,0,0,5,0.11884729729518545,0
EQX1055,Compactor,S001,2024-04-25,2024-05-06,7.3,0.0,11,OP133,0,none,7.3,0.0,0,0,0,1,0.11155371713980161,0
EQX1153,Excavator,S003,2024-10-05,2024-10-17,4.0,6.2,12,OP138,0,none,10.2,0.6078430776624435,0,0,0,3,0.13866630971035387,0
EQX1176,Excavator,S010,2024-09-27,2024-10-16,5.7,1.8,19,OP125,0,none,7.5,0.23999996800000425,0,0,0,3,0.13558000899881512,0
EQX1217,Excavator,S011,2025-02-20,2025-03-05,5.0,0.0,13,OP125,0,none,5.0,0.0,0,0,0,3,0.10876307717145867,0
EQX1052,Excavator,S005,2024-06-13,2024-07-01,5.9,1.2,18,OP108,0,none,7.1000000000000005,0.16901406070224495,0,0,0,3,0.12765288432224825,0
EQX1058,Grader,S001,2025-10-02,2025-10-09,3.8,3.3,7,OP110,0,none,7.1,0.46478866693117366,0,0,0,4,0.12960598101732468,0
EQX1063,Grader,S006,2024-07-01,2024-07-12,5.9,4.6,11,OP124,0,none,10.5,0.43809519637188604,0,0,0,4,0.156600508355775,0
EQX1078,Grader,S002,2024-03-09,2024-03-11,4.5,4.4,2,OP138,0,none,8.9,0.49438196692337455,0,0,0,4,0.12124457094420032,0
EQX1157,Bulldozer,S003,2024-12-16,2025-01-06,10.0,2.4,21,OP101,0,none,12.4,0.19354837148803455,0,0,0,0,0.07281861136869394,0
EQX1185,Compactor,S010,2024-08-13,2024-08-15,6.6,5.2,2,OP126,0,none,11.8,0.44067792875610773,0,0,0,1,0.13366357795103306,0
EQX1005,Excavator,S007,2024-03-08,2024-03-16,11.6,4.3,8,OP108,0,none,15.899999999999999,0.2704402345635073,0,0,0,3,0.08873100146853252,0
EQX1153,Excavator,S009,2024-04-10,2024-04-23,4.3,0.7,13,OP127,0,none,5.0,0.13999997200000558,0,0,0,3,0.1113089089122416,0
EQX1170,Loader,S003,2025-01-02,2025-01-13,3.4,7.6,11,OP106,0,none,11.0,0.6909090280991793,0,0,0,5,0.085304782550927,0
EQX1146,Bulldozer,S011,2025-08-30,2025-09-24,7.4,4.1,25,OP126,0,none,11.5,0.3565217081285471,0,0,0,0,0.11255845152941829,0
EQX1016,Bulldozer,S003,2024-05-31,2024-06-14,7.3,6.4,14,OP116,0,none,13.7,0.46715325057275553,0,0,0,0,0.131438915336141,0
EQX1088,Crane,S009,2024-10-21,2024-10-30,7.5,2.0,9,OP106,0,none,9.5,0.2105262936288112,0,0,0,2,0.15062601324906577,0
EQX1120,Grader,S009,2024-05-22,2024-05-31,8.5,5.0,9,OP138,0,none,13.5,0.3703703429355302,0,0,0,4,0.14632000758157387,0
EQX1200,Bulldozer,S011,2025-02-12,2025-03-16,7.4,6.9,32,OP106,0,none,14.3,0.48251744877500363,0,0,0,0,0.07032132034343413,0
EQX1163,Bulldozer,S008,2024-11-21,2024-12-06,9.7,7.0,15,OP124,0,none,16.7,0.41916165154720647,0,0,0,0,0.08811715996756292,0
EQX1129,Excavator,S005,2024-06-05,2024-08-09,1.5,6.0,65,OP131,1,extended_rental,7.5,0.7999998933333475,0,0,0,3,-0.06446772961856817,1
EQX1195,Excavator,S003,2025-10-19,2025-11-05,7.6,6.5,17,OP137,0,none,14.1,0.4609928751068883,0,0,0,3,0.13781739743690496,0
EQX1126,Crane,S012,2025-10-23,2025-10-27,5.9,3.3,4,OP117,0,none,9.2,0.3586956131852595,0,0,0,2,0.15463549643344515,0
EQX1137,Loader,S008,2024-11-20,2024-12-03,4.8,3.1,13,OP101,0,none,7.9,0.3924050136196185,0,0,0,5,0.13292309295469712,0
EQX1077,Bulldozer,S008,2024-10-29,2024-11-15,3.4,0.0,17,OP136,0,none,3.4,0.0,0,0,0,0,0.02780543125622781,0
EQX1118,Compactor,S006,2024-01-08,2024-01-14,7.2,3.6,6,OP103,0,none,10.8,0.33333330246913867,0,0,0,1,0.1566662267196437,0
EQX1076,Bulldozer,S008,2025-01-13,2025-02-09,4.4,8.0,27,OP136,0,none,12.4,0.6451612382934485,0,0,0,0,0.05311921105775663,0
EQX1056,Compactor,S002,2025-12-02,2025-12-10,8.3,3.2,8,OP103,0,none,11.5,0.27826084536862217,0,0,0,1,0.15233780024578514,0
EQX1030,Grader,S007,2025-03-01,2025-03-07,9.7,1.3,6,OP126,0,none,11.0,0.11818180743801751,0,0,0,4,0.09986269074230297,0
EQX1093,Crane,S009,2024-01-26,2024-01-27,6.2,5.7,1,OP132,0,none,11.9,0.4789915563872642,0,0,0,2,0.12798493872001587,0
EQX1190,Bulldozer,S005,2025-03-27,2025-05-11,8.2,4.4,45,OP131,0,none,12.6,0.34920632149156183,0,0,0,0,0.04274768830839626,0
EQX1026,Excavator,S011,2025-03-05,2025-03-24,7.1,6.4,19,OP121,0,none,13.5,0.4740740389574786,0,0,0,3,0.1381769361576417,0
EQX1101,Loader,S001,2025-06-13,2025-06-24,8.9,2.3,11,OP132,0,none,11.2,0.2053571245216853,0,0,0,5,0.12502702547682898,0
EQX1123,Excavator,S010,2025-02-06,2025-02-16,8.6,1.9,10,OP109,0,none,10.5,0.1809523637188225,0,0,0,3,0.14433672091927752,0
EQX1090,Crane,S012,2025-08-22,2025-09-01,9.6,1.1,10,OP104,0,none,10.7,0.10280372870993192,0,0,0,2,0.10937254170904653,0
EQX1100,Loader,S008,2025-08-07,2025-08-19,18.0,13.7,12,OP119,1,impossible_hours,31.7,0.43217664251808696,0,0,1,5,-0.15258830872229956,1
EQX1041,Crane,S009,2024-12-01,2024-12-10,7.0,6.1,9,OP116,0,none,13.1,0.4656488194161207,0,0,0,2,0.1523120854222157,0
EQX1012,Loader,S003,2025-05-23,2025-06-05,10.0,2.3,13,OP115,0,none,12.3,0.18699185471610935,0,0,0,5,0.09922886929265495,0
EQX1173,Bulldozer,S008,2025-05-06,2025-05-10,7.9,7.5,4,OP107,0,none,15.4,0.48701295538876915,0,0,0,0,0.0901134329493874,0
EQX1096,Grader,S010,2024-10-02,2024-10-13,6.9,3.6,11,OP113,0,none,10.5,0.34285711020408477,0,0,0,4,0.15935888368512585,0
EQX1063,Grader,S010,2024-12-18,2024-12-27,1.5,18.2,9,OP127,1,excessive_idle,19.7,0.9238578211239684,0,0,0,4,-0.06560353730202217,1
EQX1005,Excavator,S004,2025-10-13,2025-10-17,2.8,4.0,4,OP106,0,none,6.8,0.5882352076124695,0,0,0,3,0.10777307582676421,0
EQX1220,Bulldozer,S005,2024-05-26,2024-06-16,4.6,5.4,21,OP132,0,none,10.0,0.5399999460000054,0,0,0,0,0.10761423207684045,0
EQX1015,Crane,S001,2024-03-20,2024-03-27,8.0,6.6,7,OP125,0,none,14.6,0.4520547635578929,0,0,0,2,0.140199707658267,0
EQX1021,Compactor,S010,2025-06-07,2025-06-22,3.2,2.9,15,OP138,0,none,6.1,0.47540975812954783,0,0,0,1,0.10895982506403817,0
EQX1114,Grader,S010,2024-08-20,2024-11-17,5.0,6.1,89,OP134,1,extended_rental,11.1,0.5495495000405856,0,0,0,4,-0.04527308789935802,1
EQX1183,Crane,S011,2024-05-17,2024-05-21,7.1,6.2,4,OP114,0,none,13.3,0.4661653784838061,0,0,0,2,0.1420845541041903,0
EQX1194,Compactor,S010,2025-04-11,2025-04-20,4.7,0.3,9,OP110,0,none,5.0,0.0599999880000024,0,0,0,1,0.10289725142531764,0
EQX1080,Compactor,S007,2024-03-28,2024-04-07,10.4,0.6,10,OP118,0,none,11.0,0.05454544958677731,0,0,0,1,0.0762097664382525,0
EQX1075,Excavator,S003,2025-06-15,2025-06-27,5.5,1.7,12,OP111,0,none,7.2,0.23611107831790576,0,0,0,3,0.14814180499448132,0
EQX1028,Excavator,S012,2024-09-18,2024-10-02,6.7,3.9,14,OP115,0,none,10.6,0.36792449359202894,0,0,0,3,0.16062195352283315,0
EQX1149,Crane,S012,2024-08-25,2024-08-29,4.5,1.9,4,OP106,0,none,6.4,0.2968749536132885,0,0,0,2,0.13526535002300483,0
EQX1195,Excavator,S003,2024-10-19,2024-11-01,4.3,1.9,13,OP121,0,none,6.199999999999999,0.3064515634755543,0,0,0,3,0.1395539600632988,0
EQX1015,Crane,S007,2024-09-21,2024-09-24,4.5,1.1,3,OP130,0,none,5.6,0.1964285363520471,0,0,0,2,0.1142637798597621,0
EQX1181,Loader,S009,2025-03-02,2025-03-15,8.0,4.3,13,OP115,0,none,12.3,0.3495934675127262,0,0,0,5,0.1346896438165876,0
EQX1052,Excavator,S004,2025-04-14,2025-05-03,8.5,0.7,19,OP117,0,none,9.2,0.07608694825141868,0,0,0,3,0.10403592466856704,0
EQX1083,Compactor,S007,2024-08-16,2024-08-20,8.4,4.8,4,OP124,0,none,13.2,0.3636363360881564,0,0,0,1,0.13861970152547187,0
EQX1207,Excavator,S011,2025-11-28,2025-12-15,7.8,3.0,17,OP130,0,none,10.8,0.27777775205761557,0,0,0,3,0.14690174711215692,0
EQX1210,Crane,S004,2024-12-21,2024-12-30,6.5,0.3,9,OP111,0,none,6.8,0.04411764057093521,0,0,0,2,0.11316240856200566,0
EQX1046,Compactor,S007,2025-03-29,2025-04-04,3.5,6.8,6,OP127,0,none,10.3,0.6601941106607659,0,0,0,1,0.12262470034118683,0
EQX1062,Crane,S001,2024-04-03,2024-04-08,3.9,0.0,5,OP131,0,none,3.9,0.0,0,0,0,2,0.0899790315574941,0
EQX1002,Crane,S012,2025-02-08,2025-02-12,4.8,0.0,4,OP117,0,none,4.8,0.0,0,0,0,2,0.09632926649444012,0
EQX1021,Compactor,S010,2025-11-08,2025-11-16,9.1,5.0,8,OP132,0,none,14.1,0.35460990392837566,0,0,0,1,0.14046596828517782,0
EQX1012,Loader,S005,2025-01-11,2025-01-27,9.6,3.7,16,OP138,0,none,13.3,0.27819546780485205,0,0,0,5,0.11298905014451316,0
EQX1182,Loader,S002,2025-03-01,2025-03-13,7.2,1.4,12,OP102,0,none,8.6,0.16279067874526992,0,0,0,5,0.12177068824728421,0
EQX1017,Grader,S007,2024-12-26,2025-01-01,7.7,3.6,6,OP109,0,none,11.3,0.31858404260318207,0,0,0,4,0.14873156087248174,0
EQX1188,Excavator,S003,2025-07-31,2025-08-06,9.6,4.0,6,OP111,0,none,13.6,0.29411762543252756,0,0,0,3,0.13019348020492788,0
EQX1045,Compactor,S007,2025-01-12,2025-01-17,9.6,13.9,5,OP109,0,none,23.5,0.5914893365323687,0,0,0,1,-0.05077107847125595,1
EQX1215,Compactor,S007,2024-12-31,2025-01-06,3.4,2.8,6,OP130,0,none,6.199999999999999,0.45161283038502736,0,0,0,1,0.12908338778153872,0
EQX1031,Compactor,S006,2025-03-30,2025-04-10,3.9,3.0,11,OP105,0,none,6.9,0.434782545683689,0,0,0,1,0.1395313181220682,0
EQX1149,Crane,S011,2025-09-19,2025-09-25,6.5,2.0,6,OP110,0,none,8.5,0.2352940899654012,0,0,0,2,0.1522397482305503,0
EQX1167,Compactor,UNKNOWN,2025-03-24,2025-03-28,6.4,4.1,4,OP116,1,unassigned_site,10.5,0.3904761532879854,1,0,0,1,-0.01433975421681366,1
EQX1190,Bulldozer,S005,2024-05-02,2024-05-16,6.6,3.3,14,UNKNOWN,1,no_operator,9.899999999999999,0.3333332996633031,0,1,0,0,-0.008698226491386851,1
EQX1013,Grader,S006,2025-10-26,2025-11-07,7.3,3.3,12,OP113,0,none,10.6,0.3113207253471014,0,0,0,4,0.15797908482457013,0
EQX1141,Crane,S001,2024-04-29,2024-05-05,7.0,1.7,6,OP129,0,none,8.7,0.19540227639054297,0,0,0,2,0.1457383302398521,0
EQX1121,Grader,S007,2024-02-07,2024-02-19,7.3,0.7,12,OP133,0,none,8.0,0.08749998906250137,0,0,0,4,0.12455301936523228,0
EQX1170,Loader,S004,2025-06-02,2025-06-13,8.5,1.9,11,OP120,0,none,10.4,0.18269229012574134,0,0,0,5,0.12665862300438818,0
EQX1055,Compactor,S006,2025-02-27,2025-03-07,7.1,3.2,8,UNKNOWN,1,no_operator,10.3,0.3106795814874193,0,1,0,1,0.006790047913902919,0
EQX1134,Bulldozer,S011,2024-03-29,2024-04-20,8.8,0.9,22,OP111,0,none,9.700000000000001,0.09278349558933036,0,0,0,0,0.07234490802451676,0
EQX1060,Excavator,S002,2024-10-07,2024-10-16,5.8,0.0,9,OP121,0,none,5.8,0.0,0,0,0,3,0.11905183655604279,0
EQX1063,Grader,S007,2024-01-21,2024-01-31,3.6,4.5,10,OP137,0,none,8.1,0.5555554869684585,0,0,0,4,0.13237488742261438,0
EQX1047,Bulldozer,S001,2025-03-23,2025-04-22,7.9,4.2,30,OP109,0,none,12.100000000000001,0.34710740932996614,0,0,0,0,0.08890142220882419,0
EQX1014,Compactor,S004,2024-10-03,2024-10-10,4.2,0.4,7,OP121,0,none,4.6000000000000005,0.08695650283554285,0,0,0,1,0.09979586570254922,0
EQX1102,Grader,S006,2025-02-07,2025-02-17,8.1,6.7,10,OP113,0,none,14.8,0.45270267211468435,0,0,0,4,0.1326299223364409,0
EQX1117,Compactor,S012,2025-04-15,2025-04-23,9.1,2.6,8,OP116,0,none,11.7,0.22222220322887157,0,0,0,1,0.13794440872935082,0
EQX1214,Compactor,S004,2025-03-09,2025-03-11,2.1,1.4,2,OP113,0,none,3.5,0.3999998857143183,0,0,0,1,0.04941682036998324,0
EQX1149,Crane,S009,2025-05-24,2025-05-31,3.7,3.7,7,OP131,0,none,7.4,0.49999993243244156,0,0,0,2,0.13874232235503875,0
EQX1089,Excavator,S003,2025-04-21,2025-04-29,5.9,1.6,8,OP136,0,none,7.5,0.21333330488889268,0,0,0,3,0.15233526730687436,0
EQX1162,Loader,S005,2025-06-29,2025-07-08,8.5,2.4,9,OP112,0,none,10.9,0.22018346603821412,0,0,0,5,0.1314050154826209,0
EQX1038,Crane,S003,2025-07-02,2025-07-04,2.6,3.3,2,OP107,0,none,5.9,0.5593219390979763,0,0,0,2,0.09003728229344482,0
EQX1139,Compactor,S010,2025-05-21,2025-05-29,7.6,3.4,8,OP114,0,none,11.0,0.3090908809917381,0,0,0,1,0.15845094908458435,0
EQX1047,Bulldozer,S004,2024-10-12,2024-10-25,8.2,0.0,13,OP139,0,none,8.2,0.0,0,0,0,0,0.08924904362358654,0
EQX1194,Compactor,S006,2025-11-23,2025-12-01,3.4,3.9,8,OP129,0,none,7.3,0.5342465021580134,0,0,0,1,0.1289197327492454,0
EQX1019,Compactor,S004,2024-01-01,2024-01-09,2.7,3.4,8,OP138,0,none,6.1,0.5573769578070561,0,0,0,1,0.11046062306318316,0
EQX1059,Excavator,S008,2025-10-01,2025-10-22,0.4,18.1,21,OP128,1,excessive_idle,18.5,0.9783783254930635,0,0,0,3,-0.07595407862174208,1
EQX1184,Bulldozer,S012,2025-06-09,2025-07-09,0.7,19.2,30,OP133,1,excessive_idle,19.9,0.9648240721193934,0,0,0,0,-0.09594864878064968,1
EQX1073,Loader,S002,2025-01-16,2025-02-03,2.7,8.6,18,OP124,0,none,11.3,0.7610618795520461,0,0,0,5,0.02486195577680478,0
EQX1167,Compactor,S006,2025-08-08,2025-08-16,6.3,5.9,8,OP131,0,none,12.2,0.4836065177371708,0,0,0,1,0.1562376892560688,0
EQX1196,Excavator,S003,2025-11-23,2025-12-09,7.2,4.2,16,OP136,0,none,11.4,0.36842102031394564,0,0,0,3,0.1566809800726145,0
EQX1216,Compactor,S008,2025-10-24,2025-10-30,6.6,2.0,6,UNKNOWN,1,no_operator,8.6,0.23255811249324276,0,1,0,1,-0.013354032234124902,1
EQX1214,Compactor,S010,2025-05-19,2025-05-28,6.2,6.5,9,OP101,0,none,12.7,0.5118109833219698,0,0,0,1,0.14878317306626826,0
EQX1200,Bulldozer,S003,2024-08-15,2024-09-07,4.9,1.4,23,OP110,0,none,6.300000000000001,0.22222218694885917,0,0,0,0,0.08780417070543645,0
EQX1177,Crane,S004,2024-05-21,2024-05-27,3.7,2.4,6,OP101,0,none,6.1,0.39344255845203957,0,0,0,2,0.13543665667740845,0
EQX1159,Compactor,S006,2024-09-12,2024-09-17,7.0,0.5,5,OP112,0,none,7.5,0.06666665777777896,0,0,0,1,0.11174370136435596,0
EQX1007,Compactor,S010,2025-04-12,2025-06-12,7.0,5.9,61,OP117,1,extended_rental,12.9,0.45736430563067404,0,0,0,1,0.015245318263018448,0
EQX1127,Bulldozer,S005,2024-03-27,2024-04-24,12.1,2.2,28,OP111,0,none,14.3,0.15384614308768232,0,0,0,0,-0.0009976877197710454,1
EQX1066,Grader,S002,2024-12-16,2024-12-27,6.0,1.5,11,OP105,0,none,7.5,0.19999997333333688,0,0,0,4,0.14773148791899438,0
EQX1086,Excavator,S004,2024-11-14,2024-11-29,9.8,6.4,15,OP135,0,none,16.200000000000003,0.39506170400853674,0,0,0,3,0.11379054147539347,0
EQX1150,Excavator,S008,2025-05-07,2025-05-17,0.7,18.8,10,OP124,1,excessive_idle,19.5,0.9641025146614095,0,0,0,3,-0.04296915293254322,1
EQX1010,Crane,S006,2025-05-01,2025-05-08,5.3,0.0,7,OP111,0,none,5.3,0.0,0,0,0,2,0.11015575606190625,0
EQX1182,Loader,S008,2025-07-25,2025-09-27,9.8,0.3,64,OP113,1,extended_rental,10.100000000000001,0.029702967356141842,0,0,0,5,-0.06945924678905957,1
EQX1112,Excavator,S003,2024-09-15,2024-10-03,7.6,7.3,18,OP122,0,none,14.899999999999999,0.4899328530246408,0,0,0,3,0.12364703834597901,0
EQX1055,Compactor,S009,2025-10-03,2025-10-08,7.7,5.9,5,OP105,0,none,13.600000000000001,0.4338234975129781,0,0,0,1,0.1429900929203921,0
EQX1130,Grader,S001,2024-02-18,2024-02-29,6.6,4.7,11,OP110,0,none,11.3,0.41592916673193214,0,0,0,4,0.15538402184592442,0
EQX1199,Excavator,S011,2025-05-26,2025-06-01,8.5,0.4,6,OP120,0,none,8.9,0.044943815174852235,0,0,0,3,0.11224455491492724,0
EQX1102,Grader,S008,2024-05-29,2024-06-03,8.0,7.7,5,OP121,0,none,15.7,0.4904458286340237,0,0,0,4,0.1063146284244319,0
EQX1208,Grader,S007,2025-10-30,2025-11-12,8.5,6.4,13,OP120,0,none,14.9,0.42953017251475356,0,0,0,4,0.13332593597729298,0
EQX1125,Excavator,S003,2024-05-15,2024-05-27,6.6,3.8,12,OP129,0,none,10.399999999999999,0.36538458025148274,0,0,0,3,0.162734774854219,0
EQX1145,Crane,S004,2024-02-06,2024-02-11,12.4,1.2,5,OP121,0,none,13.6,0.08823528762975827,0,0,0,2,0.023135857727702547,0
EQX1169,Bulldozer,S005,2025-05-14,2025-05-24,6.8,1.2,10,OP102,0,none,8.0,0.14999998125000236,0,0,0,0,0.11042638355536472,0
EQX1106,Compactor,S010,2025-09-28,2025-10-06,6.1,0.0,8,OP134,0,none,6.1,0.0,0,0,0,1,0.11985365194702974,0
EQX1075,Excavator,S008,2024-02-04,2024-02-17,5.9,5.5,13,OP113,0,none,11.4,0.48245609803016687,0,0,0,3,0.15956586894355435,0
EQX1142,Crane,S008,2024-02-15,2024-02-22,9.1,7.9,7,OP118,0,none,17.0,0.46470585501730266,0,0,0,2,0.1016452312662372,0
EQX1021,Compactor,S004,2024-12-04,2024-12-10,9.2,4.5,6,OP106,0,none,13.7,0.3284671293089687,0,0,0,1,0.1367528236037125,0
EQX1217,Excavator,S005,2025-10-10,2025-10-19,6.4,4.2,9,OP134,0,none,10.600000000000001,0.39622637771449265,0,0,0,3,0.16425984309833902,0
EQX1189,Compactor,S006,2024-05-04,2024-05-07,10.4,0.9,3,OP138,0,none,11.3,0.07964601065079552,0,0,0,1,0.07680938871830123,0
EQX1148,Crane,S004,2025-02-02,2025-02-06,8.6,4.3,4,OP107,0,none,12.899999999999999,0.3333333074935421,0,0,0,2,0.13976609664361644,0
EQX1198,Loader,S011,2024-07-15,2024-08-01,9.5,6.7,17,OP109,0,none,16.2,0.41358022138393696,0,0,0,5,0.08682818274481108,0
EQX1158,Grader,S007,2024-08-08,2024-08-22,7.4,4.8,14,OP127,0,none,12.2,0.393442590701427,0,0,0,4,0.147992369690658,0
EQX1204,Excavator,S011,2025-11-08,2025-11-22,4.8,7.0,14,OP130,0,none,11.8,0.593220288710145,0,0,0,3,0.13791908953132037,0
EQX1006,Loader,S001,2024-02-02,2024-02-11,5.7,0.1,9,OP101,0,none,5.8,0.017241376337693737,0,0,0,5,0.07741938820463001,0
EQX1042,Compactor,S010,2025-04-24,2025-04-29,0.4,21.7,5,OP137,1,excessive_idle,22.099999999999998,0.9819004080588051,0,0,0,1,-0.08946590338425553,1
EQX1210,Crane,S002,2024-11-21,2024-12-02,8.7,0.0,11,OP113,0,none,8.7,0.0,0,0,0,2,0.11244163031773069,0
EQX1137,Loader,S009,2024-02-06,2024-04-22,3.8,4.3,76,OP108,1,extended_rental,8.1,0.5308641319920825,0,0,0,5,-0.04200707209393639,1
EQX1073,Loader,S004,2024-08-03,2024-08-19,6.3,3.1,16,OP115,0,none,9.4,0.32978719895880865,0,0,0,5,0.13539489830602514,0
EQX1079,Grader,S006,2024-12-21,2024-12-31,11.3,1.3,10,OP127,0,none,12.600000000000001,0.10317459498614326,0,0,0,4,0.06878355955825338,0
EQX1107,Crane,S009,2024-07-10,2024-07-16,12.7,0.0,6,OP113,0,none,12.7,0.0,0,0,0,2,0.012480791601437558,0
EQX1156,Grader,S010,2024-10-05,2024-10-18,8.5,3.7,13,OP126,0,none,12.2,0.30327866366568335,0,0,0,4,0.1490477472619992,0
EQX1211,Grader,S012,2025-09-19,2025-10-02,7.0,8.0,13,OP116,0,none,15.0,0.5333332977777802,0,0,0,4,0.11422883846652565,0
EQX1183,Crane,S002,2024-08-30,2024-09-06,7.5,5.3,7,OP101,0,none,12.8,0.4140624676513697,0,0,0,2,0.15299166327129388,0
EQX1077,Bulldozer,S003,2025-12-03,2025-12-17,10.3,7.3,14,OP113,0,none,17.6,0.4147727037060963,0,0,0,0,0.06143680310044897,0
EQX1171,Bulldozer,S008,2025-03-16,2025-04-04,7.8,0.7,19,OP116,0,none,8.5,0.08235293148789041,0,0,0,0,0.08125038676053686,0
EQX1141,Crane,S004,2025-12-07,2025-12-14,6.1,4.5,7,OP110,0,none,10.6,0.42452826183695647,0,0,0,2,0.15984656536058156,0
EQX1014,Compactor,S001,2025-11-12,2025-11-21,1.1,19.6,9,OP119,1,excessive_idle,20.700000000000003,0.9468598576396203,0,0,0,1,-0.047015825803191746,1
EQX1104,Loader,S002,2024-05-09,2024-05-17,10.4,3.3,8,OP102,0,none,13.7,0.24087589482657704,0,0,0,5,0.10195971748539323,0
EQX1044,Bulldozer,S005,2025-06-09,2025-06-13,5.1,5.8,4,OP129,0,none,10.899999999999999,0.5321100429256842,0,0,0,0,0.10573701878802416,0
EQX1160,Compactor,UNKNOWN,2025-10-08,2025-10-21,6.4,0.0,13,OP104,1,unassigned_site,6.4,0.0,1,0,0,1,-0.05666326566126545,1
EQX1178,Loader,S003,2024-04-29,2024-05-17,9.3,0.2,18,OP107,0,none,9.5,0.021052629362881124,0,0,0,5,0.05646083282107722,0
EQX1199,Excavator,S008,2024-03-25,2024-04-12,14.4,16.7,18,OP115,1,impossible_hours,31.1,0.536977474695258,0,0,1,3,-0.1535974692062998,1
EQX1005,Excavator,S006,2025-02-15,2025-02-28,5.5,0.0,13,OP105,0,none,5.5,0.0,0,0,0,3,0.11654710264355156,0
EQX1053,Compactor,S009,2025-05-17,2025-05-19,8.4,7.4,2,OP116,0,none,15.8,0.46835440073706325,0,0,0,1,0.1087250716487746,0
EQX1002,Crane,S004,2025-06-16,2025-06-23,5.3,0.3,7,OP104,0,none,5.6,0.053571419005103746,0,0,0,2,0.10638390301269973,0
EQX1200,Bulldozer,S008,2024-12-30,2025-01-11,6.3,0.0,12,OP120,0,none,6.3,0.0,0,0,0,0,0.09526123992732183,0
EQX1183,Crane,S007,2024-09-14,2024-09-18,6.3,4.8,4,OP102,0,none,11.1,0.4324323934745592,0,0,0,2,0.15177540382353,0
EQX1111,Crane,S009,2024-01-17,2024-01-28,6.0,8.8,11,OP113,0,none,14.8,0.5945945544192869,0,0,0,2,0.10806249227233772,0
EQX1064,Compactor,S010,2025-11-03,2025-11-10,4.7,4.2,7,OP134,0,none,8.9,0.47191005933594843,0,0,0,1,0.15206474823506883,0
EQX1179,Loader,S005,2024-04-10,2024-04-23,0.8,19.8,13,OP120,1,excessive_idle,20.6,0.961165001885194,0,0,0,5,-0.06928365606559406,1
EQX1075,Excavator,S003,2024-11-29,2024-12-10,8.1,2.6,11,OP120,0,none,10.7,0.2429906314962027,0,0,0,3,0.15056861653624887,0
EQX1203,Crane,S012,2025-12-20,2025-12-25,5.5,6.9,5,OP124,0,none,12.4,0.5564515680280994,0,0,0,2,0.13582140302511486,0
EQX1145,Crane,S007,2024-11-06,2024-11-16,7.7,1.2,10,OP110,0,none,8.9,0.13483144552455667,0,0,0,2,0.13535228631371565,0
EQX1195,Excavator,S012,2024-01-04,2024-01-19,8.8,4.3,15,OP124,0,none,13.100000000000001,0.32824424975234734,0,0,0,3,0.145497109043638,0
EQX1056,Compactor,S009,2025-06-14,2025-06-27,7.2,1.4,13,OP135,0,none,8.6,0.16279067874526992,0,0,0,1,0.1373383038571403,0
EQX1187,Bulldozer,S005,2024-12-26,2025-01-13,2.7,1.3,18,OP108,0,none,4.0,0.3249999187500203,0,0,0,0,0.04834565678141867,0
EQX1119,Crane,S006,2025-12-11,2025-12-15,6.1,7.6,4,OP107,0,none,13.7,0.5547444850551471,0,0,0,2,0.12268065082247576,0
EQX1129,Excavator,S005,2024-02-11,2024-03-01,4.6,7.8,19,OP106,0,none,12.399999999999999,0.6290322073361124,0,0,0,3,0.10740995390510444,0
EQX1078,Grader,S001,2025-11-28,2025-12-07,2.0,3.6,9,OP121,0,none,5.6,0.642857028061245,0,0,0,4,0.08590724213738943,0
EQX1152,Loader,S012,2024-07-26,2024-07-31,7.5,6.4,5,OP114,0,none,13.9,0.46043162155168194,0,0,0,5,0.11613311073614291,0
EQX1136,Excavator,S008,2025-08-28,2025-09-14,3.4,5.4,17,OP132,0,none,8.8,0.6136362939049667,0,0,0,3,0.11851421760689668,0
EQX1084,Excavator,UNKNOWN,2025-06-08,2025-07-06,6.0,0.4,28,OP103,1,unassigned_site,6.4,0.06249999023437652,1,0,0,3,-0.09558295103669112,1
EQX1001,Compactor,S007,2024-04-16,2024-04-24,10.3,1.0,8,OP105,0,none,11.3,0.0884955673897728,0,0,0,1,0.09656865491314476,0
EQX1158,Grader,S008,2024-03-19,2024-04-01,4.5,5.0,13,OP121,0,none,9.5,0.526315734072028,0,0,0,4,0.14415990557895209,0
EQX1212,Grader,S010,2024-12-05,2024-12-22,4.5,4.7,17,OP115,0,none,9.2,0.5108695096880969,0,0,0,4,0.13366714059525053,0
EQX1202,Loader,S001,2025-05-02,2025-05-09,1.4,18.5,7,OP138,1,excessive_idle,19.9,0.9296481944900405,0,0,0,5,-0.07819283399521249,1
EQX1035,Crane,S002,2024-07-29,2024-08-08,7.6,8.0,10,OP105,0,none,15.6,0.5128204799474052,0,0,0,2,0.11600339625676198,0
EQX1190,Bulldozer,S009,2025-09-30,2025-10-31,0.7,19.9,31,OP102,1,excessive_idle,20.599999999999998,0.9660193705815839,0,0,0,0,-0.10295268252684542,1
EQX1131,Excavator,S005,2024-07-17,2024-08-01,2.7,0.0,15,OP109,0,none,2.7,0.0,0,0,0,3,0.04610107804554148,0
EQX1024,Loader,S011,2025-09-27,2025-10-15,3.2,2.2,18,OP129,0,none,5.4,0.40740733196160517,0,0,0,5,0.08599638484597116,0
EQX1019,Compactor,S004,2025-10-15,2025-10-28,9.6,0.0,13,OP139,0,none,9.6,0.0,0,0,0,1,0.07624239240513153,0
EQX1039,Bulldozer,S003,2024-11-02,2024-11-26,11.9,1.5,24,OP108,0,none,13.4,0.1119402901537097,0,0,0,0,0.009051564034312953,0
EQX1193,Excavator,S004,2025-09-11,2025-09-22,8.2,3.9,11,OP116,0,none,12.1,0.3223140229492543,0,0,0,3,0.15165838967321232,0
EQX1210,Crane,S012,2025-12-13,2025-12-18,5.4,2.2,5,OP123,0,none,7.6000000000000005,0.28947364612188864,0,0,0,2,0.14899977797164543,0
EQX1173,Bulldozer,S010,2025-02-16,2025-02-27,7.0,4.8,11,OP115,0,none,11.8,0.40677962654409944,0,0,0,0,0.1324422016495625,0
EQX1087,Compactor,S004,2025-07-04,2025-07-17,5.6,7.3,13,OP111,0,none,12.899999999999999,0.5658914290006645,0,0,0,1,0.13320247932845636,0
EQX1151,Compactor,S007,2024-03-22,2024-03-31,5.3,5.5,9,OP125,0,none,10.8,0.5092592121056285,0,0,0,1,0.1513821364126871,0
EQX1098,Excavator,S012,2025-01-19,2025-02-02,6.9,0.0,14,OP133,0,none,6.9,0.0,0,0,0,3,0.11862005754649535,0
EQX1049,Grader,S007,2024-07-29,2024-08-04,8.2,4.3,6,OP128,0,none,12.5,0.3439999724800022,0,0,0,4,0.14461640579757734,0
EQX1139,Compactor,S004,2025-10-17,2025-10-25,4.7,4.4,8,OP111,0,none,9.100000000000001,0.48351643038280984,0,0,0,1,0.15176526497013776,0
EQX1216,Compactor,S010,2025-05-07,2025-05-15,3.7,0.4,8,OP129,0,none,4.1000000000000005,0.09756095181440198,0,0,0,1,0.09230318738779286,0
EQX1212,Grader,S009,2025-03-11,2025-03-24,3.9,3.7,13,OP128,0,none,7.6,0.48684204120499464,0,0,0,4,0.13955461103458744,0
EQX1110,Loader,S009,2024-11-19,2024-11-30,7.9,6.8,11,OP113,0,none,14.7,0.46258500254523793,0,0,0,5,0.12037307991909868,0
EQX1119,Crane,S001,2024-03-24,2024-04-04,3.3,0.0,11,OP121,0,none,3.3,0.0,0,0,0,2,0.06643278103333855,0
EQX1210,Crane,S008,2024-12-07,2024-12-13,8.9,2.6,6,OP123,0,none,11.5,0.2260869368620055,0,0,0,2,0.1410458164812714,0
EQX1025,Compactor,S002,2025-01-10,2025-01-19,6.0,2.4,9,OP115,0,none,8.4,0.2857142517006843,0,0,0,1,0.16001056091800098,0
EQX1185,Compactor,S006,2024-03-26,2024-04-01,4.9,8.2,6,OP120,0,none,13.1,0.6259541506905228,0,0,0,1,0.11290816937550369,0
EQX1095,Bulldozer,S011,2025-09-11,2025-10-02,7.3,3.4,21,UNKNOWN,1,no_operator,10.7,0.31775697964888044,0,1,0,0,-0.03332470689802769,1
EQX1176,Excavator,S008,2025-10-30,2025-11-08,5.9,3.9,9,UNKNOWN,1,no_operator,9.8,0.39795914306539354,0,1,0,3,1.8782517559268186e-05,0
EQX1171,Bulldozer,S003,2024-10-30,2024-11-09,8.3,2.5,10,OP110,0,none,10.8,0.23148146004801295,0,0,0,0,0.1276979739104308,0
EQX1185,Compactor,S002,2025-02-27,2025-03-06,6.6,3.1,7,OP119,0,none,9.7,0.3195875959188046,0,0,0,1,0.16326312686874273,0
EQX1081,Grader,S006,2025-03-18,2025-03-24,6.1,4.7,6,OP132,0,none,10.8,0.4351851448902644,0,0,0,4,0.1534389405682361,0
EQX1182,Loader,S008,2024-10-08,2024-10-18,11.1,2.0,10,OP118,0,none,13.1,0.15267174407085923,0,0,0,5,0.06942154223645147,0
EQX1111,Crane,S002,2025-07-07,2025-07-14,1.6,4.6,7,OP112,0,none,6.199999999999999,0.7419353642039735,0,0,0,2,0.07461703932409275,0
EQX1081,Grader,S007,2025-09-13,2025-09-27,8.0,6.1,14,OP131,0,none,14.1,0.43262408279261827,0,0,0,4,0.13943377805972412,0
EQX1105,Compactor,UNKNOWN,2025-12-17,2025-12-24,2.9,6.6,7,OP103,1,unassigned_site,9.5,0.694736768975077,1,0,0,1,-0.07503001019165112,1
EQX1176,Excavator,S011,2024-10-20,2024-11-04,7.8,3.5,15,OP117,0,none,11.3,0.30973448586420477,0,0,0,3,0.15432295612581715,0
EQX1149,Crane,S004,2024-04-13,2024-04-14,10.6,9.9,1,OP135,0,none,20.5,0.48292680571088753,0,0,0,2,-0.01607533823754126,1
EQX1191,Loader,S011,2024-08-06,2024-08-18,7.1,4.5,12,OP137,0,none,11.6,0.387931001040431,0,0,0,5,0.14314300370363736,0
EQX1216,Compactor,S002,2024-03-11,2024-03-16,6.8,2.0,5,OP118,0,none,8.8,0.22727270144628392,0,0,0,1,0.15037310581436897,0
EQX1155,Excavator,UNKNOWN,2024-09-19,2024-09-29,5.8,3.4,10,OP122,1,unassigned_site,9.2,0.36956517722117643,1,0,0,3,-0.0022252193100684714,1
EQX1171,Bulldozer,S011,2025-09-24,2025-09-29,3.2,4.8,5,OP115,0,none,8.0,0.5999999250000094,0,0,0,0,0.08458647176697681,0
EQX1039,Bulldozer,S009,2024-09-14,2024-10-05,6.3,0.0,21,OP113,0,none,6.3,0.0,0,0,0,0,0.07407653967987782,0
EQX1185,Compactor,S012,2025-08-16,2025-08-19,8.8,8.5,3,OP122,0,none,17.3,0.49132945136823974,0,0,0,1,0.08000135762739957,0
EQX1138,Crane,S001,2024-11-08,2024-11-13,6.7,3.5,5,OP121,0,none,10.2,0.3431372212610568,0,0,0,2,0.1562136763132867,0
EQX1084,Excavator,S005,2025-10-09,2025-10-22,5.2,1.0,13,OP103,0,none,6.2,0.16129029656608118,0,0,0,3,0.1331359349960578,0
EQX1141,Crane,S002,2025-05-29,2025-06-04,7.4,3.6,6,OP116,0,none,11.0,0.3272726975206639,0,0,0,2,0.15465663926305323,0
EQX1181,Loader,S008,2025-03-19,2025-03-21,7.2,0.0,2,OP111,0,none,7.2,0.0,0,0,0,5,0.06110998164630971,0
EQX1093,Crane,S011,2025-10-23,2025-11-02,6.8,1.8,10,OP106,0,none,8.6,0.2093023012439185,0,0,0,2,0.15099335754014576,0
EQX1195,Excavator,S008,2024-03-20,2024-03-30,7.2,0.4,10,OP111,0,none,7.6000000000000005,0.05263157202216157,0,0,0,3,0.11947369915444489,0
EQX1137,Loader,S002,2025-11-02,2025-11-09,1.9,0.0,7,OP139,0,none,1.9,0.0,0,0,0,5,0.006833108364243334,0
EQX1001,Compactor,S012,2024-12-14,2024-12-23,3.0,7.2,9,OP120,0,none,10.2,0.7058822837370311,0,0,0,1,0.10522626595368201,0
EQX1187,Bulldozer,S005,2025-11-22,2025-12-15,5.6,7.6,23,OP113,0,none,13.2,0.5757575321395809,0,0,0,0,0.0869016999512236,0
EQX1012,Loader,S012,2025-11-21,2025-12-03,5.0,2.8,12,OP133,0,none,7.8,0.35897431295201115,0,0,0,5,0.13450345176066952,0
EQX1111,Crane,UNKNOWN,2025-05-13,2025-05-19,6.5,0.6,6,OP105,1,unassigned_site,7.1,0.08450703035112249,1,0,0,2,-0.04294704485097789,1
EQX1195,Excavator,S003,2024-05-22,2024-05-30,5.8,2.5,8,OP123,0,none,8.3,0.3012047829873755,0,0,0,3,0.1576051223859416,0
EQX1001,Compactor,S002,2024-08-19,2024-08-22,7.2,7.8,3,OP114,0,none,15.0,0.5199999653333357,0,0,0,1,0.11767678783936608,0
EQX1126,Crane,S011,2025-05-05,2025-05-08,4.4,2.8,3,OP125,0,none,7.2,0.3888888348765507,0,0,0,2,0.14150052734919816,0
EQX1085,Excavator,S007,2024-11-06,2024-11-26,1.3,22.4,20,OP121,1,excessive_idle,23.7,0.9451476394452472,0,0,0,3,-0.10793938040972917,1
EQX1179,Loader,S008,2025-01-20,2025-01-29,7.7,7.1,9,OP125,0,none,14.8,0.479729697315561,0,0,0,5,0.11749303294753294,0
EQX1116,Loader,S009,2025-05-17,2025-06-02,3.0,6.9,16,OP130,0,none,9.9,0.6969696265687246,0,0,0,5,0.074611730459123,0
EQX1150,Excavator,S008,2024-07-17,2024-07-30,5.0,1.6,13,OP116,0,none,6.6,0.2424242056933022,0,0,0,3,0.14379502667004385,0
EQX1179,Loader,S001,2025-05-13,2025-05-30,8.8,4.9,17,OP128,0,none,13.700000000000001,0.3576642074697659,0,0,0,5,0.11299127136786719,0
EQX1162,Loader,S001,2024-06-23,2024-06-30,10.9,4.5,7,OP125,0,none,15.4,0.29220777323326147,0,0,0,5,0.08326799402816493,0
EQX1010,Crane,S012,2024-11-09,2024-11-20,5.5,3.4,11,OP103,0,none,8.9,0.38202242898624394,0,0,0,2,0.15872198173240504,0
EQX1091,Excavator,S012,2024-10-13,2024-10-30,4.9,2.6,17,OP111,0,none,7.5,0.3466666204444506,0,0,0,3,0.14351949889678645,0
EQX1053,Compactor,S009,2024-07-13,2024-07-16,2.9,4.6,3,OP131,0,none,7.5,0.6133332515555664,0,0,0,1,0.10531248339101501,0
EQX1177,Crane,S004,2025-04-05,2025-04-15,6.5,7.2,10,OP131,0,none,13.7,0.52554740689435,0,0,0,2,0.14078930906835735,0
EQX1173,Bulldozer,S011,2025-03-08,2025-03-12,6.7,8.0,4,OP106,0,none,14.7,0.5442176500532211,0,0,0,0,0.08422220331427827,0
EQX1055,Compactor,S006,2024-01-31,2024-02-10,4.0,4.6,10,OP114,0,none,8.6,0.5348836587344583,0,0,0,1,0.14222576799238845,0
EQX1217,Excavator,S004,2025-11-16,2025-11-23,9.4,2.2,7,OP138,0,none,11.600000000000001,0.18965515606421068,0,0,0,3,0.12684009953177006,0
EQX1015,Crane,UNKNOWN,2024-09-08,2024-09-17,5.8,3.5,9,OP136,1,unassigned_site,9.3,0.3763440455544037,1,0,0,2,0.006873230408564801,0
EQX1204,Excavator,S005,2025-10-04,2025-10-15,4.1,3.2,11,OP116,0,none,7.3,0.4383561043347802,0,0,0,3,0.15025791344827172,0
EQX1135,Grader,S006,2025-12-02,2025-12-09,6.7,2.1,7,OP112,0,none,8.8,0.23863633651859814,0,0,0,4,0.15523579378944918,0
EQX1130,Grader,S008,2025-09-30,2025-10-07,5.3,5.3,7,OP115,0,none,10.6,0.49999995283019316,0,0,0,4,0.1487537064286309,0
EQX1117,Compactor,S006,2025-08-26,2025-09-04,4.1,5.9,9,OP134,0,none,10.0,0.589999941000006,0,0,0,1,0.14139503480040672,0
EQX1200,Bulldozer,S003,2025-09-30,2025-10-10,5.5,5.0,10,OP115,0,none,10.5,0.47619043083900664,0,0,0,0,0.13408346936178572,0
EQX1007,Compactor,S010,2024-02-10,2024-02-20,2.2,0.0,10,OP129,0,none,2.2,0.0,0,0,0,1,0.018047855081296027,0
EQX1215,Compactor,S004,2024-09-16,2024-09-21,4.9,3.8,5,OP103,0,none,8.7,0.43678155899062543,0,0,0,1,0.15040489505060828,0
EQX1193,Excavator,S005,2024-12-10,2024-12-19,7.5,3.2,9,OP139,0,none,10.7,0.299065392610711,0,0,0,3,0.15806537340602372,0
EQX1051,Excavator,S005,2025-11-30,2025-12-05,4.7,5.5,5,OP109,0,none,10.2,0.539215633410232,0,0,0,3,0.1400745241143158,0
EQX1061,Grader,S007,2024-01-21,2024-02-03,3.4,1.0,13,OP120,0,none,4.4,0.22727267561984643,0,0,0,4,0.09827812057446816,0
EQX1169,Bulldozer,S001,2025-11-07,2025-11-28,3.7,4.7,21,OP120,0,none,8.4,0.5595237429138402,0,0,0,0,0.09653266178298281,0
EQX1035,Crane,S002,2024-07-07,2024-07-10,5.5,1.5,3,OP101,0,none,7.0,0.21428568367347375,0,0,0,2,0.13117128791774135,0
EQX1138,Crane,S012,2024-03-01,2024-03-05,5.0,3.4,4,OP133,0,none,8.4,0.40476185657596947,0,0,0,2,0.14802570820338568,0
EQX1118,Compactor,S007,2025-04-10,2025-04-18,4.2,7.5,8,OP115,0,none,11.7,0.6410255862371295,0,0,0,1,0.1232663218765434,0
EQX1055,Compactor,S007,2025-09-10,2025-09-11,11.1,4.3,1,OP120,0,none,15.399999999999999,0.279220761089561,0,0,0,1,0.06803390033319068,0
EQX1160,Compactor,S011,2025-02-24,2025-03-03,7.4,2.0,7,OP103,0,none,9.4,0.2127659348121346,0,0,0,1,0.15211590098552313,0
EQX1093,Crane,S002,2024-02-29,2024-03-04,6.0,4.0,4,OP106,0,none,10.0,0.39999996000000404,0,0,0,2,0.1537044603966467,0
EQX1052,Excavator,S008,2025-08-28,2025-09-16,8.2,2.1,19,OP108,0,none,10.299999999999999,0.20388347535111895,0,0,0,3,0.1304859491295582,0
EQX1035,Crane,S011,2024-05-05,2024-05-15,7.5,0.5,10,OP139,0,none,8.0,0.062499992187500984,0,0,0,2,0.11821599179665981,0
EQX1053,Compactor,S007,2025-01-28,2025-02-02,5.8,1.6,5,OP102,0,none,7.4,0.21621618699781256,0,0,0,1,0.1394341220708067,0
EQX1172,Crane,S002,2024-11-16,2024-11-22,7.8,0.5,6,OP102,0,none,8.3,0.06024095659747511,0,0,0,2,0.11575123896312678,0
EQX1155,Excavator,S009,2024-04-12,2024-04-23,5.5,5.1,11,OP111,0,none,10.6,0.481132030081884,0,0,0,3,0.15762577707589798,0
EQX1060,Excavator,S006,2024-02-12,2024-02-18,4.6,2.8,6,OP117,0,none,7.3999999999999995,0.378378327246172,0,0,0,3,0.14904331605765253,0
EQX1180,Compactor,S006,2024-12-15,2024-12-22,6.2,3.1,7,OP127,0,none,9.3,0.3333332974910433,0,0,0,1,0.16406211422011763,0
EQX1215,Compactor,S004,2025-09-04,2025-09-12,6.1,0.9,8,OP139,0,none,7.0,0.12857141020408425,0,0,0,1,0.13233070461852803,0
EQX1133,Grader,S006,2025-12-16,2025-12-27,9.0,4.1,11,OP123,0,none,13.1,0.3129770753452614,0,0,0,4,0.14197354041804922,0
EQX1093,Crane,S001,2025-08-21,2025-08-30,7.0,1.3,9,OP106,0,none,8.3,0.1566264871534353,0,0,0,2,0.1451002227928227,0
EQX1208,Grader,S007,2025-11-28,2025-12-09,7.2,4.1,11,OP125,0,none,11.3,0.3628318262980684,0,0,0,4,0.15850210002471754,0
EQX1027,Crane,S012,2025-03-06,2025-03-14,7.7,1.0,8,OP106,0,none,8.7,0.1149425155238488,0,0,0,2,0.1332241709555929,0
EQX1086,Excavator,S009,2024-09-21,2024-09-29,4.4,4.0,8,OP127,0,none,8.4,0.47619041950114055,0,0,0,3,0.15257568348428702,0
EQX1045,Compactor,S002,2024-03-21,2024-03-25,3.8,0.0,4,OP108,0,none,3.8,0.0,0,0,0,1,0.07837386499367782,0
EQX1017,Grader,S006,2024-09-12,2024-09-18,7.2,0.1,6,OP114,0,none,7.3,0.013698628260461882,0,0,0,4,0.10143558522882629,0
EQX1133,Grader,S012,2025-02-16,2025-03-02,7.6,5.7,14,OP109,0,none,13.3,0.42857139634801533,0,0,0,4,0.14223980169918365,0
EQX1192,Bulldozer,S003,2025-02-13,2025-02-26,4.4,4.1,13,OP131,0,none,8.5,0.4823528844290724,0,0,0,0,0.12230341210112194,0
EQX1125,Excavator,S003,2025-04-27,2025-05-21,7.0,11.0,24,OP132,0,none,18.0,0.6111110771604957,0,0,0,3,0.004977635834196303,0
EQX1083,Compactor,S012,2025-09-22,2025-09-30,7.1,4.9,8,OP113,0,none,12.0,0.40833329930555845,0,0,0,1,0.15758577322344208,0
EQX1105,Compactor,S010,2024-11-20,2024-11-25,7.5,2.4,5,OP128,0,none,9.9,0.24242421793694768,0,0,0,1,0.15040577809181999,0
EQX1125,Excavator,S007,2024-11-27,2024-12-16,7.4,7.6,19,OP122,0,none,15.0,0.5066666328888911,0,0,0,3,0.11424553487427375,0
EQX1145,Crane,S012,2024-02-18,2024-02-23,7.6,3.9,5,OP114,0,none,11.5,0.33913040529300825,0,0,0,2,0.15162203306524713,0
EQX1044,Bulldozer,S003,2024-08-23,2024-09-06,3.5,6.3,14,OP118,0,none,9.8,0.6428570772594819,0,0,0,0,0.0983586982459731,0
EQX1108,Bulldozer,S006,2025-08-11,2025-08-27,5.7,0.0,16,OP124,0,none,5.7,0.0,0,0,0,0,0.08376944211547815,0
EQX1038,Crane,S012,2024-10-13,2024-10-22,4.0,0.0,9,OP132,0,none,4.0,0.0,0,0,0,2,0.0949182343352794,0
EQX1062,Crane,S002,2025-03-11,2025-03-19,10.4,0.0,8,OP111,0,none,10.4,0.0,0,0,0,2,0.0801914893929066,0
EQX1165,Grader,S007,2025-04-27,2025-05-09,6.5,0.2,12,OP101,0,none,6.7,0.029850741813322118,0,0,0,4,0.10909481335317867,0
EQX1001,Compactor,S006,2025-01-23,2025-02-04,4.9,1.4,12,OP137,0,none,6.300000000000001,0.22222218694885917,0,0,0,1,0.13498267518472296,0
EQX1099,Excavator,S008,2024-12-21,2025-01-09,16.1,16.3,19,OP119,1,impossible_hours,32.400000000000006,0.5030864042257283,0,0,1,3,-0.15484197058805205,1
EQX1182,Loader,S005,2025-11-11,2025-11-26,6.8,4.2,15,OP101,0,none,11.0,0.3818181471074412,0,0,0,5,0.1420571521939613,0
EQX1209,Excavator,S005,2024-12-13,2024-12-30,5.3,0.8,17,OP127,0,none,6.1,0.1311475194840132,0,0,0,3,0.11614110645899384,0
EQX1091,Excavator,S002,2025-11-23,2025-12-10,5.1,0.0,17,OP136,0,none,5.1,0.0,0,0,0,3,0.09924682589648348,0
EQX1181,Loader,S002,2024-10-08,2024-10-21,0.5,7.1,13,OP126,0,none,7.6,0.9342104033933679,0,0,0,5,-0.008291231774841257,1
EQX1061,Grader,S002,2025-12-12,2025-12-20,3.8,8.3,8,OP106,0,none,12.100000000000001,0.6859503565330284,0,0,0,4,0.09036145511023308,0
EQX1037,Excavator,S003,2024-05-02,2024-05-19,18.9,16.5,17,OP123,1,impossible_hours,35.4,0.4661016817485401,0,0,1,3,-0.18979166996130759,1
EQX1179,Loader,S011,2025-06-29,2025-07-11,7.1,5.3,12,OP135,0,none,12.399999999999999,0.4274193203694097,0,0,0,5,0.13879121617210588,0
EQX1141,Crane,S003,2024-07-14,2024-07-23,7.4,3.2,9,OP139,0,none,10.600000000000001,0.3018867639729468,0,0,0,2,0.1599173037409809,0
EQX1197,Grader,S010,2025-06-23,2025-07-04,6.2,5.2,11,OP114,0,none,11.4,0.45614031086488505,0,0,0,4,0.15527146853897328,0
EQX1150,Excavator,S008,2024-08-06,2024-08-18,5.7,6.6,12,OP138,0,none,12.3,0.5365853222288356,0,0,0,3,0.1493471569020169,0
EQX1186,Grader,S002,2025-01-20,2025-01-27,4.7,0.0,7,OP111,0,none,4.7,0.0,0,0,0,4,0.09894647170689336,0
EQX1025,Compactor,S006,2025-12-20,2025-12-26,4.1,2.8,6,OP128,0,none,6.8999999999999995,0.4057970426381098,0,0,0,1,0.14520225848369517,0
EQX1092,Grader,S010,2025-03-22,2025-04-07,7.5,0.0,16,OP108,0,none,7.5,0.0,0,0,0,4,0.10237548151915227,0
EQX1131,Excavator,S007,2024-06-03,2024-06-24,9.2,5.6,21,OP116,0,none,14.799999999999999,0.3783783528122735,0,0,0,3,0.10906234552516197,0
EQX1065,Grader,S007,2024-07-05,2024-07-17,6.4,4.2,12,OP104,0,none,10.600000000000001,0.39622637771449265,0,0,0,4,0.1605397104144814,0
EQX1059,Excavator,S009,2025-03-09,2025-03-28,8.9,0.7,19,OP130,0,none,9.6,0.07291665907118135,0,0,0,3,0.10077807983156273,0
EQX1048,Bulldozer,S005,2024-04-01,2024-04-21,6.1,1.4,20,OP137,0,none,7.5,0.18666664177778108,0,0,0,0,0.10042304659851836,0
EQX1082,Crane,S001,2024-02-13,2024-02-22,4.2,4.0,9,OP116,0,none,8.2,0.48780481856038804,0,0,0,2,0.14882929050800442,0
EQX1002,Crane,S004,2024-11-25,2024-11-29,7.8,4.3,4,OP120,0,none,12.1,0.35537187145687016,0,0,0,2,0.14666372745584083,0
EQX1150,Excavator,S011,2025-01-24,2025-02-07,3.7,4.3,14,OP112,0,none,8.0,0.5374999328125084,0,0,0,3,0.13782549786995796,0
EQX1117,Compactor,S006,2025-03-12,2025-03-20,7.4,6.4,8,OP119,0,none,13.8,0.46376808233564626,0,0,0,1,0.15154959680354513,0
EQX1052,Excavator,S006,2025-03-20,2025-03-26,9.9,0.0,6,OP137,0,none,9.9,0.0,0,0,0,3,0.09279858222090726,0
EQX1055,Compactor,S009,2025-12-02,2025-12-09,5.2,4.5,7,OP110,0,none,9.7,0.46391747794665184,0,0,0,1,0.15522046998527783,0
EQX1195,Excavator,S004,2025-03-14,2025-03-30,6.0,2.8,16,OP101,0,none,8.8,0.31818178202479747,0,0,0,3,0.15778231087950872,0
EQX1070,Crane,S012,2024-06-26,2024-07-03,7.0,7.3,7,OP127,0,none,14.3,0.5104894747909459,0,0,0,2,0.14085308761006943,0
EQX1058,Grader,S005,2024-04-08,2024-04-22,3.2,2.4,14,OP111,0,none,5.6,0.42857135204082997,0,0,0,4,0.11629022859068905,0
EQX1157,Bulldozer,S011,2025-06-16,2025-07-12,6.7,5.9,26,OP127,0,none,12.600000000000001,0.46825393109095786,0,0,0,0,0.1079453283870146,0
EQX1168,Compactor,S006,2025-10-01,2025-10-07,17.8,15.7,6,OP111,1,impossible_hours,33.5,0.46865670242815816,0,0,1,1,-0.1758015412242817,1
EQX1161,Excavator,S005,2025-12-01,2025-12-13,6.6,0.0,12,OP125,0,none,6.6,0.0,0,0,0,3,0.1203560987503024,0
EQX1164,Excavator,S002,2024-03-21,2024-06-10,7.8,4.2,81,OP105,1,extended_rental,12.0,0.3499999708333358,0,0,0,3,-0.011284137680477091,1
EQX1219,Loader,S001,2025-03-21,2025-04-01,8.6,5.9,11,OP110,0,none,14.5,0.4068965236623088,0,0,0,5,0.11984473336607143,0
EQX1180,Compactor,S004,2025-04-14,2025-04-20,7.8,2.2,6,OP125,0,none,10.0,0.21999997800000223,0,0,0,1,0.15097071261008316,0
EQX1110,Loader,S009,2025-04-07,2025-04-17,3.4,1.4,10,OP107,0,none,4.8,0.2916666059027904,0,0,0,5,0.09772260410546857,0
EQX1197,Grader,S010,2025-11-08,2025-11-16,1.1,4.2,8,OP117,0,none,5.300000000000001,0.7924526806693054,0,0,0,4,0.04221805198140999,0
EQX1095,Bulldozer,S004,2024-09-16,2024-10-26,6.6,7.3,40,OP132,0,none,13.899999999999999,0.5251798183323872,0,0,0,0,0.032975759451412456,0
EQX1191,Loader,S002,2024-11-19,2024-12-02,4.0,1.2,13,OP114,0,none,5.2,0.23076918639054106,0,0,0,5,0.09489403533663077,0
EQX1094,Bulldozer,S008,2025-07-29,2025-08-19,4.2,2.8,21,OP105,0,none,7.0,0.399999942857151,0,0,0,0,0.10750479104203403,0
EQX1141,Crane,S008,2025-11-02,2025-11-09,4.5,3.9,7,OP117,0,none,8.4,0.464285659013612,0,0,0,2,0.15244347752027743,0
EQX1083,Compactor,S008,2025-01-11,2025-01-15,0.6,6.7,4,OP105,0,none,7.3,0.9178080934509462,0,0,0,1,0.011749589364621671,0
EQX1153,Excavator,S009,2024-10-20,2024-11-06,4.7,4.0,17,OP115,0,none,8.7,0.4597700620953952,0,0,0,3,0.14685854993681002,0
EQX1147,Bulldozer,S008,2024-05-29,2024-06-27,6.8,4.0,29,OP107,0,none,10.8,0.37037033607682074,0,0,0,0,0.10027904551030342,0
EQX1014,Compactor,S008,2024-11-05,2024-11-14,8.6,5.8,9,OP133,0,none,14.399999999999999,0.40277774980710074,0,0,0,1,0.14146470061178257,0
EQX1215,Compactor,S007,2024-01-21,2024-03-22,7.7,7.8,61,OP113,1,extended_rental,15.5,0.503225773985434,0,0,0,1,-0.013102198760322703,1
EQX1162,Loader,S002,2025-05-13,2025-05-25,6.1,3.1,12,OP134,0,none,9.2,0.3369564851134256,0,0,0,5,0.14331326901079428,0
EQX1203,Crane,S009,2025-10-11,2025-10-19,6.2,3.6,8,OP109,0,none,9.8,0.3673469012911325,0,0,0,2,0.16363142733179087,0
EQX1046,Compactor,S012,2024-03-08,2024-03-13,4.0,4.8,5,OP104,0,none,8.8,0.5454544834710814,0,0,0,1,0.13643476891431422,0
EQX1133,Grader,S010,2025-07-13,2025-07-24,5.5,4.5,11,OP106,0,none,10.0,0.44999995500000456,0,0,0,4,0.15299038245540492,0
EQX1125,Excavator,S001,2024-04-14,2024-05-07,4.9,3.6,23,OP130,0,none,8.5,0.42352936193772217,0,0,0,3,0.1265202584860987,0
EQX1119,Crane,S005,2024-11-25,2024-11-29,2.4,6.2,4,OP106,0,none,8.6,0.7209301487290526,0,0,0,2,0.08729727636238421,0
EQX1087,Compactor,S006,2024-02-17,2024-02-27,3.0,0.0,10,OP132,0,none,3.0,0.0,0,0,0,1,0.055088154847027726,0
EQX1192,Bulldozer,S003,2025-07-08,2025-07-25,9.2,6.4,17,OP106,0,none,15.6,0.41025638395792413,0,0,0,0,0.10562554370184762,0
EQX1115,Excavator,S006,2025-11-04,2025-11-13,4.2,1.8,9,OP137,0,none,6.0,0.29999995000000834,0,0,0,3,0.13956357557097954,0
EQX1177,Crane,S004,2024-11-12,2024-11-16,4.6,4.9,4,OP124,0,none,9.5,0.5157894193905875,0,0,0,2,0.1403347424176029,0
EQX1168,Compactor,S003,2025-02-02,2025-02-12,2.8,2.0,10,OP103,0,none,4.8,0.4166665798611292,0,0,0,1,0.104368538625352,0
EQX1145,Crane,S005,2025-01-08,2025-01-14,8.9,3.9,6,OP105,0,none,12.8,0.30468747619629094,0,0,0,2,0.1439368738710834,0
EQX1130,Grader,S007,2025-05-13,2025-05-22,4.1,3.8,9,OP111,0,none,7.8999999999999995,0.48101259734017754,0,0,0,4,0.14371213815690492,0
EQX1219,Loader,S001,2024-09-06,2024-09-22,8.5,1.4,16,OP118,0,none,9.9,0.14141412712988616,0,0,0,5,0.10737581920489281,0
EQX1165,Grader,S007,2024-11-13,2024-11-26,7.1,2.8,13,OP120,0,none,9.899999999999999,0.2828282542597723,0,0,0,4,0.15960998158694228,0
EQX1167,Compactor,S007,2024-11-29,2024-12-12,7.5,5.5,13,OP139,0,none,13.0,0.4230768905325469,0,0,0,1,0.1469034931359675,0
EQX1112,Excavator,S002,2025-08-17,2025-09-02,6.8,3.4,16,OP132,0,none,10.2,0.333333300653598,0,0,0,3,0.15689281032595487,0
EQX1002,Crane,S004,2025-10-02,2025-10-09,9.3,6.2,7,OP111,0,none,15.5,0.3999999741935501,0,0,0,2,0.1281415297500797,0
EQX1175,Excavator,S011,2025-08-12,2025-08-22,5.6,4.4,10,OP107,0,none,10.0,0.43999995600000447,0,0,0,3,0.15797514435764437,0
EQX1034,Bulldozer,S002,2024-03-25,2024-04-15,9.8,1.6,21,OP123,0,none,11.4,0.14035086488150308,0,0,0,0,0.07055583128677217,0
EQX1132,Loader,S004,2024-07-21,2024-08-07,6.2,3.6,17,OP112,0,none,9.8,0.3673469012911325,0,0,0,5,0.12999682752775943,0
EQX1055,Compactor,S009,2025-08-29,2025-09-03,6.6,6.5,5,OP137,0,none,13.1,0.49618316823029257,0,0,0,1,0.14350730245485843,0
EQX1005,Excavator,S012,2024-09-13,2024-10-04,5.3,4.7,21,OP134,0,none,10.0,0.46999995300000474,0,0,0,3,0.12953614702594574,0
EQX1031,Compactor,S004,2025-10-26,2025-11-02,6.3,4.7,7,OP109,0,none,11.0,0.42727268842975563,0,0,0,1,0.16011133660715654,0
EQX1020,Grader,S006,2024-01-28,2024-02-05,3.6,4.4,8,OP113,0,none,8.0,0.5499999312500087,0,0,0,4,0.13086336707973473,0
EQX1151,Compactor,S008,2025-02-10,2025-02-20,4.4,7.0,10,OP121,0,none,11.4,0.614035033856576,0,0,0,1,0.12947715627947687,0
EQX1083,Compactor,S008,2024-05-06,2024-05-14,6.5,5.7,8,OP106,0,none,12.2,0.46721307645794463,0,0,0,1,0.15604841465068553,0
EQX1019,Compactor,S006,2024-11-21,2024-11-26,6.5,6.0,5,OP130,0,none,12.5,0.4799999616000031,0,0,0,1,0.14539233153082992,0
EQX1091,Excavator,S008,2024-04-28,2024-07-23,6.2,1.9,86,OP135,1,extended_rental,8.1,0.23456787227557135,0,0,0,3,-0.03690357473732253,1
EQX1200,Bulldozer,S001,2024-02-26,2024-03-14,8.9,1.1,17,OP103,0,none,10.0,0.10999998900000112,0,0,0,0,0.09260899360542241,0
EQX1127,Bulldozer,S011,2024-09-03,2024-09-24,9.2,2.9,21,OP105,0,none,12.1,0.23966940168021475,0,0,0,0,0.10249977464531318,0
EQX1212,Grader,S006,2024-01-09,2024-01-20,8.3,5.6,11,OP103,0,none,13.9,0.40287766885772164,0,0,0,4,0.14238687703733188,0
EQX1018,Excavator,S008,2024-02-13,2024-02-28,4.9,3.2,15,OP124,0,none,8.100000000000001,0.3950616796220148,0,0,0,3,0.15460347015917447,0
EQX1176,Excavator,S002,2025-11-29,2025-12-12,5.5,2.0,13,OP113,0,none,7.5,0.2666666311111158,0,0,0,3,0.14994792538132762,0
EQX1100,Loader,S012,2025-02-26,2025-03-12,5.5,1.5,14,OP105,0,none,7.0,0.21428568367347375,0,0,0,5,0.12104833633551731,0
EQX1188,Excavator,S005,2024-08-18,2024-09-01,5.8,7.5,14,OP117,0,none,13.3,0.5639097320368622,0,0,0,3,0.13745307299489323,0
EQX1002,Crane,S007,2024-12-18,2024-12-25,4.9,0.2,7,OP121,0,none,5.1000000000000005,0.039215678585161055,0,0,0,2,0.09915460896013356,0
EQX1109,Excavator,S003,2025-02-28,2025-03-15,2.2,4.0,15,OP121,0,none,6.2,0.6451611862643247,0,0,0,3,0.09641522191678847,0
EQX1037,Excavator,S006,2024-01-04,2024-01-14,5.5,3.1,10,OP121,0,none,8.6,0.3604650743645263,0,0,0,3,0.1611012235715783,0
EQX1130,Grader,S006,2025-11-11,2025-11-22,8.4,1.7,11,OP109,0,none,10.1,0.16831681501813714,0,0,0,4,0.14075327875066285,0
EQX1219,Loader,S004,2024-05-18,2024-06-06,9.5,4.1,19,OP129,0,none,13.6,0.3014705660683407,0,0,0,5,0.09725730859628473,0
EQX1135,Grader,S006,2024-10-03,2024-10-11,4.7,7.1,8,OP107,0,none,11.8,0.6016948642631471,0,0,0,4,0.12910388552657814,0
EQX1214,Compactor,S006,2024-12-05,2024-12-10,8.7,0.0,5,OP134,0,none,8.7,0.0,0,0,0,1,0.1084511037248953,0
EQX1039,Bulldozer,S005,2024-05-27,2024-06-09,7.8,5.7,13,OP114,0,none,13.5,0.4222221909465044,0,0,0,0,0.1295431997655611,0
EQX1007,Compactor,S012,2024-10-11,2024-10-20,7.7,0.0,9,OP103,0,none,7.7,0.0,0,0,0,1,0.11849659084582148,0
EQX1216,Compactor,S002,2024-05-23,2024-05-27,4.4,1.7,4,OP107,0,none,6.1000000000000005,0.278688478903528,0,0,0,1,0.13042005397495976,0
EQX1148,Crane,UNKNOWN,2024-06-20,2024-06-25,6.2,5.4,5,OP131,1,unassigned_site,11.600000000000001,0.46551720124851714,1,0,0,2,-0.01989265889568692,1
EQX1180,Compactor,S005,2025-09-04,2025-09-11,5.0,3.3,7,OP121,0,none,8.3,0.3975903135433357,0,0,0,1,0.15171407313652785,0
EQX1162,Loader,S012,2024-12-25,2024-12-31,5.8,4.6,6,OP119,0,none,10.399999999999999,0.44230764977811066,0,0,0,5,0.1337188464122266,0
EQX1101,Loader,S003,2025-04-03,2025-04-10,10.8,3.9,7,OP113,0,none,14.700000000000001,0.26530610440094526,0,0,0,5,0.09357621961927515,0
EQX1142,Crane,S004,2025-12-13,2025-12-18,5.2,2.7,5,OP104,0,none,7.9,0.3417721086364419,0,0,0,2,0.15080642824337603,0
EQX1154,Grader,S003,2025-04-26,2025-05-06,8.2,0.0,10,OP138,0,none,8.2,0.0,0,0,0,4,0.1202058751606192,0
EQX1154,Grader,S007,2025-04-16,2025-04-21,4.2,0.2,5,OP122,0,none,4.4,0.04545453512396929,0,0,0,4,0.08474367146033818,0
EQX1062,Crane,S001,2025-09-30,2025-10-11,5.7,1.7,11,OP127,0,none,7.4,0.22972969868517584,0,0,0,2,0.1425927302948357,0
EQX1066,Grader,S010,2025-11-09,2025-11-17,10.6,6.3,8,OP120,0,none,16.9,0.3727810430307075,0,0,0,4,0.08614709562949402,0
EQX1109,Excavator,S011,2024-11-03,2024-11-14,8.0,3.0,11,OP126,0,none,11.0,0.2727272479338866,0,0,0,3,0.15348183277181981,0
EQX1156,Grader,S012,2025-03-14,2025-03-28,15.6,15.8,14,OP112,1,impossible_hours,31.4,0.5031846973508058,0,0,1,4,-0.15138496520184397,1
EQX1009,Excavator,S006,2024-11-11,2024-11-24,8.3,1.7,13,OP114,0,none,10.0,0.16999998300000171,0,0,0,3,0.13997484558732293,0
EQX1084,Excavator,S006,2025-12-04,2025-12-25,9.6,4.3,21,OP117,0,none,13.899999999999999,0.3093524957300363,0,0,0,3,0.11288464887950383,0
EQX1215,Compactor,S010,2025-11-15,2025-11-20,4.8,6.7,5,OP110,0,none,11.5,0.5826086449905526,0,0,0,1,0.13313664434664785,0
EQX1010,Crane,S010,2025-10-25,2025-10-30,3.8,5.9,5,OP105,0,none,9.7,0.6082473599744991,0,0,0,2,0.1295090509369356,0
EQX1183,Crane,S001,2025-09-17,2025-09-21,6.2,4.2,4,OP125,0,none,10.4,0.40384611501479667,0,0,0,2,0.15536597320854023,0
EQX1210,Crane,S009,2024-10-13,2024-10-24,6.7,5.0,11,UNKNOWN,1,no_operator,11.7,0.42735039082475296,0,1,0,2,-0.0003449639282340211,1
EQX1021,Compactor,S010,2025-06-25,2025-07-04,6.8,5.5,9,OP137,0,none,12.3,0.4471544351906963,0,0,0,1,0.1539003763529755,0
EQX1057,Crane,S002,2024-10-28,2024-11-02,3.8,0.0,5,OP135,0,none,3.8,0.0,0,0,0,2,0.08869664685553297,0
EQX1091,Excavator,S011,2024-03-02,2024-03-12,7.2,4.9,10,OP121,0,none,12.100000000000001,0.40495864421829386,0,0,0,3,0.1570580853489827,0
EQX1053,Compactor,S002,2025-07-16,2025-07-20,8.7,3.9,4,OP118,0,none,12.6,0.3095237849584298,0,0,0,1,0.13655900663197906,0
EQX1078,Grader,S010,2025-10-10,2025-10-20,6.4,0.9,10,OP128,0,none,7.300000000000001,0.12328765434415692,0,0,0,4,0.1307232726560989,0
EQX1136,Excavator,S002,2024-03-19,2024-03-28,2.3,7.1,9,OP132,0,none,9.399999999999999,0.755319068583078,0,0,0,3,0.08271059872257214,0
EQX1089,Excavator,S011,2024-11-07,2024-11-18,2.7,2.7,11,OP133,0,none,5.4,0.49999990740742456,0,0,0,3,0.11120221312723522,0
EQX1065,Grader,S007,2025-08-15,2025-08-26,2.2,5.1,11,OP115,0,none,7.3,0.698630041283556,0,0,0,4,0.09033019467823722,0
EQX1102,Grader,S010,2025-08-03,2025-08-16,6.0,1.9,13,OP113,0,none,7.9,0.24050629867008874,0,0,0,4,0.14913911561055715,0
EQX1043,Compactor,S004,2024-05-28,2024-06-06,6.7,1.9,9,OP114,0,none,8.6,0.22093020686858061,0,0,0,1,0.15401926528973342,0
EQX1132,Loader,S002,2025-07-06,2025-07-19,6.6,3.8,13,OP133,0,none,10.399999999999999,0.36538458025148274,0,0,0,5,0.14541369185801473,0
EQX1105,Compactor,S002,2024-05-24,2024-06-03,8.7,1.9,10,OP104,0,none,10.6,0.17924526610893718,0,0,0,1,0.14125390357133805,0
EQX1205,Excavator,S005,2024-10-18,2024-11-10,3.2,1.4,23,OP116,0,none,4.6,0.3043477599244,0,0,0,3,0.06922708801897537,0
EQX1082,Crane,S003,2024-07-29,2024-08-06,4.2,1.5,8,OP137,0,none,5.7,0.2631578485687985,0,0,0,2,0.13607889836091902,0
EQX1208,Grader,S010,2024-03-24,2024-04-02,4.2,2.6,9,OP125,0,none,6.800000000000001,0.3823528849481051,0,0,0,4,0.1420928903300392,0
EQX1130,Grader,S007,2025-10-24,2025-10-27,4.3,3.2,3,OP122,0,none,7.5,0.42666660977778537,0,0,0,4,0.12605501949788084,0
EQX1053,Compactor,S010,2024-03-07,2024-03-12,1.8,5.9,5,OP125,0,none,7.7,0.7662336667229004,0,0,0,1,0.07397563457011924,0
EQX1042,Compactor,S007,2025-11-19,2025-11-30,4.5,5.9,11,OP138,0,none,10.4,0.567307637758881,0,0,0,1,0.1443519993684933,0
EQX1108,Bulldozer,S011,2024-12-24,2025-01-22,8.5,3.4,29,OP110,0,none,11.9,0.2857142617046839,0,0,0,0,0.09113416343304559,0
EQX1038,Crane,S012,2025-11-10,2025-11-17,7.6,5.1,7,OP138,0,none,12.7,0.40157477152954557,0,0,0,2,0.15230656841551382,0
EQX1192,Bulldozer,S006,2024-05-03,2024-05-28,5.4,0.4,25,OP109,0,none,5.800000000000001,0.06896550535077493,0,0,0,0,0.04794955231978548,0
EQX1199,Excavator,S002,2025-12-08,2025-12-21,9.4,2.2,13,OP113,0,none,11.600000000000001,0.18965515606421068,0,0,0,3,0.12308963519928573,0
EQX1054,Grader,S007,2025-12-21,2025-12-31,1.9,0.2,10,OP116,0,none,2.1,0.0952380498866429,0,0,0,4,0.028147721985148033,0
EQX1074,Bulldozer,S003,2025-09-27,2025-10-03,3.1,6.0,6,OP128,0,none,9.1,0.6593405868856499,0,0,0,0,0.08677450272987064,0
EQX1031,Compactor,S012,2025-06-04,2025-06-11,8.1,2.2,7,OP107,0,none,10.3,0.21359221227260078,0,0,0,1,0.15082741818953943,0
EQX1062,Crane,S001,2024-02-07,2024-02-12,8.0,3.6,5,OP121,0,none,11.6,0.3103448008323448,0,0,0,2,0.14647989747746487,0
EQX1023,Loader,S012,2024-11-06,2024-11-17,16.7,12.4,11,OP133,1,impossible_hours,29.1,0.42611682384478267,0,0,1,5,-0.14655819524522073,1
EQX1117,Compactor,S004,2024-07-01,2024-07-13,9.2,3.4,12,OP125,0,none,12.6,0.2698412484252978,0,0,0,1,0.13466457287402422,0
EQX1199,Excavator,S002,2025-02-18,2025-03-12,7.9,6.4,22,OP110,0,none,14.3,0.4475524162550758,0,0,0,3,0.12157378001957453,0
EQX1167,Compactor,S002,2025-10-30,2025-11-12,2.5,6.2,13,OP104,0,none,8.7,0.7126435962478627,0,0,0,1,0.09053396136704384,0
EQX1112,Excavator,S011,2024-10-26,2024-10-31,5.1,8.1,5,OP119,0,none,13.2,0.6136363171487639,0,0,0,3,0.11111367412956835,0
EQX1090,Crane,S004,2024-02-22,2024-03-01,5.1,1.8,8,OP109,0,none,6.8999999999999995,0.26086952741021346,0,0,0,2,0.14673719644152233,0
EQX1196,Excavator,S012,2025-06-24,2025-07-11,4.1,0.0,17,OP129,0,none,4.1,0.0,0,0,0,3,0.08428663156232397,0
EQX1037,Excavator,S012,2024-12-24,2025-01-09,4.6,2.1,16,OP103,0,none,6.699999999999999,0.31343278903988225,0,0,0,3,0.13886750224178512,0
EQX1204,Excavator,S009,2025-10-21,2025-12-22,5.6,0.3,62,OP119,1,extended_rental,5.8999999999999995,0.05084744900890695,0,0,0,3,-0.04118307116593789,1
EQX1080,Compactor,S001,2025-10-31,2025-11-11,7.7,7.6,11,OP136,0,none,15.3,0.4967319936776475,0,0,0,1,0.12849078703949618,0
EQX1138,Crane,S002,2025-12-25,2025-12-30,13.3,0.0,5,OP117,0,none,13.3,0.0,0,0,0,2,-0.016035187121063443,1
EQX1197,Grader,S006,2025-08-28,2025-09-10,6.4,3.5,13,OP102,0,none,9.9,0.35353531782471537,0,0,0,4,0.16384510915298917,0
EQX1070,Crane,S001,2024-04-30,2024-05-02,2.1,1.8,2,OP102,0,none,3.9000000000000004,0.4615383431952966,0,0,0,2,0.054011309914701155,0
EQX1010,Crane,S012,2025-01-03,2025-01-07,7.4,2.5,4,OP107,0,none,9.9,0.25252522701765384,0,0,0,2,0.14905480727160836,0
EQX1168,Compactor,S007,2025-12-08,2025-12-14,5.0,3.6,6,OP102,0,none,8.6,0.418604602487837,0,0,0,1,0.1538436220625885,0
EQX1143,Loader,S005,2024-09-01,2024-09-11,7.1,3.6,10,OP124,0,none,10.7,0.3364485666870499,0,0,0,5,0.14128219531580632,0
EQX1125,Excavator,S001,2025-07-10,2025-07-24,7.4,1.2,14,OP107,0,none,8.6,0.13953486749594565,0,0,0,3,0.13741062391922576,0
EQX1195,Excavator,S003,2024-04-06,2024-04-22,7.4,0.9,16,OP130,0,none,8.3,0.1084337218754552,0,0,0,3,0.1224161749050734,0
EQX1206,Bulldozer,S011,2025-10-25,2025-11-26,8.6,3.1,32,OP109,0,none,11.7,0.2649572423113469,0,0,0,0,0.07260852731047329,0
EQX1036,Excavator,S001,2024-01-16,2024-01-25,3.6,0.0,9,OP139,0,none,3.6,0.0,0,0,0,3,0.09145188324463405,0
EQX1098,Excavator,S005,2025-05-22,2025-06-04,8.0,6.1,13,OP139,0,none,14.1,0.43262408279261827,0,0,0,3,0.14368379600013415,0
EQX1070,Crane,S009,2025-05-10,2025-05-19,6.1,6.4,9,OP127,0,none,12.5,0.5119999590400033,0,0,0,2,0.14811250886662114,0
EQX1192,Bulldozer,S010,2024-09-05,2024-09-21,8.6,3.8,16,OP117,0,none,12.399999999999999,0.3064515881893881,0,0,0,0,0.12589282832296822,0
EQX1106,Compactor,S004,2024-05-10,2024-05-19,4.4,6.7,9,OP107,0,none,11.100000000000001,0.6036035492249054,0,0,0,1,0.136183928789686,0
EQX1071,Excavator,S005,2024-01-24,2024-02-07,8.2,3.4,14,OP106,0,none,11.6,0.29310342300832565,0,0,0,3,0.1511287672107059,0
EQX1045,Compactor,S010,2025-05-31,2025-06-06,4.8,4.2,6,OP130,0,none,9.0,0.46666661481482064,0,0,0,1,0.15231358488047247,0
EQX1064,Compactor,S006,2024-03-03,2024-03-11,5.7,0.0,8,OP133,0,none,5.7,0.0,0,0,0,1,0.1135658388728113,0
EQX1182,Loader,S011,2024-04-21,2024-04-22,10.8,1.2,1,OP108,0,none,12.0,0.09999999166666737,0,0,0,5,0.02861150529241685,0
EQX1175,Excavator,S002,2025-02-16,2025-03-03,5.6,0.0,15,OP110,0,none,5.6,0.0,0,0,0,3,0.1128418329587273,0
EQX1056,Compactor,S006,2024-07-30,2024-08-07,4.1,0.1,8,OP101,0,none,4.199999999999999,0.023809518140590923,0,0,0,1,0.08124231879351296,0
EQX1135,Grader,S010,2025-10-08,2025-10-17,6.6,5.4,9,OP104,0,none,12.0,0.4499999625000032,0,0,0,4,0.15385231724532994,0
EQX1035,Crane,S012,2025-02-08,2025-02-14,3.9,0.7,6,OP104,0,none,4.6,0.1521738799622,0,0,0,2,0.09829472282663687,0
EQX1029,Excavator,S011,2025-07-29,2025-08-11,5.6,6.4,13,OP129,0,none,12.0,0.5333332888888926,0,0,0,3,0.15107815153273735,0
EQX1219,Loader,S008,2024-12-11,2024-12-27,12.8,0.0,16,OP132,0,none,12.8,0.0,0,0,0,5,-0.018094910762868954,1
EQX1040,Grader,S010,2024-11-10,2024-11-23,4.5,1.7,13,OP103,0,none,6.2,0.274193504162338,0,0,0,4,0.13457580344372982,0
EQX1178,Loader,S002,2025-06-05,2025-06-15,3.9,5.7,10,OP105,0,none,9.6,0.5937499381510482,0,0,0,5,0.11366569751301275,0
EQX1045,Compactor,S006,2025-03-03,2025-03-10,10.6,1.0,7,OP124,0,none,11.6,0.08620688912009578,0,0,0,1,0.09512136788036124,0
EQX1020,Grader,S010,2025-03-07,2025-03-15,1.3,20.4,8,OP125,1,excessive_idle,21.7,0.9400921225763998,0,0,0,4,-0.06797040763546958,1
EQX1140,Excavator,S006,2025-08-02,2025-08-14,4.9,4.6,12,OP110,0,none,9.5,0.48421047534626577,0,0,0,3,0.1532471279620906,0
EQX1052,Excavator,S003,2024-12-13,2025-01-01,9.2,8.5,19,OP105,0,none,17.7,0.4802259615691547,0,0,0,3,0.063615792745775,0
EQX1045,Compactor,S004,2025-09-27,2025-10-05,6.0,2.0,8,OP124,0,none,8.0,0.24999996875000394,0,0,0,1,0.15255612990672435,0
EQX1062,Crane,S010,2024-10-15,2024-10-25,4.2,6.1,10,OP106,0,none,10.3,0.592232952210393,0,0,0,2,0.14122207232133277,0
EQX1120,Grader,S010,2025-09-17,2025-09-22,7.4,0.0,5,OP129,0,none,7.4,0.0,0,0,0,4,0.11017350997391279,0
EQX1140,Excavator,S003,2025-05-01,2025-05-13,3.8,1.9,12,OP135,0,none,5.699999999999999,0.3333332748538114,0,0,0,3,0.13010599619585572,0
EQX1215,Compactor,S001,2025-06-23,2025-06-28,4.9,0.0,5,OP134,0,none,4.9,0.0,0,0,0,1,0.0999087594903032,0
EQX1067,Grader,S007,2024-03-24,2024-04-02,5.0,2.0,9,OP121,0,none,7.0,0.285714244897965,0,0,0,4,0.1416506621233269,0
EQX1151,Compactor,S007,2025-12-02,2025-12-09,5.4,4.9,7,OP134,0,none,10.3,0.4757281091526108,0,0,0,1,0.15439957868938514,0
EQX1098,Excavator,S001,2024-06-17,2024-06-22,4.7,5.1,5,OP125,0,none,9.8,0.5204081101624377,0,0,0,3,0.1404674224411473,0
EQX1103,Bulldozer,S003,2025-08-16,2025-09-06,7.0,2.4,21,OP134,0,none,9.4,0.2553191217745615,0,0,0,0,0.1177612230938721,0
EQX1203,Crane,S004,2024-03-11,2024-03-21,3.9,5.7,10,OP112,0,none,9.6,0.5937499381510482,0,0,0,2,0.13487867067647313,0
EQX1119,Crane,S001,2025-03-27,2025-04-01,10.7,2.0,5,OP131,0,none,12.7,0.1574803025606061,0,0,0,2,0.08815455793043747,0
EQX1150,Excavator,S012,2024-09-14,2024-09-29,15.3,17.7,15,OP112,1,impossible_hours,33.0,0.5363636201101933,0,0,1,3,-0.16325890879883165,1
EQX1213,Excavator,S007,2024-02-24,2024-03-07,5.1,6.6,12,OP128,0,none,11.7,0.5641025158886739,0,0,0,3,0.1465396282317059,0
EQX1124,Crane,S002,2024-10-02,2024-10-08,8.4,2.9,6,OP116,0,none,11.3,0.2566371454303411,0,0,0,2,0.14671818042634832,0
EQX1133,Grader,S006,2024-08-29,2024-08-30,6.1,3.2,1,OP120,0,none,9.3,0.3440859845068834,0,0,0,4,0.12629603370427422,0
EQX1170,Loader,S002,2024-03-03,2024-03-13,9.2,6.7,10,OP123,0,none,15.899999999999999,0.42138362129662765,0,0,0,5,0.10296566820272363,0
EQX1044,Bulldozer,S005,2024-05-15,2024-06-09,7.2,6.8,25,OP116,0,none,14.0,0.48571425102041066,0,0,0,0,0.10254906132962949,0
EQX1220,Bulldozer,S003,2024-10-26,2024-11-17,3.9,2.8,22,OP123,0,none,6.699999999999999,0.41791038538650965,0,0,0,0,0.09717964647071142,0
EQX1037,Excavator,S003,2024-11-08,2024-11-15,4.6,1.1,7,OP117,0,none,5.699999999999999,0.1929824222837856,0,0,0,3,0.13103041936143162,0
EQX1159,Compactor,S002,2025-01-12,2025-01-17,6.9,4.2,5,OP122,0,none,11.100000000000001,0.37837834429023925,0,0,0,1,0.1514535034051413,0
EQX1071,Excavator,S004,2024-04-30,2024-05-13,5.1,6.9,13,OP125,0,none,12.0,0.5749999520833374,0,0,0,3,0.14161001847883908,0
EQX1110,Loader,S007,2025-10-07,2025-10-13,4.6,2.9,6,OP112,0,none,7.5,0.38666661511111794,0,0,0,5,0.12324371780073295,0
EQX1086,Excavator,S011,2025-10-26,2025-11-10,7.9,6.4,15,OP126,0,none,14.3,0.4475524162550758,0,0,0,3,0.14108652352642131,0
EQX1095,Bulldozer,S011,2025-08-20,2025-09-04,1.0,3.4,15,OP115,0,none,4.4,0.7727270971074778,0,0,0,0,0.009057544234099879,0
EQX1172,Crane,S001,2025-10-20,2025-10-25,7.9,1.4,5,OP114,0,none,9.3,0.15053761822176148,0,0,0,2,0.13283653239760523,0
EQX1064,Compactor,S010,2025-09-26,2025-10-04,2.9,1.9,8,OP135,0,none,4.8,0.3958332508680727,0,0,0,1,0.10603705850260325,0
EQX1136,Excavator,S009,2025-08-13,2025-08-21,5.7,4.5,8,OP113,0,none,10.2,0.44117642733564444,0,0,0,3,0.15963197319503203,0
EQX1197,Grader,S005,2024-02-14,2024-02-26,4.5,4.6,12,OP132,0,none,9.1,0.5054944499456648,0,0,0,4,0.14867601878322834,0
EQX1023,Loader,S002,2024-05-11,2024-05-18,3.3,4.1,7,OP138,0,none,7.3999999999999995,0.5540539791818947,0,0,0,5,0.10042813871593309,0
EQX1035,Crane,S001,2024-03-23,2024-03-31,7.4,2.8,8,OP133,0,none,10.2,0.27450977700884543,0,0,0,2,0.15744972791621598,0
EQX1042,Compactor,S010,2024-12-24,2025-01-02,6.0,0.5,9,OP107,0,none,6.5,0.07692306508875922,0,0,0,1,0.11830783904968456,0
EQX1194,Compactor,S006,2024-03-10,2024-03-15,7.1,7.1,5,OP111,0,none,14.2,0.4999999647887349,0,0,0,1,0.1378501262845453,0
EQX1024,Loader,S011,2024-11-01,2024-11-17,1.8,4.9,16,OP120,0,none,6.7,0.7313431744263919,0,0,0,5,0.053160323861568326,0
EQX1155,Excavator,S001,2024-02-27,2024-03-07,8.6,4.8,9,OP133,0,none,13.399999999999999,0.358208928491871,0,0,0,3,0.1458270365201138,0
EQX1106,Compactor,S009,2025-11-24,2025-12-02,6.7,2.4,8,OP114,0,none,9.1,0.26373623475425995,0,0,0,1,0.1595949504129598,0
EQX1109,Excavator,S001,2025-05-20,2025-06-01,4.6,4.2,12,OP117,0,none,8.8,0.4772726730371963,0,0,0,3,0.15764094572464904,0
EQX1219,Loader,S005,2025-08-14,2025-08-24,2.9,5.3,10,OP106,0,none,8.2,0.6463413845925141,0,0,0,5,0.09740008633865299,0
EQX1168,Compactor,S002,2025-09-18,2025-09-27,6.0,2.5,9,OP119,0,none,8.5,0.2941176124567515,0,0,0,1,0.1593612075592714,0
EQX1115,Excavator,S005,2024-10-05,2024-10-15,3.2,1.0,10,OP124,0,none,4.2,0.23809518140590918,0,0,0,3,0.10434101724631356,0
EQX1145,Crane,S011,2024-04-03,2024-04-10,5.6,3.1,7,OP130,0,none,8.7,0.35632179812393133,0,0,0,2,0.16232987741723215,0
EQX1085,Excavator,S011,2025-09-01,2025-09-16,6.3,3.2,15,OP131,0,none,9.5,0.336842069806098,0,0,0,3,0.15949155628898992,0
EQX1070,Crane,S009,2025-05-23,2025-05-26,7.2,5.6,3,OP121,0,none,12.8,0.43749996582031514,0,0,0,2,0.14013695018618644,0
EQX1153,Excavator,S011,2024-09-12,2024-09-26,4.8,0.2,14,OP104,0,none,5.0,0.0399999920000016,0,0,0,3,0.09736050879912378,0
EQX1162,Loader,S003,2025-12-17,2025-12-24,11.5,3.3,7,OP107,0,none,14.8,0.22297295790723257,0,0,0,5,0.0814283292978647,0
EQX1017,Grader,S006,2025-11-08,2025-11-19,5.5,3.9,11,OP126,0,none,9.4,0.41489357288366246,0,0,0,4,0.15457767229158248,0
EQX1122,Grader,S012,2024-07-08,2024-07-15,8.2,2.5,7,OP129,0,none,10.7,0.233644837977118,0,0,0,4,0.14883220469590375,0
EQX1006,Loader,S001,2025-06-14,2025-06-20,5.0,8.3,6,OP107,0,none,13.3,0.6240601034541277,0,0,0,5,0.07856100207800709,0
EQX1007,Compactor,S001,2024-05-31,2024-06-10,7.1,3.9,10,OP122,0,none,11.0,0.35454542231405256,0,0,0,1,0.15781262762831866,0
EQX1050,Excavator,S011,2024-07-13,2024-07-22,4.5,6.4,9,OP121,0,none,10.9,0.5871559094352378,0,0,0,3,0.14430941887829246,0
EQX1014,Compactor,S006,2025-12-10,2025-12-13,4.2,0.9,3,OP111,0,none,5.1000000000000005,0.17647055363322475,0,0,0,1,0.09864768411113728,0
EQX1025,Compactor,S010,2024-08-28,2024-09-05,2.2,3.4,8,OP129,0,none,5.6,0.6071427487245091,0,0,0,1,0.09689799216965977,0
EQX1188,Excavator,S003,2025-04-29,2025-05-09,8.2,2.2,10,OP102,0,none,10.399999999999999,0.21153844119822687,0,0,0,3,0.15072316503534183,0
EQX1082,Crane,S012,2025-02-28,2025-03-01,4.2,4.2,1,OP123,0,none,8.4,0.4999999404761976,0,0,0,2,0.11746135239583594,0
EQX1183,Crane,S002,2025-06-10,2025-06-17,7.4,0.0,7,OP111,0,none,7.4,0.0,0,0,0,2,0.1187740931943484,0
EQX1061,Grader,S010,2025-03-16,2025-03-29,4.8,3.4,13,OP115,0,none,8.2,0.41463409577632987,0,0,0,4,0.15342370537723593,0
EQX1170,Loader,S012,2024-11-10,2024-11-28,7.0,3.7,18,OP126,0,none,10.7,0.34579436020613463,0,0,0,5,0.1273530894731586,0
EQX1180,Compactor,S007,2025-05-03,2025-05-12,8.2,8.5,9,OP138,0,none,16.7,0.5089820054501794,0,0,0,1,0.10705054169499495,0
EQX1095,Bulldozer,S005,2025-02-19,2025-03-13,6.4,0.0,22,OP104,0,none,6.4,0.0,0,0,0,0,0.07028085694993669,0
EQX1195,Excavator,S004,2024-12-14,2024-12-24,15.1,12.4,10,OP121,1,impossible_hours,27.5,0.4509090745123973,0,0,1,3,-0.12614470704243452,1
EQX1053,Compactor,S012,2024-09-10,2024-09-17,4.8,0.9,7,OP120,0,none,5.7,0.1578947091412791,0,0,0,1,0.12294267140843029,0
EQX1029,Excavator,S004,2025-10-28,2025-11-10,10.5,5.2,13,OP136,0,none,15.7,0.3312101699866134,0,0,0,3,0.10128119655867074,0
EQX1082,Crane,S012,2025-01-18,2025-01-26,3.1,7.8,8,OP129,0,none,10.9,0.7155962646241959,0,0,0,2,0.10002256167502616,0
EQX1198,Loader,S005,2024-06-05,2024-06-15,9.1,3.6,10,OP110,0,none,12.7,0.28346454460909104,0,0,0,5,0.1253339213034943,0
EQX1139,Compactor,S001,2024-01-16,2024-01-24,5.3,8.2,8,OP107,0,none,13.5,0.6074073624142694,0,0,0,1,0.12119343181130277,0
EQX1078,Grader,S007,2025-06-07,2025-06-19,5.0,5.2,12,OP103,0,none,10.2,0.5098038715878558,0,0,0,4,0.14701396937020422,0
EQX1124,Crane,S003,2025-10-04,2025-10-14,6.6,6.0,10,OP115,0,none,12.6,0.4761904383975843,0,0,0,2,0.1512147066460477,0
EQX1114,Grader,UNKNOWN,2024-02-12,2024-02-16,6.6,2.5,4,OP105,1,unassigned_site,9.1,0.2747252445356875,1,0,0,4,-0.01809641419642527,1
EQX1128,Excavator,S007,2025-04-14,2025-04-27,10.2,0.2,13,OP105,0,none,10.399999999999999,0.019230767381656987,0,0,0,3,0.07210165915738309,0
EQX1145,Crane,S004,2024-10-07,2024-10-12,6.8,2.6,5,OP135,0,none,9.4,0.276595715255775,0,0,0,2,0.15626244018452878,0
EQX1214,Compactor,S004,2024-03-21,2024-04-01,4.2,3.0,11,OP138,0,none,7.2,0.4166666087963043,0,0,0,1,0.14515607998603774,0
EQX1205,Excavator,S004,2024-12-28,2025-01-12,7.6,7.3,15,OP112,0,none,14.899999999999999,0.4899328530246408,0,0,0,3,0.13158631953939132,0
EQX1148,Crane,S002,2024-02-11,2024-02-15,7.2,7.2,4,OP109,0,none,14.4,0.49999996527778023,0,0,0,2,0.13455282802384527,0
EQX1006,Loader,S011,2025-06-21,2025-06-30,6.7,3.6,9,OP103,0,none,10.3,0.3495145291733467,0,0,0,5,0.14311077993809218,0
EQX1100,Loader,S009,2024-11-14,2024-11-26,5.0,1.5,12,OP102,0,none,6.5,0.23076919526627765,0,0,0,5,0.12181321204066825,0
EQX1048,Bulldozer,S007,2025-08-13,2025-08-28,4.5,5.8,15,OP109,0,none,10.3,0.5631067414459474,0,0,0,0,0.12290524661296381,0
EQX1216,Compactor,S003,2025-03-10,2025-03-20,6.1,3.3,10,OP105,0,none,9.399999999999999,0.3510637924400221,0,0,0,1,0.15962512006635793,0
EQX1202,Loader,S012,2025-03-19,2025-03-23,5.5,4.6,4,OP131,0,none,10.1,0.4554454994608417,0,0,0,5,0.1230468924987676,0
EQX1186,Grader,S006,2025-10-19,2025-11-03,4.7,3.3,15,OP114,0,none,8.0,0.4124999484375065,0,0,0,4,0.14720974125976366,0
EQX1116,Loader,S003,2024-10-13,2024-10-15,9.1,6.9,2,OP127,0,none,16.0,0.4312499730468767,0,0,0,5,0.07684241094901345,0
EQX1015,Crane,S004,2024-03-05,2024-03-13,6.6,7.2,8,OP126,0,none,13.8,0.521739092627602,0,0,0,2,0.14004794020156996,0
EQX1072,Crane,S010,2024-05-19,2024-05-27,4.3,0.0,8,OP135,0,none,4.3,0.0,0,0,0,2,0.09966264579982476,0
EQX1188,Excavator,S010,2024-05-05,2024-05-24,5.5,1.4,19,OP139,0,none,6.9,0.20289852131905486,0,0,0,3,0.13426278217495868,0
EQX1054,Grader,S002,2025-10-17,2025-10-28,7.4,1.3,11,OP127,0,none,8.700000000000001,0.14942527018100343,0,0,0,4,0.13817640065312675,0
EQX1070,Crane,S002,2024-05-26,2024-05-31,5.2,0.0,5,OP108,0,none,5.2,0.0,0,0,0,2,0.10667101864169826,0
EQX1217,Excavator,S005,2024-04-07,2024-04-21,3.3,4.9,14,OP122,0,none,8.2,0.5975609027364754,0,0,0,3,0.12620810264210747,0
EQX1145,Crane,S004,2024-02-24,2024-04-18,5.0,3.1,54,OP131,1,extended_rental,8.1,0.38271600213382695,0,0,0,2,0.033798424563622254,0
EQX1199,Excavator,S003,2024-02-20,2024-03-16,7.3,7.6,25,OP104,0,none,14.899999999999999,0.5100670798612699,0,0,0,3,0.09453577008202901,0
EQX1015,Crane,S012,2025-10-13,2025-10-22,8.3,4.9,9,OP136,0,none,13.200000000000001,0.371212093089993,0,0,0,2,0.1495566895450558,0
EQX1025,Compactor,S010,2024-10-23,2024-10-25,3.3,0.6,2,OP118,0,none,3.9,0.1538461143984322,0,0,0,1,0.057918419904665064,0
EQX1125,Excavator,S005,2025-06-10,2025-06-28,3.4,3.9,18,OP111,0,none,7.3,0.5342465021580134,0,0,0,3,0.12581205642886512,0
EQX1095,Bulldozer,S007,2024-12-09,2025-01-01,4.8,2.5,23,OP101,0,none,7.3,0.34246570651154706,0,0,0,0,0.10546357253059202,0
EQX1081,Grader,S010,2024-07-19,2024-07-27,9.0,6.9,8,OP103,0,none,15.9,0.433962236857721,0,0,0,4,0.12112006949785947,0
EQX1169,Bulldozer,S002,2024-04-11,2024-04-29,7.0,4.2,18,OP122,0,none,11.2,0.3749999665178602,0,0,0,0,0.13261844277071522,0
EQX1163,Bulldozer,S003,2024-09-07,2024-09-16,1.1,1.5,9,OP128,0,none,2.6,0.5769228550296711,0,0,0,0,-0.013723732639480568,1
EQX1028,Excavator,S007,2025-03-26,2025-04-06,9.2,3.4,11,OP113,0,none,12.6,0.2698412484252978,0,0,0,3,0.13804307057714432,0
EQX1016,Bulldozer,S006,2024-09-19,2024-10-17,6.7,4.6,28,OP134,0,none,11.3,0.40707960999295484,0,0,0,0,0.09984835848739732,0
EQX1038,Crane,S007,2025-09-27,2025-10-02,6.1,2.4,5,OP107,0,none,8.5,0.28235290795848145,0,0,0,2,0.1546851727706846,0
EQX1143,Loader,S011,2025-03-24,2025-04-11,4.5,9.5,18,OP134,0,none,14.0,0.6785713801020443,0,0,0,5,0.02764568668220979,0
EQX1152,Loader,S012,2025-03-10,2025-03-24,17.8,15.3,14,OP114,1,impossible_hours,33.1,0.462235635582005,0,0,1,5,-0.15849603580949223,1
EQX1089,Excavator,S008,2024-07-09,2024-07-23,7.0,2.9,14,OP108,0,none,9.9,0.2929292633404785,0,0,0,3,0.16154494263618469,0
EQX1090,Crane,S012,2025-03-12,2025-05-20,6.1,5.1,69,OP131,1,extended_rental,11.2,0.45535710220025877,0,0,0,2,0.006963777377941738,0
EQX1037,Excavator,S008,2025-02-23,2025-03-07,10.1,4.5,12,OP124,0,none,14.6,0.30821915697129065,0,0,0,3,0.12366746360080627,0
EQX1122,Grader,S006,2025-06-10,2025-06-22,3.7,5.3,12,OP114,0,none,9.0,0.5888888234567974,0,0,0,4,0.1291796445772953,0
EQX1121,Grader,S006,2024-03-25,2024-04-04,6.4,7.0,10,OP109,0,none,13.4,0.5223880207173119,0,0,0,4,0.13899730630138224,0
EQX1065,Grader,S003,2025-03-31,2025-04-07,5.6,0.2,7,OP132,0,none,5.8,0.034482752675387474,0,0,0,4,0.10213244046109837,0
EQX1167,Compactor,S011,2025-05-02,2025-05-10,4.1,3.5,8,OP126,0,none,7.6,0.4605262551939138,0,0,0,1,0.14528311023462992,0
EQX1016,Bulldozer,S001,2025-03-11,2025-03-27,6.6,2.9,16,OP112,0,none,9.5,0.3052631257617763,0,0,0,0,0.13507075475295943,0
EQX1104,Loader,S012,2025-11-20,2025-11-29,8.0,6.8,9,OP109,0,none,14.8,0.45945942841490345,0,0,0,5,0.11742414947381208,0
EQX1143,Loader,S003,2025-08-07,2025-08-19,3.2,6.6,12,OP109,0,none,9.8,0.673469319033743,0,0,0,5,0.09540353669584245,0
EQX1099,Excavator,S001,2024-04-30,2024-05-11,5.8,3.9,11,OP111,0,none,9.7,0.4020618142204316,0,0,0,3,0.1616006617633553,0
EQX1062,Crane,S010,2025-02-01,2025-02-09,3.9,7.0,8,OP103,0,none,10.9,0.6422017759447912,0,0,0,2,0.13035791614017578,0
EQX1016,Bulldozer,S011,2024-02-02,2024-02-15,9.6,6.6,13,OP127,0,none,16.2,0.4074073822588035,0,0,0,0,0.1002801465002155,0
EQX1063,Grader,S007,2025-12-14,2025-12-29,6.0,4.8,15,OP121,0,none,10.8,0.4444444032921849,0,0,0,4,0.14926613429516394,0
EQX1031,Compactor,S005,2025-05-10,2025-05-17,10.4,6.6,7,OP106,0,none,17.0,0.3882352712802781,0,0,0,1,0.09534784348314129,0
EQX1213,Excavator,S001,2024-05-07,2024-05-14,5.7,2.9,7,OP139,0,none,8.6,0.337209263115202,0,0,0,3,0.16063888206205373,0
EQX1148,Crane,S006,2025-01-08,2025-01-13,7.8,2.7,5,OP134,0,none,10.5,0.2571428326530636,0,0,0,2,0.1517135361020147,0
EQX1185,Compactor,S006,2024-07-25,2024-08-03,6.3,3.4,9,OP127,0,none,9.7,0.3505154277819147,0,0,0,1,0.1618790046097302,0
EQX1177,Crane,S001,2024-04-26,2024-05-02,0.0,7.4,6,OP112,0,none,7.4,0.9999998648648831,0,0,0,2,-0.034057816038306044,1
EQX1140,Excavator,S005,2024-12-18,2025-01-01,8.6,3.7,14,OP134,0,none,12.3,0.3008129836737412,0,0,0,3,0.14868747596857684,0
EQX1190,Bulldozer,S004,2024-05-21,2024-06-05,6.7,4.8,15,OP114,0,none,11.5,0.41739126805293325,0,0,0,0,0.13465528800420895,0
EQX1179,Loader,S001,2025-02-14,2025-02-26,6.2,0.0,12,OP104,0,none,6.2,0.0,0,0,0,5,0.09672378440355223,0
EQX1182,Loader,S008,2024-04-06,2024-04-18,6.9,4.9,12,OP131,0,none,11.8,0.41525420209710157,0,0,0,5,0.14294571355406255,0
EQX1015,Crane,S010,2024-05-06,2024-05-10,4.2,2.0,4,OP138,0,none,6.2,0.32258059313216236,0,0,0,2,0.13409196201082718,0
EQX1019,Compactor,S007,2025-01-19,2025-01-27,8.4,1.8,8,OP114,0,none,10.200000000000001,0.17647057093425775,0,0,0,1,0.1429702737839697,0
EQX1015,Crane,S002,2024-07-20,2024-07-29,6.0,1.9,9,OP125,0,none,7.9,0.24050629867008874,0,0,0,2,0.15256456129659013,0
EQX1118,Compactor,S007,2025-07-08,2025-07-14,5.1,4.3,6,OP134,0,none,9.399999999999999,0.45744675984608946,0,0,0,1,0.1545718530780465,0
EQX1212,Grader,S006,2025-01-13,2025-01-22,3.1,7.3,9,OP113,0,none,10.4,0.7019230094304799,0,0,0,4,0.0937351953418023,0
EQX1006,Loader,S003,2024-07-17,2024-07-28,6.7,1.8,11,UNKNOWN,1,no_operator,8.5,0.21176468096886109,0,1,0,5,-0.024192677874493973,1
EQX1097,Bulldozer,S007,2025-03-17,2025-04-01,5.2,8.1,15,OP119,0,none,13.3,0.6090225105998112,0,0,0,0,0.09461272889002198,0
EQX1003,Loader,S009,2025-01-28,2025-02-13,5.6,0.0,16,OP103,0,none,5.6,0.0,0,0,0,5,0.08376368328196437,0
EQX1109,Excavator,S005,2024-02-19,2024-03-08,6.6,9.9,18,OP113,0,none,16.5,0.5999999636363659,0,0,0,3,0.05600632786801529,0
EQX1126,Crane,S003,2025-05-24,2025-05-30,6.4,9.8,6,OP128,0,none,16.200000000000003,0.6049382342630718,0,0,0,2,0.07160480810265252,0
EQX1120,Grader,S010,2024-08-24,2024-09-01,5.8,6.1,8,OP109,0,none,11.899999999999999,0.5126049989407565,0,0,0,4,0.14954862619739184,0
EQX1169,Bulldozer,S004,2024-05-03,2024-05-21,6.9,0.7,18,OP128,0,none,7.6000000000000005,0.09210525103878274,0,0,0,0,0.08674530036122335,0
EQX1118,Compactor,S009,2025-10-29,2025-11-05,7.5,0.7,7,OP114,0,none,8.2,0.08536584324806791,0,0,0,1,0.12390868832777979,0
EQX1108,Bulldozer,S005,2024-07-21,2024-08-03,6.6,3.6,13,OP104,0,none,10.2,0.35294114186851555,0,0,0,0,0.14274717017759925,0
EQX1026,Excavator,S012,2025-11-07,2025-11-27,4.9,4.7,20,OP110,0,none,9.600000000000001,0.48958328233507475,0,0,0,3,0.13706180170535498,0
EQX1217,Excavator,S003,2025-04-21,2025-05-03,6.6,1.8,12,OP116,0,none,8.4,0.21428568877551327,0,0,0,3,0.15399655896874664,0
EQX1208,Grader,S006,2025-01-02,2025-01-10,6.4,4.9,8,OP112,0,none,11.3,0.43362828020988675,0,0,0,4,0.15593216571829316,0
EQX1054,Grader,S007,2025-12-08,2025-12-16,9.8,0.0,8,OP133,0,none,9.8,0.0,0,0,0,4,0.09866639437804209,0
EQX1020,Grader,S010,2024-11-27,2024-12-09,9.4,0.0,12,OP119,0,none,9.4,0.0,0,0,0,4,0.0995962180995309,0
EQX1105,Compactor,S009,2024-10-10,2024-10-21,6.7,8.1,11,OP116,0,none,14.8,0.5472972603177526,0,0,0,1,0.12251767116916379,0
EQX1083,Compactor,S010,2024-05-22,2024-06-03,8.3,7.9,12,OP125,0,none,16.200000000000003,0.4876542908855375,0,0,0,1,0.11185402901947428,0
EQX1079,Grader,S008,2025-11-26,2025-12-04,3.6,0.2,8,OP124,0,none,3.8000000000000003,0.05263156509695655,0,0,0,4,0.08546798189810084,0
EQX1202,Loader,S005,2025-11-09,2025-11-25,4.1,0.0,16,OP137,0,none,4.1,0.0,0,0,0,5,0.061999509557975174,0
EQX1021,Compactor,S007,2024-04-12,2024-04-19,4.9,5.0,7,OP137,0,none,9.9,0.5050504540353077,0,0,0,1,0.15260054207720014,0
EQX1034,Bulldozer,S005,2024-11-23,2024-12-17,4.4,2.8,24,OP105,0,none,7.2,0.3888888348765507,0,0,0,0,0.09801385764895987,0
EQX1152,Loader,S008,2025-07-13,2025-07-24,7.2,3.6,11,OP131,0,none,10.8,0.33333330246913867,0,0,0,5,0.14244473659867352,0
EQX1008,Compactor,S006,2025-12-05,2025-12-12,2.2,5.3,7,OP101,0,none,7.5,0.706666572444457,0,0,0,1,0.10071927980519252,0
EQX1172,Crane,S012,2024-12-31,2025-01-07,6.0,2.9,7,OP112,0,none,8.9,0.32584266001767864,0,0,0,2,0.16223068579320837,0
EQX1116,Loader,S005,2025-03-05,2025-03-13,6.5,9.4,8,OP136,0,none,15.9,0.591194931371388,0,0,0,5,0.05998677360392479,0
EQX1198,Loader,S002,2024-09-04,2024-09-18,2.3,3.3,14,OP105,0,none,5.6,0.5892856090561412,0,0,0,5,0.07431277134940961,0
EQX1119,Crane,S012,2025-11-13,2025-11-22,3.1,2.2,9,OP110,0,none,5.300000000000001,0.41509426130296956,0,0,0,2,0.12106559644678516,0
EQX1180,Compactor,S007,2025-09-28,2025-10-06,4.4,4.0,8,OP131,0,none,8.4,0.47619041950114055,0,0,0,1,0.15210045555225477,0
EQX1203,Crane,S001,2024-11-22,2024-11-26,4.5,3.0,4,OP120,0,none,7.5,0.39999994666667377,0,0,0,2,0.1458349248588609,0
EQX1150,Excavator,S012,2024-06-30,2024-07-02,0.2,19.5,2,OP138,1,excessive_idle,19.7,0.9898476654899662,0,0,0,3,-0.08264669176303596,1
EQX1174,Loader,S005,2025-11-28,2025-12-12,6.9,4.0,14,OP113,0,none,10.9,0.36697244339702356,0,0,0,5,0.1433364431215972,0
EQX1219,Loader,S002,2025-12-15,2025-12-24,1.7,4.2,9,OP124,0,none,5.9,0.7118642861246972,0,0,0,5,0.06067642000074147,0
EQX1093,Crane,S004,2025-03-11,2025-03-21,5.8,1.1,10,OP115,0,none,6.9,0.159420266750686,0,0,0,2,0.13760631568904147,0
EQX1060,Excavator,S004,2025-04-17,2025-04-28,1.8,0.6,11,OP125,0,none,2.4,0.24999989583337673,0,0,0,3,0.04318170006415384,0
EQX1211,Grader,S006,2024-10-06,2024-10-15,2.1,0.0,9,OP136,0,none,2.1,0.0,0,0,0,4,0.025259404868548274,0
EQX1216,Compactor,S006,2024-02-20,2024-02-28,9.2,0.3,8,OP126,0,none,9.5,0.03157894404432168,0,0,0,1,0.09104678691948831,0
EQX1023,Loader,S008,2025-03-07,2025-03-19,3.7,2.7,12,OP127,0,none,6.4,0.4218749340820415,0,0,0,5,0.1158469991861964,0
EQX1177,Crane,S003,2024-02-24,2024-02-28,6.1,3.2,4,OP104,0,none,9.3,0.3440859845068834,0,0,0,2,0.15484788550967998,0
EQX1123,Excavator,S009,2025-07-28,2025-08-11,5.9,4.1,14,OP130,0,none,10.0,0.4099999590000041,0,0,0,3,0.15848706203627566,0
EQX1103,Bulldozer,S009,2024-04-02,2024-04-27,5.2,3.4,25,OP110,0,none,8.6,0.3953487912385127,0,0,0,0,0.10505295325904912,0
EQX1207,Excavator,S005,2024-07-28,2024-08-12,7.9,0.0,15,OP114,0,none,7.9,0.0,0,0,0,3,0.11671563739902613,0
EQX1038,Crane,S011,2024-05-01,2024-05-07,3.6,5.2,6,OP128,0,none,8.8,0.5909090237603383,0,0,0,2,0.13226962169560813,0
EQX1206,Bulldozer,S008,2025-10-02,2025-10-19,7.1,3.1,17,OP105,0,none,10.2,0.30392153883122175,0,0,0,0,0.1332796487402192,0
EQX1183,Crane,S012,2025-03-30,2025-04-06,5.9,2.8,7,OP125,0,none,8.7,0.32183904346677666,0,0,0,2,0.1604977472402549,0
EQX1080,Compactor,S006,2025-05-09,2025-05-12,6.1,1.6,3,OP120,0,none,7.699999999999999,0.2077921808062103,0,0,0,1,0.13303041201457771,0
EQX1135,Grader,S007,2024-01-30,2024-02-11,7.4,2.1,12,OP124,0,none,9.5,0.22105260831025178,0,0,0,4,0.15140935024948454,0
EQX1001,Compactor,UNKNOWN,2025-04-03,2025-04-11,8.3,2.5,8,OP102,1,unassigned_site,10.8,0.23148146004801295,1,0,0,1,-0.024069665253305117,1
EQX1218,Excavator,S009,2025-04-26,2025-05-11,4.7,2.7,15,OP135,0,none,7.4,0.36486481555880873,0,0,0,3,0.1496103975193644,0
EQX1126,Crane,S007,2024-04-27,2024-05-01,4.3,3.4,4,OP135,0,none,7.699999999999999,0.4415583842131969,0,0,0,2,0.1417125767150833,0
EQX1065,Grader,S010,2025-10-21,2025-10-30,7.9,4.5,9,OP106,0,none,12.4,0.3629031965400648,0,0,0,4,0.1521160375223503,0
EQX1192,Bulldozer,S008,2024-08-02,2024-08-09,6.4,4.3,7,OP131,0,none,10.7,0.4018691213206429,0,0,0,0,0.1365798948154962,0
EQX1092,Grader,S003,2025-07-27,2025-08-07,9.7,5.4,11,OP133,0,none,15.1,0.35761587035656495,0,0,0,4,0.11871702022261266,0
EQX1216,Compactor,UNKNOWN,2025-05-22,2025-05-30,9.0,0.0,8,OP105,1,unassigned_site,9.0,0.0,1,0,0,1,-0.05587021194663733,1
EQX1018,Excavator,S004,2024-06-18,2024-07-03,5.8,3.1,15,OP117,0,none,8.9,0.34831456760510476,0,0,0,3,0.15850457819083463,0
EQX1097,Bulldozer,S008,2025-06-08,2025-06-19,8.8,3.5,11,OP116,0,none,12.3,0.2845528223940795,0,0,0,0,0.12462873218334808,0
EQX1066,Grader,S005,2024-10-01,2024-10-15,6.5,8.4,14,OP125,0,none,14.9,0.563758351425614,0,0,0,4,0.10838899569563204,0
EQX1091,Excavator,S008,2024-02-18,2024-02-29,10.4,2.3,11,OP128,0,none,12.7,0.181102347944697,0,0,0,3,0.10689557189677273,0
EQX1216,Compactor,S010,2024-08-22,2024-08-29,7.8,4.8,7,OP131,0,none,12.6,0.38095235071806743,0,0,0,1,0.15010587020059307,0
EQX1058,Grader,S010,2024-01-29,2024-02-15,6.3,2.9,17,OP128,0,none,9.2,0.31521735704159165,0,0,0,4,0.1452251664232599,0
EQX1096,Grader,S008,2025-03-31,2025-04-17,7.7,0.2,17,OP131,0,none,7.9,0.02531645249158829,0,0,0,4,0.09166888988593286,0
EQX1006,Loader,S009,2024-11-28,2024-12-08,6.0,0.0,10,OP136,0,none,6.0,0.0,0,0,0,5,0.09704390150100783,0
EQX1141,Crane,S004,2025-04-13,2025-04-21,6.4,3.5,8,OP115,0,none,9.9,0.35353531782471537,0,0,0,2,0.16519399913755944,0
EQX1157,Bulldozer,S007,2024-01-15,2024-02-04,7.8,5.0,20,OP124,0,none,12.8,0.39062496948242426,0,0,0,0,0.11899807876137652,0
EQX1036,Excavator,S012,2025-05-20,2025-05-26,2.0,3.4,6,OP113,0,none,5.4,0.6296295130315716,0,0,0,3,0.08941429422336666,0
EQX1018,Excavator,S003,2024-09-07,2024-09-12,8.4,4.1,5,OP126,0,none,12.5,0.3279999737600021,0,0,0,3,0.14053844748093947,0
EQX1189,Compactor,S009,2024-01-22,2024-01-30,9.9,0.2,8,OP122,0,none,10.1,0.0198019782374279,0,0,0,1,0.07780142681703173,0
EQX1113,Bulldozer,S004,2025-03-12,2025-03-23,6.4,0.2,11,OP104,0,none,6.6000000000000005,0.03030302571166277,0,0,0,0,0.08408007148820168,0
EQX1106,Compactor,S009,2025-10-12,2025-10-22,6.4,1.2,10,OP105,0,none,7.6000000000000005,0.1578947160664847,0,0,0,1,0.14097563726935197,0
EQX1125,Excavator,S002,2024-12-21,2024-12-25,6.2,2.8,4,OP119,0,none,9.0,0.31111107654321374,0,0,0,3,0.15294107723402733,0
EQX1004,Grader,S004,2025-01-15,2025-01-18,1.6,0.5,3,OP108,0,none,2.1,0.23809512471660726,0,0,0,4,0.009691268611886628,0
EQX1170,Loader,S011,2025-09-22,2025-09-29,5.0,4.4,7,OP115,0,none,9.4,0.4680850565866962,0,0,0,5,0.12915395030842197,0
EQX1159,Compactor,S009,2024-11-22,2024-12-03,9.1,6.1,11,OP125,0,none,15.2,0.4013157630713314,0,0,0,1,0.13190313294745198,0
EQX1008,Compactor,S006,2024-06-05,2024-06-10,8.0,1.6,5,OP119,0,none,9.6,0.16666664930555738,0,0,0,1,0.13513627586368093,0
EQX1152,Loader,S011,2025-09-18,2025-09-28,1.8,2.0,10,OP115,0,none,3.8,0.5263156509695656,0,0,0,5,0.04464786215451527,0
EQX1190,Bulldozer,S005,2025-05-12,2025-05-22,8.4,2.0,10,OP136,0,none,10.4,0.19230767381656982,0,0,0,0,0.12198801670764042,0
EQX1073,Loader,S006,2025-03-23,2025-04-01,7.1,4.5,9,OP128,0,none,11.6,0.387931001040431,0,0,0,5,0.14267351220200308,0
EQX1002,Crane,S001,2024-10-08,2024-10-13,5.6,6.9,5,OP121,0,none,12.5,0.5519999558400036,0,0,0,2,0.13651542623178292,0
EQX1139,Compactor,S011,2024-10-09,2024-10-18,9.5,4.1,9,OP108,0,none,13.6,0.3014705660683407,0,0,0,1,0.13468269380229825,0
EQX1087,Compactor,S005,2025-01-05,2025-01-14,6.2,0.0,9,OP125,0,none,6.2,0.0,0,0,0,1,0.12112539319612292,0
EQX1179,Loader,S004,2024-03-18,2024-04-05,4.6,3.0,18,OP106,0,none,7.6,0.3947367901662118,0,0,0,5,0.11600058851286177,0
EQX1204,Excavator,S012,2025-09-18,2025-09-29,8.0,2.2,11,OP105,0,none,10.2,0.21568625336409286,0,0,0,3,0.15018689898759913,0
EQX1186,Grader,S002,2024-01-23,2024-02-05,10.5,5.8,13,OP120,0,none,16.3,0.3558281990289448,0,0,0,4,0.09323923656942029,0
EQX1197,Grader,S006,2024-12-24,2025-01-06,5.6,4.9,13,OP124,0,none,10.5,0.46666662222222655,0,0,0,4,0.15053084445422116,0
EQX1004,Grader,S001,2025-09-04,2025-09-14,3.6,3.4,10,OP120,0,none,7.0,0.4857142163265405,0,0,0,4,0.12964153867511558,0
EQX1093,Crane,S007,2024-12-22,2024-12-27,10.2,4.1,5,OP134,0,none,14.299999999999999,0.28671326666340796,0,0,0,2,0.11843106759148353,0
EQX1100,Loader,S012,2025-05-25,2025-06-07,6.9,4.1,13,OP108,0,none,11.0,0.37272723884297826,0,0,0,5,0.14528899126079758,0
EQX1027,Crane,UNKNOWN,2025-08-02,2025-08-07,7.2,3.6,5,OP120,1,unassigned_site,10.8,0.33333330246913867,1,0,0,2,-0.010030752066679915,1
EQX1146,Bulldozer,S010,2024-03-15,2024-04-07,6.0,7.1,23,OP128,0,none,13.1,0.5419846914515503,0,0,0,0,0.10337219273075271,0
EQX1081,Grader,S012,2025-11-27,2025-12-10,5.1,2.4,13,OP136,0,none,7.5,0.319999957333339,0,0,0,4,0.14631430055501377,0
EQX1028,Excavator,S008,2024-03-21,2024-03-30,6.3,3.8,9,OP117,0,none,10.1,0.3762375865111301,0,0,0,3,0.16363373785070917,0
EQX1018,Excavator,S001,2024-03-03,2024-03-22,6.5,5.5,19,OP137,0,none,12.0,0.4583332951388921,0,0,0,3,0.14388234217672408,0
EQX1175,Excavator,S006,2025-05-27,2025-06-11,7.7,3.0,15,OP107,0,none,10.7,0.2803738055725416,0,0,0,3,0.1551504746424559,0
EQX1032,Loader,S011,2024-11-21,2024-12-05,1.0,20.2,14,OP117,1,excessive_idle,21.2,0.9528301437344271,0,0,0,5,-0.06684366666952624,1
EQX1071,Excavator,S011,2025-04-17,2025-05-02,8.3,1.8,15,OP125,0,none,10.100000000000001,0.17821780413685107,0,0,0,3,0.13610912035790518,0
EQX1132,Loader,S008,2024-12-27,2025-01-05,5.2,6.1,9,OP111,0,none,11.3,0.5398229610776141,0,0,0,5,0.12867620696534476,0
EQX1062,Crane,S009,2025-12-01,2025-12-08,7.9,4.3,7,OP126,0,none,12.2,0.3524589875033617,0,0,0,2,0.15344270426982592,0
EQX1184,Bulldozer,S005,2024-05-16,2024-05-31,3.6,2.0,15,OP106,0,none,5.6,0.3571427933673583,0,0,0,0,0.09541336966903863,0
EQX1089,Excavator,S001,2025-12-10,2025-12-28,3.7,3.8,18,OP133,0,none,7.5,0.5066665991111201,0,0,0,3,0.13178810917416922,0
EQX1120,Grader,S012,2025-11-14,2025-11-24,7.0,6.9,10,OP124,0,none,13.9,0.4964028419854071,0,0,0,4,0.13943168226497638,0
EQX1184,Bulldozer,S009,2024-01-24,2024-02-07,7.4,0.9,14,OP105,0,none,8.3,0.1084337218754552,0,0,0,0,0.09881318251179338,0
EQX1021,Compactor,UNKNOWN,2025-08-02,2025-08-03,6.6,6.9,1,OP127,1,unassigned_site,13.5,0.5111110732510317,1,0,0,1,-0.06302712401699406,1
EQX1076,Bulldozer,S008,2025-02-16,2025-03-24,8.7,4.1,36,OP127,0,none,12.799999999999999,0.3203124749755879,0,0,0,0,0.06656151414159689,0
EQX1036,Excavator,S007,2025-04-15,2025-05-02,4.5,0.3,17,OP108,0,none,4.8,0.06249998697916938,0,0,0,3,0.09181742239649521,0
EQX1013,Grader,S007,2025-01-24,2025-02-06,7.7,0.2,13,OP122,0,none,7.9,0.02531645249158829,0,0,0,4,0.11165857450511674,0
EQX1046,Compactor,S006,2025-09-15,2025-09-25,7.5,5.7,10,OP115,0,none,13.2,0.43181814910468574,0,0,0,1,0.14910543363205064,0
EQX1169,Bulldozer,S009,2024-03-11,2024-04-06,6.9,6.8,26,OP101,0,none,13.7,0.49635032873355267,0,0,0,0,0.09638168733009,0
EQX1057,Crane,S001,2024-06-10,2024-06-15,5.2,2.0,5,OP105,0,none,7.2,0.27777773919753623,0,0,0,2,0.145889123489382,0
EQX1036,Excavator,S008,2025-06-01,2025-06-14,4.6,4.6,13,OP130,0,none,9.2,0.49999994565217987,0,0,0,3,0.15151724108427367,0
EQX1004,Grader,S006,2024-11-21,2024-11-27,9.8,0.9,6,OP109,0,none,10.700000000000001,0.08411214167176247,0,0,0,4,0.09799137555440851,0
EQX1161,Excavator,S012,2024-07-13,2024-07-29,8.9,6.6,16,OP116,0,none,15.5,0.42580642414152103,0,0,0,3,0.12692010364693485,0
EQX1010,Crane,S011,2025-10-03,2025-10-07,7.4,4.3,4,OP105,0,none,11.7,0.36752133610928756,0,0,0,2,0.14917589170448586,0
EQX1020,Grader,S010,2025-11-20,2025-12-01,8.3,7.2,11,OP123,0,none,15.5,0.4645160990634775,0,0,0,4,0.12348437811493912,0
EQX1004,Grader,S006,2025-11-29,2025-12-15,6.1,4.4,16,OP120,0,none,10.5,0.41904757913832585,0,0,0,4,0.14474986452803296,0
EQX1156,Grader,S010,2025-02-27,2025-03-10,8.0,1.2,11,OP135,0,none,9.2,0.13043476843100343,0,0,0,4,0.1340657102219185,0
EQX1104,Loader,S001,2025-05-25,2025-06-06,8.0,3.9,12,OP102,0,none,11.9,0.3277310648965492,0,0,0,5,0.13536036324238093,0
EQX1106,Compactor,S006,2025-07-12,2025-07-13,7.0,3.2,1,OP118,0,none,10.2,0.3137254594386805,0,0,0,1,0.13067818106137435,0
EQX1197,Grader,S004,2024-01-20,2024-01-28,4.3,0.0,8,OP129,0,none,4.3,0.0,0,0,0,4,0.09506771732359182,0
EQX1171,Bulldozer,S005,2024-04-08,2024-04-20,6.2,2.2,12,OP125,0,none,8.4,0.2619047307256273,0,0,0,0,0.13093884877694734,0
EQX1028,Excavator,S011,2025-08-11,2025-08-15,5.2,0.0,4,OP118,0,none,5.2,0.0,0,0,0,3,0.09862383201210906,0
EQX1192,Bulldozer,S010,2024-09-27,2024-10-10,6.2,6.3,13,OP131,0,none,12.5,0.5039999596800032,0,0,0,0,0.13040810985253942,0
EQX1079,Grader,S009,2024-05-18,2024-05-29,6.3,4.9,11,OP109,0,none,11.2,0.4374999609375036,0,0,0,4,0.15584188155842865,0
EQX1216,Compactor,S007,2025-03-03,2025-03-05,7.2,0.0,2,OP130,0,none,7.2,0.0,0,0,0,1,0.088315128558423,0
EQX1140,Excavator,S012,2025-02-14,2025-02-17,8.2,6.3,3,OP101,0,none,14.5,0.43448272865636356,0,0,0,3,0.1286146956715314,0
EQX1052,Excavator,S011,2024-10-09,2024-10-20,4.9,6.8,11,OP102,0,none,11.7,0.5811965315216641,0,0,0,3,0.14204225128069087,0
EQX1212,Grader,S007,2024-04-26,2024-05-14,6.5,3.7,18,OP139,0,none,10.2,0.3627450624759743,0,0,0,4,0.14358574656405626,0
EQX1031,Compactor,S009,2024-02-20,2024-02-28,7.8,5.4,8,OP124,0,none,13.2,0.409090878099176,0,0,0,1,0.15178524147201972,0
EQX1051,Excavator,S007,2024-05-25,2024-06-05,5.5,0.0,11,OP136,0,none,5.5,0.0,0,0,0,3,0.11747413841684495,0
EQX1087,Compactor,S006,2024-07-06,2024-07-13,2.5,2.6,7,OP131,0,none,5.1,0.5098038216070938,0,0,0,1,0.09767300524856593,0
EQX1020,Grader,S010,2025-06-15,2025-06-26,9.1,0.0,11,OP127,0,none,9.1,0.0,0,0,0,4,0.10952976572605683,0
EQX1212,Grader,S011,2024-03-26,2024-04-05,7.1,4.2,10,OP118,0,none,11.3,0.3716813830370458,0,0,0,4,0.15814690634744388,0
EQX1017,Grader,S006,2025-11-30,2025-12-18,8.4,6.8,18,OP116,0,none,15.2,0.44736839162050057,0,0,0,4,0.11366326996170084,0
EQX1129,Excavator,S001,2025-10-25,2025-11-11,6.9,5.7,17,OP119,0,none,12.600000000000001,0.452380916477705,0,0,0,3,0.1463328994042426,0
EQX1044,Bulldozer,S007,2024-10-17,2024-11-01,6.9,0.2,15,OP109,0,none,7.1000000000000005,0.028169010117040826,0,0,0,0,0.07932078056910474,0
EQX1190,Bulldozer,S008,2025-03-02,2025-03-26,4.4,2.6,24,OP102,0,none,7.0,0.3714285183673545,0,0,0,0,0.0957811400331759,0
EQX1080,Compactor,S009,2024-10-27,2024-11-07,7.1,2.9,11,OP130,0,none,10.0,0.2899999710000029,0,0,0,1,0.159465237046387,0
EQX1032,Loader,S012,2025-11-13,2025-11-28,4.1,5.9,15,OP101,0,none,10.0,0.589999941000006,0,0,0,5,0.11688726166555319,0
EQX1160,Compactor,S006,2024-06-27,2024-07-03,6.7,5.7,6,OP104,0,none,12.4,0.4596773822840821,0,0,0,1,0.15082205459464987,0
EQX1161,Excavator,S001,2025-03-12,2025-03-31,3.4,3.4,19,OP103,0,none,6.8,0.49999992647059904,0,0,0,3,0.1158510002439796,0
EQX1159,Compactor,S006,2025-12-20,2025-12-28,7.0,0.0,8,OP105,0,none,7.0,0.0,0,0,0,1,0.12034184684589988,0
EQX1081,Grader,S006,2025-10-05,2025-10-12,4.5,2.2,7,OP118,0,none,6.7,0.3283581599465433,0,0,0,4,0.13806950686324532,0
EQX1106,Compactor,S007,2024-11-16,2024-11-24,4.4,1.3,8,OP139,0,none,5.7,0.22807013542629204,0,0,0,1,0.12995014139292838,0
EQX1174,Loader,S004,2025-08-24,2025-08-28,3.9,6.4,4,OP131,0,none,10.3,0.6213591629748386,0,0,0,5,0.09679585373146682,0
EQX1114,Grader,S007,2024-05-01,2024-05-10,3.7,9.9,9,OP135,0,none,13.600000000000001,0.7279411229455056,0,0,0,4,0.04415755601409255,0
EQX1150,Excavator,S008,2025-06-25,2025-06-26,7.0,0.8,1,OP111,0,none,7.8,0.10256408941486034,0,0,0,3,0.0972609975688204,0
EQX1145,Crane,S004,2025-09-18,2025-09-27,9.7,3.5,9,OP138,0,none,13.2,0.2651514950642807,0,0,0,2,0.13184028663248099,0
EQX1071,Excavator,S001,2025-11-15,2025-12-04,4.8,2.2,19,OP118,0,none,7.0,0.31428566938776153,0,0,0,3,0.1405257886448275,0
EQX1020,Grader,S007,2024-08-17,2024-09-02,3.1,4.5,16,OP115,0,none,7.6,0.5921051852493178,0,0,0,4,0.11210984217319814,0
EQX1033,Bulldozer,S008,2024-05-14,2024-06-04,2.9,4.0,21,OP127,0,none,6.9,0.5797100609115853,0,0,0,0,0.07189289050141134,0
EQX1130,Grader,S006,2025-09-15,2025-09-24,5.8,1.8,9,OP104,0,none,7.6,0.2368420740997271,0,0,0,4,0.14669569251685294,0
EQX1040,Grader,S001,2025-01-23,2025-02-01,5.7,10.2,9,OP117,0,none,15.899999999999999,0.6415093936157614,0,0,0,4,0.05718122912642537,0
EQX1105,Compactor,S010,2025-10-03,2025-10-11,8.7,3.4,8,OP118,0,none,12.1,0.2809917123147345,0,0,0,1,0.15154433244589577,0
EQX1122,Grader,S005,2025-03-13,2025-03-22,7.4,3.2,9,OP135,0,none,10.600000000000001,0.3018867639729468,0,0,0,4,0.15736166057494577,0
EQX1135,Grader,S007,2024-07-19,2024-07-25,5.0,5.4,6,OP120,0,none,10.4,0.5192307193047386,0,0,0,4,0.14352869468650709,0
EQX1064,Compactor,S010,2024-12-25,2025-01-01,5.5,4.4,7,OP119,0,none,9.9,0.4444443995510708,0,0,0,1,0.15382079980618107,0
EQX1206,Bulldozer,S003,2025-08-27,2025-09-25,3.9,8.9,29,OP110,0,none,12.8,0.6953124456787152,0,0,0,0,0.01241115593745945,0
EQX1096,Grader,S010,2024-02-14,2024-02-24,9.1,9.5,10,OP121,0,none,18.6,0.5107526607122225,0,0,0,4,0.03817737073726751,0
EQX1020,Grader,S007,2025-10-29,2025-11-11,7.7,3.1,13,OP120,0,none,10.8,0.28703701045953606,0,0,0,4,0.15358120653462415,0
EQX1155,Excavator,S008,2024-03-23,2024-04-10,7.1,2.7,18,OP120,0,none,9.8,0.2755101759683494,0,0,0,3,0.15293192871681466,0
EQX1122,Grader,S007,2025-08-23,2025-08-28,7.1,5.1,5,OP130,0,none,12.2,0.4180327526202662,0,0,0,4,0.14099666206481914,0
EQX1074,Bulldozer,S010,2024-01-03,2024-01-22,7.8,5.6,19,OP130,0,none,13.399999999999999,0.41791041657384953,0,0,0,0,0.12107075467672068,0
EQX1017,Grader,S006,2024-06-07,2024-06-14,7.2,1.6,7,OP136,0,none,8.8,0.18181816115702715,0,0,0,4,0.1436424248251063,0
EQX1080,Compactor,S007,2025-03-20,2025-03-23,7.5,0.0,3,OP113,0,none,7.5,0.0,0,0,0,1,0.09750982663306351,0
EQX1026,Excavator,S011,2024-12-28,2025-01-14,5.5,6.2,17,OP122,0,none,11.7,0.5299144846226937,0,0,0,3,0.14026443407128913,0
EQX1144,Grader,S001,2024-04-29,2024-05-11,6.5,4.7,12,OP108,0,none,11.2,0.4196428196747483,0,0,0,4,0.1558113014189103,0
EQX1043,Compactor,S001,2025-08-03,2025-08-11,5.8,2.8,8,OP134,0,none,8.6,0.32558135749053985,0,0,0,1,0.15861022715916928,0
EQX1052,Excavator,S005,2024-03-05,2024-03-25,8.7,0.0,20,OP107,0,none,8.7,0.0,0,0,0,3,0.08687382507889024,0
EQX1135,Grader,S003,2025-11-05,2025-11-09,8.9,4.4,4,OP126,0,none,13.3,0.3308270427949592,0,0,0,4,0.13352769238302414,0
EQX1214,Compactor,S010,2025-02-18,2025-02-28,4.4,2.3,10,OP114,0,none,6.7,0.3432835308532043,0,0,0,1,0.1421751858028506,0
EQX1101,Loader,S004,2024-07-27,2024-08-11,8.5,5.1,15,OP130,0,none,13.6,0.3749999724264726,0,0,0,5,0.12286217142457573,0
EQX1134,Bulldozer,S007,2024-03-08,2024-03-20,4.9,0.2,12,OP135,0,none,5.1000000000000005,0.039215678585161055,0,0,0,0,0.06851546365520472,0
EQX1139,Compactor,S010,2024-12-30,2024-12-31,4.9,3.8,1,OP110,0,none,8.7,0.43678155899062543,0,0,0,1,0.12296658097544283,0
EQX1120,Grader,S006,2025-08-04,2025-08-11,7.3,3.9,7,OP138,0,none,11.2,0.3482142546237273,0,0,0,4,0.15486007321640144,0
EQX1201,Compactor,S004,2025-04-01,2025-04-09,8.5,1.2,8,OP103,0,none,9.7,0.12371132745244048,0,0,0,1,0.13427370201802874,0
EQX1188,Excavator,S008,2024-10-26,2024-11-13,4.7,3.3,18,OP106,0,none,8.0,0.4124999484375065,0,0,0,3,0.14730362161081678,0
EQX1174,Loader,S008,2024-05-09,2024-05-28,6.4,7.0,19,OP129,0,none,13.4,0.5223880207173119,0,0,0,5,0.09801506675949934,0
EQX1114,Grader,S003,2024-01-22,2024-04-23,7.8,4.0,92,OP133,1,extended_rental,11.8,0.33898302212008286,0,0,0,4,-0.04276244244237393,1
EQX1129,Excavator,S012,2025-04-20,2025-05-14,6.8,3.1,24,OP135,0,none,9.9,0.3131312815018908,0,0,0,3,0.12613919383709132,0
EQX1059,Excavator,S012,2025-06-02,2025-06-17,5.5,4.1,15,OP137,0,none,9.6,0.42708328884549074,0,0,0,3,0.15603075089886748,0
EQX1135,Grader,S007,2024-03-07,2024-03-17,10.1,0.0,10,OP126,0,none,10.1,0.0,0,0,0,4,0.09070751677883321,0
EQX1145,Crane,S010,2025-10-29,2025-11-05,7.4,3.3,7,OP132,0,none,10.7,0.30841118612979573,0,0,0,2,0.15687079347014682,0
EQX1041,Crane,S008,2024-11-17,2024-11-23,4.7,4.2,6,OP105,0,none,8.9,0.47191005933594843,0,0,0,2,0.15142890602652925,0
EQX1066,Grader,S007,2024-11-05,2024-11-16,6.7,7.4,11,OP101,0,none,14.100000000000001,0.524822657813996,0,0,0,4,0.13297226262719725,0
EQX1176,Excavator,S004,2024-06-23,2024-07-11,5.3,1.7,18,OP109,0,none,7.0,0.24285710816327025,0,0,0,3,0.13750035620894657,0
EQX1066,Grader,S006,2024-03-11,2024-03-26,3.2,7.5,15,OP132,0,none,10.7,0.700934513931354,0,0,0,4,0.08846780628731732,0
EQX1110,Loader,S011,2025-01-16,2025-02-03,9.5,3.2,18,OP102,0,none,12.7,0.2519684840969698,0,0,0,5,0.0981318593299837,0
EQX1147,Bulldozer,S011,2025-10-31,2025-11-18,1.8,6.7,18,OP120,0,none,8.5,0.7882352013840941,0,0,0,0,0.038044326076768886,0
EQX1110,Loader,S002,2024-06-03,2024-06-17,7.6,4.7,14,OP139,0,none,12.3,0.3821137900720496,0,0,0,5,0.1350671052267834,0
EQX1023,Loader,S007,2024-01-24,2024-02-08,3.3,6.6,15,OP129,0,none,9.899999999999999,0.6666665993266062,0,0,0,5,0.09113068843878752,0
EQX1093,Crane,S009,2025-06-10,2025-06-19,8.8,1.9,9,OP101,0,none,10.700000000000001,0.17757007686260962,0,0,0,2,0.13949247182399077,0
EQX1136,Excavator,S003,2024-09-17,2024-09-25,4.8,0.6,8,OP124,0,none,5.3999999999999995,0.11111109053498323,0,0,0,3,0.11674945597471742,0
EQX1036,Excavator,S008,2025-08-17,2025-09-01,6.5,6.1,15,OP129,0,none,12.6,0.48412694570421066,0,0,0,3,0.1488314400519179,0
EQX1081,Grader,S010,2025-02-08,2025-02-22,7.2,0.0,14,OP127,0,none,7.2,0.0,0,0,0,4,0.11352560235328096,0
EQX1201,Compactor,S006,2024-10-23,2024-11-05,6.1,1.3,13,OP110,0,none,7.3999999999999995,0.17567565193572274,0,0,0,1,0.13543380870371413,0
EQX1124,Crane,S001,2024-05-24,2024-05-26,5.0,5.4,2,OP127,0,none,10.4,0.5192307193047386,0,0,0,2,0.13177797751274745,0
EQX1002,Crane,S012,2024-11-12,2024-11-19,5.8,3.1,7,OP128,0,none,8.9,0.34831456760510476,0,0,0,2,0.16180531758367556,0
EQX1152,Loader,S010,2024-04-25,2024-05-11,6.7,3.3,16,OP104,0,none,10.0,0.3299999670000033,0,0,0,5,0.13855710245815728,0
EQX1011,Bulldozer,S009,2025-07-01,2025-07-22,11.9,3.9,21,OP103,0,none,15.8,0.24683542741547929,0,0,0,0,0.03458451988650274,0
EQX1008,Compactor,S006,2024-01-26,2024-01-31,2.5,7.4,5,OP118,0,none,9.9,0.7474746719722554,0,0,0,1,0.08252702711723148,0
EQX1201,Compactor,S006,2024-09-09,2024-09-17,2.8,11.4,8,OP110,0,none,14.2,0.8028168448720533,0,0,0,1,0.004663232344619406,0
EQX1120,Grader,S006,2024-09-26,2024-10-10,6.2,2.6,14,OP109,0,none,8.8,0.29545451188016914,0,0,0,4,0.15471077695202767,0
EQX1062,Crane,S012,2025-09-18,2025-09-24,1.0,3.0,6,OP113,0,none,4.0,0.7499998125000469,0,0,0,2,0.04041806578208734,0
EQX1072,Crane,S009,2025-07-13,2025-07-21,7.6,7.6,8,OP117,0,none,15.2,0.49999996710526534,0,0,0,2,0.13279405874891137,0
EQX1130,Grader,S010,2025-05-30,2025-06-10,8.6,0.2,11,OP116,0,none,8.799999999999999,0.022727270144628397,0,0,0,4,0.10671322695955004,0
EQX1198,Loader,S006,2025-10-20,2025-11-09,8.0,0.0,20,OP120,0,none,8.0,0.0,0,0,0,5,0.06457267240253833,0
EQX1064,Compactor,S010,2025-09-17,2025-09-24,8.6,6.3,7,OP127,0,none,14.899999999999999,0.42281876356921055,0,0,0,1,0.13717951661473576,0
EQX1183,Crane,S009,2024-11-17,2024-11-28,0.8,2.8,11,OP131,0,none,3.5999999999999996,0.777777561728455,0,0,0,2,0.02027115589406081,0
EQX1179,Loader,S003,2024-06-27,2024-07-04,9.1,2.9,7,OP131,0,none,12.0,0.24166664652777947,0,0,0,5,0.12410886552310474,0
EQX1034,Bulldozer,S010,2024-08-13,2024-09-05,5.6,3.6,23,OP135,0,none,9.2,0.39130430529301036,0,0,0,0,0.11600846760995143,0
EQX1165,Grader,S006,2024-09-11,2024-09-18,9.3,4.5,7,OP121,0,none,13.8,0.3260869328922512,0,0,0,4,0.13504116011531214,0
EQX1024,Loader,S009,2025-01-03,2025-01-14,4.1,6.0,11,OP109,0,none,10.1,0.594059347122837,0,0,0,5,0.1215452882327131,0
EQX1116,Loader,S008,2024-12-22,2025-01-04,3.3,2.3,13,OP133,0,none,5.6,0.4107142123724621,0,0,0,5,0.1050767049168792,0
EQX1198,Loader,S008,2024-01-10,2024-01-21,8.2,1.3,11,OP112,0,none,9.5,0.13684209085872728,0,0,0,5,0.11674093209302477,0
EQX1004,Grader,S006,2024-10-05,2024-10-16,3.6,5.6,11,OP122,0,none,9.2,0.6086955860113494,0,0,0,4,0.12704188301376074,0
EQX1160,Compactor,S004,2025-05-15,2025-05-21,3.2,2.1,6,OP124,0,none,5.300000000000001,0.3962263403346527,0,0,0,1,0.11809176066221816,0
EQX1090,Crane,S009,2024-06-24,2024-06-30,3.7,1.0,6,OP128,0,none,4.7,0.2127659121774655,0,0,0,2,0.10989523509016808,0
EQX1139,Compactor,S010,2025-01-06,2025-01-12,9.9,7.3,6,OP105,0,none,17.2,0.42441857997566396,0,0,0,1,0.09206994177152306,0
EQX1162,Loader,S012,2025-10-06,2025-10-13,4.6,4.1,7,OP108,0,none,8.7,0.4712643136477801,0,0,0,5,0.12873200770877818,0
EQX1090,Crane,S004,2024-03-31,2024-04-06,3.3,2.6,6,OP103,0,none,5.9,0.4406778914105269,0,0,0,2,0.12904287578491774,0
EQX1065,Grader,S010,2024-11-05,2024-11-11,7.1,6.2,6,OP119,0,none,13.3,0.4661653784838061,0,0,0,4,0.14035988764618373,0
EQX1180,Compactor,S010,2024-08-20,2024-08-29,6.1,0.0,9,OP103,0,none,6.1,0.0,0,0,0,1,0.12021092291715002,0
EQX1024,Loader,S002,2025-08-22,2025-09-01,6.8,1.8,10,OP111,0,none,8.6,0.2093023012439185,0,0,0,5,0.13389518446720755,0
EQX1191,Loader,S003,2024-12-22,2025-01-02,11.9,3.0,11,OP117,0,none,14.9,0.2013422683662907,0,0,0,5,0.06507163848249542,0
EQX1098,Excavator,S001,2024-07-15,2024-07-26,9.9,1.4,11,OP130,0,none,11.3,0.12389379434568192,0,0,0,3,0.11167448911929928,0
EQX1076,Bulldozer,S005,2024-05-23,2024-06-08,11.1,0.2,16,OP114,0,none,11.299999999999999,0.017699113477954564,0,0,0,0,0.01277000655615046,0
EQX1133,Grader,S007,2025-02-13,2025-02-14,8.5,6.6,1,OP135,0,none,15.1,0.43708606376913484,0,0,0,4,0.08892438335130298,0
EQX1020,Grader,S002,2025-01-11,2025-01-24,4.2,5.5,13,OP130,0,none,9.7,0.5670102508236856,0,0,0,4,0.1400707777047699,0
EQX1018,Excavator,S002,2024-05-29,2024-06-11,5.7,4.1,13,OP101,0,none,9.8,0.4183673042482342,0,0,0,3,0.16161931439157295,0
EQX1140,Excavator,S001,2024-01-12,2024-01-26,3.4,0.1,14,OP103,0,none,3.5,0.0285714204081656,0,0,0,3,0.06795845326591687,0
EQX1043,Compactor,S010,2024-07-25,2024-08-04,5.5,7.1,10,OP136,0,none,12.6,0.5634920187704747,0,0,0,1,0.13668982798853485,0
EQX1117,Compactor,S001,2025-09-29,2025-10-07,6.2,4.7,8,OP122,0,none,10.9,0.4311926209915027,0,0,0,1,0.16056307928675773,0
EQX1005,Excavator,S005,2025-03-01,2025-03-16,3.4,7.1,15,OP119,0,none,10.5,0.6761904117913894,0,0,0,3,0.1100524899212072,0
EQX1046,Compactor,S004,2025-12-07,2025-12-13,5.2,8.9,6,OP136,0,none,14.100000000000001,0.6312056289925085,0,0,0,1,0.09522493182769709,0
EQX1091,Excavator,S004,2025-10-12,2025-10-30,5.8,3.3,18,OP118,0,none,9.1,0.3626373227871074,0,0,0,3,0.15153890276293103,0
EQX1114,Grader,S006,2025-09-11,2025-09-21,7.3,6.6,10,OP101,0,none,13.899999999999999,0.474820109725172,0,0,0,4,0.1419933824536288,0
EQX1007,Compactor,S006,2025-10-20,2025-10-28,7.3,2.7,8,OP131,0,none,10.0,0.2699999730000027,0,0,0,1,0.15900891739950707,0
EQX1106,Compactor,S007,2024-09-02,2024-09-10,6.8,1.2,8,OP108,0,none,8.0,0.14999998125000236,0,0,0,1,0.14042925479258722,0
EQX1167,Compactor,S007,2025-09-30,2025-10-05,4.9,0.0,5,OP101,0,none,4.9,0.0,0,0,0,1,0.0999087594903032,0
EQX1204,Excavator,S001,2025-02-25,2025-03-08,5.0,3.9,11,OP114,0,none,8.9,0.43820219795480925,0,0,0,3,0.15586647859828595,0
EQX1184,Bulldozer,S010,2024-12-15,2024-12-30,7.9,1.4,15,OP129,0,none,9.3,0.15053761822176148,0,0,0,0,0.10806790235217417,0
EQX1105,Compactor,S006,2024-08-15,2024-08-21,5.8,7.6,6,OP119,0,none,13.399999999999999,0.5671641367787958,0,0,0,1,0.1285358924908359,0
EQX1122,Grader,S006,2025-12-04,2025-12-15,5.8,5.6,11,OP127,0,none,11.399999999999999,0.49122802708526087,0,0,0,4,0.15420556305648758,0
EQX1140,Excavator,S003,2025-03-30,2025-04-09,7.9,0.1,10,OP115,0,none,8.0,0.012499998437500198,0,0,0,3,0.10881232165006782,0
EQX1137,Loader,S008,2024-01-24,2024-02-04,7.1,9.1,11,OP123,0,none,16.2,0.5617283603871382,0,0,0,5,0.06093728756614397,0
EQX1049,Grader,S007,2024-01-11,2024-01-20,9.1,1.7,9,OP130,0,none,10.799999999999999,0.15740739283264885,0,0,0,4,0.12995788335002578,0
EQX1169,Bulldozer,S003,2025-04-03,2025-04-26,1.9,5.8,23,OP114,0,none,7.699999999999999,0.7532466554225123,0,0,0,0,0.034693923118276904,0
EQX1024,Loader,S008,2024-06-01,2024-06-12,6.0,3.1,11,OP101,0,none,9.1,0.3406593032242524,0,0,0,5,0.1417433962419033,0
EQX1187,Bulldozer,S005,2025-06-06,2025-06-16,6.5,1.2,10,OP126,0,none,7.7,0.1558441356046577,0,0,0,0,0.1134313912304053,0
EQX1126,Crane,S012,2025-11-27,2025-12-05,8.0,0.7,8,OP102,0,none,8.7,0.08045976086669417,0,0,0,2,0.12118256787721793,0
EQX1169,Bulldozer,S004,2025-10-06,2025-12-27,9.0,0.0,82,OP110,1,extended_rental,9.0,0.0,0,0,0,0,-0.1019129249608387,1
EQX1153,Excavator,S012,2024-04-28,2024-05-02,6.8,2.6,4,OP135,0,none,9.4,0.276595715255775,0,0,0,3,0.15014652477544133,0
EQX1220,Bulldozer,S008,2025-04-19,2025-05-02,6.9,5.6,13,OP130,0,none,12.5,0.4479999641600029,0,0,0,0,0.13254999765650138,0
EQX1053,Compactor,S001,2025-10-10,2025-10-18,5.2,1.2,8,OP126,0,none,6.4,0.18749997070312954,0,0,0,1,0.132848688379486,0
EQX1114,Grader,S007,2024-04-12,2024-04-18,11.5,4.8,6,OP114,0,none,16.3,0.2944785095411957,0,0,0,4,0.0708237735550381,0
EQX1203,Crane,S001,2024-06-23,2024-07-01,9.9,4.4,8,OP134,0,none,14.3,0.30769228617536465,0,0,0,2,0.12878396047291596,0
EQX1192,Bulldozer,S006,2024-02-28,2024-03-16,8.3,2.2,17,OP113,0,none,10.5,0.20952378956916293,0,0,0,0,0.1157235423685174,0
EQX1218,Excavator,S001,2025-10-08,2025-10-19,7.1,2.9,11,OP102,0,none,10.0,0.2899999710000029,0,0,0,3,0.16211671137723477,0
EQX1034,Bulldozer,S006,2024-07-17,2024-08-03,7.1,4.0,17,OP120,0,none,11.1,0.360360327895466,0,0,0,0,0.13576386034282856,0
EQX1161,Excavator,S008,2025-09-02,2025-09-19,5.3,7.0,17,OP122,0,none,12.3,0.569105644788159,0,0,0,3,0.13177665450971227,0
EQX1033,Bulldozer,S003,2024-12-01,2024-12-17,9.9,2.7,16,OP124,0,none,12.600000000000001,0.21428569727891292,0,0,0,0,0.09174421171244207,0
EQX1019,Compactor,S009,2025-01-09,2025-01-16,10.7,2.8,7,OP127,0,none,13.5,0.20740739204389688,0,0,0,1,0.11018884883505142,0
EQX1172,Crane,S004,2025-01-29,2025-02-03,4.8,2.9,5,OP107,0,none,7.699999999999999,0.3766233277112562,0,0,0,2,0.15064591765087132,0
EQX1139,Compactor,S001,2025-08-29,2025-09-06,4.0,5.7,8,OP135,0,none,9.7,0.5876288053990923,0,0,0,1,0.1406659521060754,0
EQX1117,Compactor,S012,2024-12-06,2024-12-09,4.0,7.1,3,OP115,0,none,11.1,0.6396395820144521,0,0,0,1,0.11161537333915245,0
EQX1208,Grader,S010,2024-08-10,2024-08-16,5.5,6.0,6,OP128,0,none,11.5,0.5217390850661665,0,0,0,4,0.14290522903936737,0
EQX1186,Grader,S007,2025-04-04,2025-04-17,5.8,7.7,13,OP110,0,none,13.5,0.5703703281207165,0,0,0,4,0.12827910351803623,0
EQX1004,Grader,S010,2024-03-21,2024-03-28,9.4,5.6,7,OP114,0,none,15.0,0.3733333084444461,0,0,0,4,0.12597373549780305,0
EQX1214,Compactor,S006,2024-05-25,2024-06-05,5.5,0.0,11,OP115,0,none,5.5,0.0,0,0,0,1,0.10695195516945394,0
EQX1001,Compactor,S006,2024-08-26,2024-09-02,4.2,2.7,7,OP131,0,none,6.9,0.3913042911153201,0,0,0,1,0.14687012094765678,0
EQX1116,Loader,S008,2024-03-04,2024-03-21,6.0,1.8,17,OP126,0,none,7.8,0.23076920118343575,0,0,0,5,0.11626017081045475,0
EQX1037,Excavator,S003,2024-02-26,2024-03-17,5.0,6.7,20,OP101,0,none,11.7,0.572649523705169,0,0,0,3,0.12547942189744343,0
EQX1003,Loader,S002,2024-09-01,2024-09-14,9.1,7.6,13,OP106,0,none,16.7,0.4550897931083956,0,0,0,5,0.08545882219148221,0
EQX1218,Excavator,S007,2025-05-19,2025-05-31,4.6,6.2,12,OP107,0,none,10.8,0.5740740209190721,0,0,0,3,0.14661707587451106,0
EQX1103,Bulldozer,S008,2025-09-10,2025-10-07,9.1,0.7,27,OP128,0,none,9.799999999999999,0.07142856413994245,0,0,0,0,0.04527173637581333,0
EQX1047,Bulldozer,S010,2024-12-13,2024-12-23,6.8,2.0,10,OP127,0,none,8.8,0.22727270144628392,0,0,0,0,0.1283567110759926,0
EQX1124,Crane,S012,2024-10-12,2024-10-16,7.4,2.7,4,OP119,0,none,10.100000000000001,0.2673267062052766,0,0,0,2,0.1513416163455576,0
EQX1089,Excavator,S003,2024-06-07,2024-06-20,5.9,4.9,13,OP106,0,none,10.8,0.4537036616941054,0,0,0,3,0.15855656827121822,0
EQX1035,Crane,S002,2025-04-24,2025-04-25,2.8,7.4,1,OP139,0,none,10.2,0.7254901249519486,0,0,0,2,0.07004359860549236,0
EQX1097,Bulldozer,S003,2025-09-11,2025-10-05,8.6,5.0,24,OP114,0,none,13.6,0.36764703179065944,0,0,0,0,0.0971841597637505,0
EQX1036,Excavator,S004,2025-05-04,2025-05-14,7.8,3.6,10,UNKNOWN,1,no_operator,11.4,0.31578944598338193,0,1,0,3,-0.0037937973219105414,1
EQX1082,Crane,S009,2024-12-03,2024-12-07,5.0,5.1,4,OP134,0,none,10.1,0.5049504450544114,0,0,0,2,0.1447666651544774,0
EQX1204,Excavator,S008,2025-07-11,2025-07-24,11.1,5.8,13,OP139,0,none,16.9,0.34319524596477835,0,0,0,3,0.07807955241053038,0
EQX1100,Loader,S005,2024-02-25,2024-03-06,12.3,0.5,10,OP115,0,none,12.8,0.039062496948242424,0,0,0,5,0.007932831707812116,0
EQX1179,Loader,S011,2024-11-25,2024-12-11,4.5,4.6,16,OP126,0,none,9.1,0.5054944499456648,0,0,0,5,0.12314911773401194,0
EQX1065,Grader,S010,2024-05-05,2024-05-12,8.6,5.3,7,OP110,0,none,13.899999999999999,0.38129493659748664,0,0,0,4,0.14133521392800125,0
EQX1215,Compactor,S010,2024-09-24,2024-10-02,5.3,5.2,8,OP112,0,none,10.5,0.4952380480725669,0,0,0,1,0.15543282549113335,0
EQX1172,Crane,S006,2025-05-18,2025-05-22,10.4,0.0,4,OP139,0,none,10.4,0.0,0,0,0,2,0.06691120041723053,0
EQX1130,Grader,S010,2025-07-26,2025-08-08,8.3,6.1,13,OP137,0,none,14.4,0.4236110816936749,0,0,0,4,0.1396382388881688,0
EQX1148,Crane,S009,2024-11-29,2024-12-03,8.8,3.4,4,OP110,0,none,12.200000000000001,0.2786885017468441,0,0,0,2,0.13922463437794647,0
EQX1105,Compactor,S004,2025-03-17,2025-03-26,10.2,0.0,9,OP123,0,none,10.2,0.0,0,0,0,1,0.0768968180631679,0
EQX1013,Grader,S010,2025-03-04,2025-03-17,8.9,5.3,13,OP108,0,none,14.2,0.3732394103352528,0,0,0,4,0.1377747189694956,0
EQX1019,Compactor,S004,2025-03-28,2025-04-03,5.9,5.0,6,OP101,0,none,10.9,0.45871555424627947,0,0,0,1,0.15257037562116166,0
EQX1168,Compactor,S012,2024-02-04,2024-04-08,7.0,2.4,64,OP119,1,extended_rental,9.4,0.2553191217745615,0,0,0,1,0.01283901144046895,0
EQX1170,Loader,S003,2025-03-07,2025-03-22,5.3,6.3,15,OP118,0,none,11.6,0.5431034014566034,0,0,0,5,0.1214350856358446,0
EQX1182,Loader,S008,2024-02-19,2024-03-04,2.8,1.8,14,OP122,0,none,4.6,0.3913042627599429,0,0,0,5,0.08560805045119746,0
EQX1126,Crane,S002,2025-08-20,2025-08-25,5.4,9.1,5,OP102,0,none,14.5,0.6275861636147474,0,0,0,2,0.09490960454070069,0
EQX1188,Excavator,S008,2024-01-04,2024-01-19,6.6,5.5,15,OP136,0,none,12.1,0.4545454169797176,0,0,0,3,0.1537544311410619,0
EQX1151,Compactor,S001,2024-02-19,2024-03-01,8.6,4.8,11,OP112,0,none,13.399999999999999,0.358208928491871,0,0,0,1,0.14200796178043373,0
EQX1049,Grader,S012,2024-03-02,2024-03-07,7.8,1.8,5,OP104,0,none,9.6,0.18749998046875205,0,0,0,4,0.13281527952895816,0
EQX1090,Crane,S003,2024-10-01,2024-10-10,7.5,0.0,9,OP107,0,none,7.5,0.0,0,0,0,2,0.11995705066708451,0
EQX1088,Crane,S004,2025-01-28,2025-02-05,9.0,1.9,8,OP121,0,none,10.9,0.17431191061358617,0,0,0,2,0.13666490954100585,0
EQX1125,Excavator,S002,2024-12-28,2025-01-06,10.6,4.9,9,OP138,0,none,15.5,0.3161290118626444,0,0,0,3,0.10606871822443842,0
EQX1114,Grader,S007,2025-01-01,2025-01-12,6.5,4.1,11,OP102,0,none,10.6,0.38679241634033806,0,0,0,4,0.16096947951517732,0
EQX1013,Grader,S006,2025-07-07,2025-07-12,8.6,2.7,5,OP115,0,none,11.3,0.23893803195238658,0,0,0,4,0.13786006970796494,0
EQX1151,Compactor,S001,2024-05-17,2024-05-25,3.9,4.5,8,OP129,0,none,8.4,0.5357142219387832,0,0,0,1,0.14330906841648117,0
EQX1012,Loader,S009,2025-10-14,2025-10-29,6.1,1.8,15,OP111,0,none,7.8999999999999995,0.22784807242429464,0,0,0,5,0.12477469434104577,0
EQX1152,Loader,S002,2024-08-09,2024-08-17,5.1,1.7,8,OP130,0,none,6.8,0.24999996323529952,0,0,0,5,0.12428263106485182,0
EQX1042,Compactor,S012,2024-10-16,2024-10-20,3.2,5.1,4,OP102,0,none,8.3,0.6144577572942461,0,0,0,1,0.12100261336028068,0
EQX1086,Excavator,S003,2025-01-08,2025-01-20,6.3,5.2,12,OP106,0,none,11.5,0.452173873724011,0,0,0,3,0.15832294758389498,0
EQX1178,Loader,S008,2024-03-31,2024-04-12,5.3,2.6,12,OP121,0,none,7.9,0.3291138823906478,0,0,0,5,0.1307508079882853,0
EQX1088,Crane,S008,2025-05-19,2025-05-24,7.4,2.9,5,OP120,0,none,10.3,0.2815533707229737,0,0,0,2,0.15545114466918564,0
EQX1168,Compactor,S007,2025-06-02,2025-06-15,8.8,3.6,13,OP106,0,none,12.4,0.29032255723205186,0,0,0,1,0.1413743876906683,0
EQX1049,Grader,S006,2025-04-23,2025-05-02,9.0,6.5,9,UNKNOWN,1,no_operator,15.5,0.4193548116545283,0,1,0,4,-0.0538922678325755,1
EQX1110,Loader,S001,2024-04-16,2024-04-30,8.8,5.7,14,OP107,0,none,14.5,0.39310342116528135,0,0,0,5,0.11950850404648794,0
EQX1119,Crane,S004,2025-03-07,2025-03-18,1.4,18.9,11,OP106,1,excessive_idle,20.299999999999997,0.9310344368948553,0,0,0,2,-0.06372585322041646,1
EQX1055,Compactor,S009,2024-09-21,2024-10-01,8.0,3.2,10,OP139,0,none,11.2,0.28571426020408397,0,0,0,1,0.15212482816193307,0
EQX1210,Crane,S001,2024-02-20,2024-02-22,7.9,4.3,2,OP132,0,none,12.2,0.3524589875033617,0,0,0,2,0.1355281313521543,0
EQX1177,Crane,S009,2025-07-15,2025-07-20,6.5,6.6,5,OP104,0,none,13.1,0.5038167554338355,0,0,0,2,0.14151385562127894,0
EQX1154,Grader,S004,2025-08-06,2025-08-19,6.0,0.6,13,OP105,0,none,6.6,0.09090907713498832,0,0,0,4,0.1130004367502111,0
EQX1148,Crane,S008,2025-10-11,2025-10-12,8.5,4.6,1,OP105,0,none,13.1,0.3511450113629762,0,0,0,2,0.11745435022643835,0
EQX1037,Excavator,S002,2024-02-08,2024-02-19,13.0,1.8,11,OP109,0,none,14.8,0.12162161340394505,0,0,0,3,0.024396054689933,0
EQX1065,Grader,S007,2024-12-08,2024-12-18,4.3,4.5,10,OP101,0,none,8.8,0.5113635782541388,0,0,0,4,0.14592840545161823,0
EQX1005,Excavator,S012,2025-03-23,2025-04-13,5.8,2.0,21,OP125,0,none,7.8,0.2564102235371508,0,0,0,3,0.1286797145358075,0
EQX1090,Crane,S001,2024-02-06,2024-02-16,5.6,3.2,10,OP138,0,none,8.8,0.3636363223140543,0,0,0,2,0.16077658286337193,0
EQX1161,Excavator,S003,2024-12-21,2025-01-13,7.3,6.4,23,OP113,0,none,13.7,0.46715325057275553,0,0,0,3,0.12429631809760966,0
EQX1179,Loader,S002,2025-10-01,2025-10-16,5.1,5.2,15,OP120,0,none,10.3,0.5048543199170563,0,0,0,5,0.1263785349363074,0
EQX1203,Crane,S009,2024-04-22,2024-04-29,7.7,1.4,7,OP120,0,none,9.1,0.15384613693998497,0,0,0,2,0.1414829460014544,0
EQX1175,Excavator,S009,2025-09-20,2025-09-29,6.7,7.3,9,OP134,0,none,14.0,0.5214285341836762,0,0,0,3,0.14041468562409476,0
EQX1152,Loader,S005,2025-10-13,2025-10-26,9.4,2.3,13,OP114,0,none,11.7,0.19658117977938636,0,0,0,5,0.11353527831654775,0
EQX1087,Compactor,S006,2024-11-10,2024-11-18,6.4,1.5,8,OP123,0,none,7.9,0.18987339368691217,0,0,0,1,0.14832938035351995,0
EQX1057,Crane,S009,2024-03-06,2024-03-17,7.7,7.1,11,OP136,0,none,14.8,0.479729697315561,0,0,0,2,0.14008208098554487,0
EQX1074,Bulldozer,S012,2024-02-14,2024-03-04,7.6,3.5,19,OP109,0,none,11.1,0.3153152869085327,0,0,0,0,0.12380710275019469,0
EQX1083,Compactor,S004,2024-02-02,2024-02-04,10.1,6.4,2,OP136,0,none,16.5,0.38787876437098395,0,0,0,1,0.08676085571909847,0
EQX1139,Compactor,S001,2024-04-07,2024-04-08,4.7,0.0,1,OP131,0,none,4.7,0.0,0,0,0,1,0.06352240093155759,0
EQX1151,Compactor,S001,2025-12-16,2025-12-23,6.5,4.0,7,OP131,0,none,10.5,0.3809523446712053,0,0,0,1,0.162897486210214,0
EQX1139,Compactor,S006,2024-11-19,2024-11-28,4.7,5.7,9,OP133,0,none,10.4,0.5480768703772241,0,0,0,1,0.1466530244380957,0
EQX1146,Bulldozer,S009,2024-08-18,2024-08-28,6.8,0.0,10,OP131,0,none,6.8,0.0,0,0,0,0,0.0960059146268884,0
EQX1158,Grader,S006,2024-01-23,2024-02-02,7.4,1.5,10,OP128,0,none,8.9,0.16853930690569585,0,0,0,4,0.14327311983903596,0
EQX1099,Excavator,S009,2024-01-28,2024-02-13,9.9,5.1,16,OP132,0,none,15.0,0.3399999773333348,0,0,0,3,0.11401899621787631,0
EQX1106,Compactor,S011,2024-02-19,2024-02-22,8.2,1.8,3,OP108,0,none,10.0,0.1799999820000018,0,0,0,1,0.12824302507568214,0
EQX1042,Compactor,S002,2024-01-23,2024-01-31,5.1,3.7,8,OP115,0,none,8.8,0.42045449767562526,0,0,0,1,0.1575001363843313,0
EQX1175,Excavator,S004,2024-08-20,2024-08-30,3.7,6.3,10,OP135,0,none,10.0,0.6299999370000063,0,0,0,3,0.13341186354605228,0
EQX1186,Grader,S010,2024-03-06,2024-03-11,5.7,5.6,5,OP108,0,none,11.3,0.49557517738272766,0,0,0,4,0.14445097096691473,0
EQX1138,Crane,S011,2024-08-16,2024-08-25,10.4,5.5,9,OP130,0,none,15.9,0.3459119279300674,0,0,0,2,0.10270918902928694,0
EQX1112,Excavator,S011,2025-09-17,2025-09-21,7.8,5.7,4,OP132,0,none,13.5,0.4222221909465044,0,0,0,3,0.1374828590828675,0
EQX1001,Compactor,S003,2025-07-01,2025-07-06,5.1,4.6,5,OP110,0,none,9.7,0.47422675523435515,0,0,0,1,0.14588788262887276,0
EQX1119,Crane,S004,2025-07-12,2025-07-15,7.1,2.2,3,OP136,0,none,9.3,0.23655911434848234,0,0,0,2,0.14720101241552708,0
EQX1145,Crane,S006,2024-10-18,2024-10-19,5.2,0.0,1,OP106,0,none,5.2,0.0,0,0,0,2,0.07410283128643491,0
EQX1083,Compactor,S001,2025-06-10,2025-06-15,7.7,5.3,5,OP139,0,none,13.0,0.40769227633136335,0,0,0,1,0.14504711810244508,0
EQX1134,Bulldozer,S007,2025-08-14,2025-09-07,6.2,4.3,24,OP103,0,none,10.5,0.40952377052154565,0,0,0,0,0.12156756386761125,0
EQX1174,Loader,S004,2025-01-11,2025-01-21,6.7,5.3,10,OP103,0,none,12.0,0.4416666298611142,0,0,0,5,0.13871192087151912,0
EQX1193,Excavator,S002,2024-03-09,2024-03-25,5.2,0.0,16,OP118,0,none,5.2,0.0,0,0,0,3,0.10435701114236784,0
EQX1012,Loader,S002,2024-03-06,2024-03-17,4.7,0.4,11,OP109,0,none,5.1000000000000005,0.07843135717032211,0,0,0,5,0.08192678016318766,0
EQX1035,Crane,S009,2025-07-09,2025-07-17,9.2,0.6,8,OP110,0,none,9.799999999999999,0.0612244835485221,0,0,0,2,0.11050669611700797,0
EQX1178,Loader,S001,2025-10-09,2025-10-14,0.2,4.2,5,OP123,0,none,4.4,0.954545237603355,0,0,0,5,-0.04779142910135736,1
EQX1219,Loader,S004,2024-01-30,2024-02-09,6.5,2.7,10,OP114,0,none,9.2,0.2934782289697578,0,0,0,5,0.14377235899602148,0
EQX1178,Loader,S012,2025-12-03,2025-12-17,3.5,4.0,14,OP104,0,none,7.5,0.5333332622222317,0,0,0,5,0.10977643732052828,0
EQX1021,Compactor,S011,2024-10-10,2024-10-19,7.2,3.0,9,OP126,0,none,10.2,0.294117618223763,0,0,0,1,0.16297770973823344,0
EQX1202,Loader,S004,2024-07-08,2024-07-20,8.9,2.1,12,OP131,0,none,11.0,0.1909090735537206,0,0,0,5,0.12280078206366107,0
EQX1113,Bulldozer,S011,2024-10-27,2024-11-24,3.8,4.5,28,OP125,0,none,8.3,0.542168609377276,0,0,0,0,0.07234064672327489,0
EQX1035,Crane,S004,2024-04-16,2024-04-19,17.9,13.6,3,OP103,1,impossible_hours,31.5,0.43174601803980894,0,0,1,2,-0.1560229975281392,1
EQX1151,Compactor,S001,2024-04-04,2024-04-14,5.1,5.4,10,OP113,0,none,10.5,0.5142856653061272,0,0,0,1,0.15112395925860783,0
EQX1053,Compactor,S010,2024-02-23,2024-03-03,3.2,0.4,9,OP137,0,none,3.6,0.11111108024692215,0,0,0,1,0.07298773949340215,0
EQX1138,Crane,S001,2025-04-24,2025-04-26,5.4,3.9,2,OP105,0,none,9.3,0.4193547936177641,0,0,0,2,0.14080561196717395,0
EQX1125,Excavator,S012,2025-03-13,2025-03-20,4.7,3.8,7,OP133,0,none,8.5,0.4470587709342623,0,0,0,3,0.15288532323229986,0
EQX1207,Excavator,S011,2025-04-25,2025-05-14,4.2,4.0,19,OP131,0,none,8.2,0.48780481856038804,0,0,0,3,0.1401783037933983,0
EQX1138,Crane,S004,2024-03-20,2024-03-24,5.0,0.0,4,OP113,0,none,5.0,0.0,0,0,0,2,0.0996665270964523,0
EQX1109,Excavator,UNKNOWN,2024-12-18,2024-12-30,7.2,4.6,12,OP111,1,unassigned_site,11.8,0.3898304754380953,1,0,0,3,-0.03370902240466378,1
EQX1216,Compactor,S011,2025-03-25,2025-04-03,7.4,2.9,9,OP109,0,none,10.3,0.2815533707229737,0,0,0,1,0.16132597931187803,0
EQX1098,Excavator,S012,2025-04-07,2025-05-02,7.4,5.8,25,OP125,0,none,13.2,0.4393939061065223,0,0,0,3,0.11679635751452472,0
EQX1055,Compactor,S007,2025-11-14,2025-11-17,9.6,4.5,3,OP136,0,none,14.1,0.3191489135355381,0,0,0,1,0.1187417487326764,0
EQX1064,Compactor,S004,2024-04-27,2024-05-03,8.3,3.4,6,OP118,0,none,11.700000000000001,0.290598265760832,0,0,0,1,0.1484494029388801,0
EQX1003,Loader,S005,2024-11-05,2024-11-18,7.6,0.6,13,OP132,0,none,8.2,0.0731707227840582,0,0,0,5,0.09636024923276076,0
EQX1075,Excavator,S011,2024-07-02,2024-07-11,9.9,5.7,9,OP127,0,none,15.600000000000001,0.36538459196252615,0,0,0,3,0.11463947856234702,0
EQX1053,Compactor,S009,2025-02-26,2025-05-13,7.2,3.1,76,OP131,1,extended_rental,10.3,0.3009708445659374,0,0,0,1,-0.002340187569745633,1
EQX1036,Excavator,S006,2025-01-19,2025-01-28,6.0,1.6,9,OP111,0,none,7.6,0.21052628808864632,0,0,0,3,0.15353899328548026,0
EQX1131,Excavator,S004,2025-01-03,2025-01-17,5.0,0.9,14,OP129,0,none,5.9,0.15254234702672084,0,0,0,3,0.12486191815554054,0
EQX1025,Compactor,S008,2025-04-01,2025-04-06,9.3,5.7,5,OP127,0,none,15.0,0.3799999746666684,0,0,0,1,0.1258367409535427,0
EQX1084,Excavator,S001,2025-08-19,2025-08-24,8.8,4.5,5,OP107,0,none,13.3,0.33834583922211736,0,0,0,3,0.13545838653661463,0
EQX1018,Excavator,S006,2025-01-04,2025-01-18,5.7,6.6,14,OP125,0,none,12.3,0.5365853222288356,0,0,0,3,0.14644851502396172,0
EQX1081,Grader,S007,2025-11-15,2025-11-25,5.9,2.0,10,OP117,0,none,7.9,0.2531645249158829,0,0,0,4,0.14979470187281319,0
EQX1043,Compactor,S002,2025-11-18,2025-11-27,6.0,4.7,9,UNKNOWN,1,no_operator,10.7,0.4392522953969818,0,1,0,1,-0.0002942594417625344,1
EQX1084,Excavator,S001,2025-10-26,2025-11-13,8.9,0.8,18,OP137,0,none,9.700000000000001,0.08247421830162698,0,0,0,3,0.10348399957311566,0
EQX1007,Compactor,S006,2024-09-13,2024-09-19,4.1,2.1,6,OP109,0,none,6.199999999999999,0.33870962278877054,0,0,0,1,0.1357638772897839,0
EQX1132,Loader,S009,2025-08-04,2025-08-22,5.3,1.8,18,OP126,0,none,7.1,0.25352109105336745,0,0,0,5,0.10285545663983964,0
EQX1030,Grader,S006,2025-05-11,2025-05-22,9.1,0.5,11,OP110,0,none,9.6,0.052083327907986685,0,0,0,4,0.10927695455639708,0
EQX1014,Compactor,S001,2025-08-21,2025-08-30,4.9,0.1,9,OP133,0,none,5.0,0.0199999960000008,0,0,0,1,0.08971498647334764,0
EQX1142,Crane,S002,2024-10-13,2024-10-28,7.2,0.0,15,OP134,0,none,7.2,0.0,0,0,0,2,0.09843522510683755,0
EQX1108,Bulldozer,S003,2025-06-06,2025-06-24,10.4,1.3,18,OP105,0,none,11.700000000000001,0.11111110161443576,0,0,0,0,0.05770553954298363,0
EQX1042,Compactor,S001,2025-05-06,2025-05-16,7.4,1.7,10,OP121,0,none,9.1,0.18681316628426745,0,0,0,1,0.14420677416651162,0
EQX1078,Grader,S007,2024-12-04,2024-12-17,7.4,6.4,13,OP138,0,none,13.8,0.46376808233564626,0,0,0,4,0.14209584708388123,0
EQX1201,Compactor,S007,2025-09-02,2025-09-13,7.0,2.1,11,OP136,0,none,9.1,0.23076920540997747,0,0,0,1,0.15425368035049042,0
EQX1040,Grader,S009,2025-07-31,2025-08-11,6.1,8.5,11,OP128,0,none,14.6,0.5821917409457712,0,0,0,4,0.11234724539902735,0
EQX1028,Excavator,S004,2025-07-10,2025-07-24,7.8,5.8,14,OP116,0,none,13.6,0.42647055687716495,0,0,0,3,0.1477633967020735,0
EQX1101,Loader,S002,2024-03-27,2024-04-07,6.7,5.4,11,OP110,0,none,12.100000000000001,0.44628095485281366,0,0,0,5,0.14041961409630588,0
EQX1208,Grader,S007,2025-04-03,2025-04-13,5.2,2.1,10,OP135,0,none,7.300000000000001,0.2876711934696995,0,0,0,4,0.14646879845078858,0
EQX1218,Excavator,S004,2024-11-10,2024-11-19,4.7,2.2,9,OP113,0,none,6.9,0.318840533501372,0,0,0,3,0.14927992659199907,0
EQX1065,Grader,S007,2025-12-20,2025-12-31,6.3,0.5,11,OP103,0,none,6.8,0.07352940095155869,0,0,0,4,0.11666812289554573,0
EQX1118,Compactor,S007,2024-06-27,2024-06-30,6.7,3.7,3,OP130,0,none,10.4,0.3557691965606542,0,0,0,1,0.15001400153585775,0
EQX1068,Bulldozer,S008,2025-02-10,2025-03-03,6.6,5.5,21,OP115,0,none,12.1,0.4545454169797176,0,0,0,0,0.12354719256652907,0
EQX1117,Compactor,S010,2024-11-11,2024-11-17,7.3,6.5,6,OP112,0,none,13.8,0.4710144586221407,0,0,0,1,0.1459962718576796,0
EQX1192,Bulldozer,S008,2024-06-03,2024-06-16,9.3,3.9,13,OP132,0,none,13.200000000000001,0.295454523071627,0,0,0,0,0.11321135416777722,0
EQX1211,Grader,S006,2024-05-19,2024-06-01,5.1,3.0,13,OP133,0,none,8.1,0.37037032464563896,0,0,0,4,0.1535834087620151,0
EQX1088,Crane,S001,2024-08-26,2024-09-02,8.1,1.5,7,OP115,0,none,9.6,0.15624998372396004,0,0,0,2,0.13968781272653985,0
EQX1080,Compactor,S002,2024-01-03,2024-01-14,5.9,4.8,11,OP135,0,none,10.7,0.4485980889160665,0,0,0,1,0.15381491983223017,0
EQX1031,Compactor,S006,2024-02-03,2024-02-06,6.5,1.5,3,OP123,0,none,8.0,0.18749997656250295,0,0,0,1,0.13259417557003017,0
EQX1160,Compactor,S008,2025-01-02,2025-01-08,4.6,0.0,6,OP103,0,none,4.6,0.0,0,0,0,1,0.09699352205643447,0
EQX1179,Loader,S003,2024-02-28,2024-03-14,6.3,5.3,15,OP119,0,none,11.6,0.4568965123365076,0,0,0,5,0.1380722445462989,0
EQX1169,Bulldozer,S006,2025-03-05,2025-03-29,0.1,18.8,24,OP112,1,excessive_idle,18.900000000000002,0.9947089420788918,0,0,0,0,-0.10557303412527819,1
EQX1016,Bulldozer,S007,2024-07-20,2024-08-06,4.4,7.0,17,OP105,0,none,11.4,0.614035033856576,0,0,0,0,0.10035484724821253,0
EQX1106,Compactor,S009,2025-10-27,2025-11-03,8.4,9.1,7,OP103,0,none,17.5,0.519999970285716,0,0,0,1,0.08373942472095025,0
EQX1191,Loader,S006,2025-03-09,2025-03-15,10.7,3.6,6,OP121,0,none,14.299999999999999,0.2517482341434802,0,0,0,5,0.09056453141765008,0
EQX1019,Compactor,S001,2025-12-19,2025-12-26,7.1,2.3,7,OP125,0,none,9.399999999999999,0.24468082503395483,0,0,0,1,0.15862459411816804,0
EQX1149,Crane,S001,2025-11-13,2025-11-24,5.7,3.4,11,OP113,0,none,9.1,0.3736263325685349,0,0,0,2,0.16007416246303657,0
EQX1066,Grader,S006,2025-06-28,2025-07-12,8.6,1.3,14,OP126,0,none,9.9,0.13131311804918,0,0,0,4,0.1294897779800126,0
EQX1141,Crane,S009,2025-01-29,2025-02-04,5.6,5.9,6,OP115,0,none,11.5,0.5130434336483971,0,0,0,2,0.14874975339530638,0
EQX1146,Bulldozer,S001,2024-12-26,2025-01-10,2.9,4.5,15,OP118,0,none,7.4,0.6081080259313478,0,0,0,0,0.08718388038945424,0
EQX1124,Crane,S001,2025-09-18,2025-09-21,4.2,2.5,3,OP124,0,none,6.7,0.37313427266652643,0,0,0,2,0.13608632982510221,0
EQX1139,Compactor,S006,2024-01-25,2024-01-30,3.4,5.2,5,OP112,0,none,8.6,0.6046510924824312,0,0,0,1,0.12418237305700769,0
EQX1086,Excavator,S010,2024-09-09,2024-09-20,1.0,3.5,11,OP132,0,none,4.5,0.7777776049383099,0,0,0,3,0.04451160614554778,0
EQX1058,Grader,S010,2025-09-01,2025-09-07,5.3,2.0,6,OP139,0,none,7.3,0.27397256520923763,0,0,0,4,0.1394338805797517,0
EQX1166,Bulldozer,S009,2025-11-28,2025-12-12,4.9,1.7,14,OP126,0,none,6.6000000000000005,0.2575757185491335,0,0,0,0,0.1104547547987429,0
EQX1143,Loader,S009,2025-02-20,2025-03-01,6.2,4.8,9,OP124,0,none,11.0,0.4363635966942185,0,0,0,5,0.14275912519239364,0
EQX1047,Bulldozer,S003,2025-08-18,2025-08-31,2.5,1.9,13,OP106,0,none,4.4,0.4318180836777082,0,0,0,0,0.06461511041769702,0
EQX1126,Crane,S005,2025-11-20,2025-11-26,5.2,3.3,6,OP131,0,none,8.5,0.38823524844291196,0,0,0,2,0.15579406693906317,0
EQX1055,Compactor,S004,2024-11-30,2024-12-10,7.6,8.1,10,OP137,0,none,15.7,0.5159235340176094,0,0,0,1,0.11668557708247307,0
EQX1120,Grader,S010,2024-01-30,2024-02-04,4.4,5.4,5,OP108,0,none,9.8,0.5510203519366988,0,0,0,4,0.1322971098860526,0
EQX1155,Excavator,S005,2024-01-16,2024-02-01,6.8,2.6,16,OP105,0,none,9.4,0.276595715255775,0,0,0,3,0.1542710844148833,0
EQX1005,Excavator,S010,2025-12-14,2025-12-19,16.9,12.4,5,OP105,1,impossible_hours,29.299999999999997,0.4232081766823148,0,0,1,3,-0.14515836269117233,1
EQX1139,Compactor,S008,2025-04-19,2025-04-29,12.6,2.9,10,OP137,0,none,15.5,0.18709676212278956,0,0,0,1,0.04270489396032062,0
EQX1035,Crane,S009,2025-09-15,2025-09-23,8.5,6.7,8,OP101,0,none,15.2,0.440789444684905,0,0,0,2,0.13865666414298583,0
EQX1042,Compactor,S010,2025-11-01,2025-11-10,10.3,4.9,9,OP135,0,none,15.200000000000001,0.32236839984418425,0,0,0,1,0.11216198438497965,0
EQX1110,Loader,S002,2024-03-15,2024-03-23,2.7,2.2,8,OP111,0,none,4.9,0.44897950020826527,0,0,0,5,0.08387293786466304,0
EQX1217,Excavator,S008,2025-04-03,2025-04-17,6.2,2.9,14,OP121,0,none,9.1,0.3186812836613974,0,0,0,3,0.16168473465887806,0
EQX1108,Bulldozer,S003,2024-07-05,2024-07-15,7.9,2.9,10,OP114,0,none,10.8,0.268518493655695,0,0,0,0,0.13100673588778622,0
EQX1045,Compactor,S009,2024-02-16,2024-02-17,4.3,7.0,1,OP125,0,none,11.3,0.6194689717284095,0,0,0,1,0.10238148537263464,0
EQX1188,Excavator,S008,2025-03-04,2025-03-17,9.3,0.0,13,OP139,0,none,9.3,0.0,0,0,0,3,0.10615588363333095,0
EQX1116,Loader,S004,2024-04-10,2024-04-26,6.3,3.3,16,OP123,0,none,9.6,0.3437499641927121,0,0,0,5,0.1351644249693031,0
EQX1194,Compactor,S001,2024-07-23,2024-07-28,9.8,0.0,5,OP118,0,none,9.8,0.0,0,0,0,1,0.08213141068937907,0
EQX1019,Compactor,S002,2024-10-11,2024-10-22,8.3,6.6,11,OP111,0,none,14.9,0.4429529904058396,0,0,0,1,0.13775239003925904,0
EQX1172,Crane,S002,2024-10-07,2024-10-13,4.6,8.2,6,OP132,0,none,12.799999999999999,0.6406249499511758,0,0,0,2,0.10967103746555984,0
EQX1144,Grader,S007,2025-09-05,2025-09-21,6.3,0.2,16,OP138,0,none,6.5,0.030769226035503687,0,0,0,4,0.09408835836086038,0
EQX1007,Compactor,S004,2024-02-23,2024-02-29,8.0,5.8,6,OP105,0,none,13.8,0.42028982461667935,0,0,0,1,0.14093587895845838,0
