Equipment_ID,Type,Site_ID,Check_In_Date,Check_Out_Date,Engine_Hours_Day,Idle_Hours_Day,Rental_Days,Last_Operator_ID,is_anomaly,anomaly_type
EQX1096,Grader,S012,2025-02-06,2025-02-11,6.8,2.9,5,OP106,0,none
EQX1096,Grader,S007,2024-11-13,2024-11-23,4.9,3.8,10,OP134,0,none
EQX1072,Crane,S012,2024-12-14,2024-12-23,9.0,5.3,9,OP128,0,none
EQX1116,Loader,S009,2024-06-08,2024-06-26,7.3,5.4,18,OP137,0,none
EQX1168,Compactor,S006,2024-04-11,2024-04-15,4.7,1.6,4,OP115,0,none
EQX1189,Compactor,S009,2024-07-11,2024-07-20,6.1,0.4,9,OP137,0,none
EQX1036,Excavator,S009,2024-04-26,2024-05-09,4.1,4.6,13,OP137,0,none
EQX1023,Loader,S005,2025-01-04,2025-01-11,3.6,5.5,7,OP102,0,none
EQX1183,Crane,S001,2024-10-09,2024-10-12,0.3,22.9,3,OP134,1,excessive_idle
EQX1103,Bulldozer,S003,2025-04-13,2025-04-30,7.2,5.9,17,OP136,0,none
EQX1220,Bulldozer,S002,2024-03-23,2024-06-17,10.3,6.0,86,OP124,1,extended_rental
EQX1030,Grader,S010,2024-02-18,2024-03-02,5.2,3.6,13,OP110,0,none
EQX1001,Compactor,S005,2024-05-07,2024-05-14,3.5,2.9,7,OP128,0,none
EQX1004,Grader,S007,2024-03-31,2024-04-09,6.7,3.7,9,OP130,0,none
EQX1141,Crane,S009,2024-06-21,2024-06-26,5.5,0.0,5,OP106,0,none
EQX1062,Crane,S008,2025-08-09,2025-08-15,4.1,1.8,6,OP117,0,none
EQX1116,Loader,S005,2024-11-13,2024-11-17,7.7,6.4,4,OP133,0,none
EQX1168,Compactor,S006,2025-03-21,2025-03-25,5.3,2.5,4,OP102,0,none
EQX1175,Excavator,S012,2024-02-12,2024-03-03,4.4,4.0,20,OP132,0,none
EQX1043,Compactor,S012,2025-02-12,2025-02-17,5.0,4.1,5,OP117,0,none
EQX1207,Excavator,S001,2024-08-21,2024-09-10,7.1,2.5,20,OP110,0,none
EQX1189,Compactor,S012,2024-04-03,2024-04-10,8.9,2.5,7,OP112,0,none
EQX1106,Compactor,S002,2025-06-29,2025-07-04,2.7,0.3,5,OP119,0,none
EQX1135,Grader,S010,2024-11-17,2024-11-30,7.5,3.3,13,OP113,0,none
EQX1145,Crane,S009,2024-04-11,2024-04-18,3.3,4.0,7,OP126,0,none
EQX1119,Crane,,2024-10-13,2024-10-22,8.4,0.0,9,OP130,1,unassigned_site
EQX1107,Crane,S001,2025-01-24,2025-01-28,10.1,5.0,4,OP119,0,none
EQX1008,Compactor,S004,2025-02-24,2025-02-25,3.7,8.2,1,OP106,0,none
EQX1148,Crane,S009,2025-04-18,2025-04-22,5.0,0.3,4,OP121,0,none
EQX1079,Grader,S009,2025-03-16,2025-05-20,8.2,7.3,65,OP135,1,extended_rental
EQX1170,Loader,S003,2024-02-09,2024-02-17,7.7,3.3,8,OP120,0,none
EQX1121,Grader,S008,2025-05-09,2025-05-16,7.0,0.0,7,OP119,0,none
EQX1056,Compactor,S010,2025-10-04,2025-10-08,7.4,3.1,4,OP137,0,none
EQX1008,Compactor,S006,2024-11-29,2024-12-11,4.5,0.9,12,OP120,0,none
EQX1114,Grader,S007,2025-02-05,2025-02-14,3.8,3.4,9,OP128,0,none
EQX1179,Loader,S012,2025-04-23,2025-05-06,6.3,5.6,13,OP118,0,none
EQX1131,Excavator,S005,2024-03-25,2024-04-10,2.8,4.9,16,OP111,0,none
EQX1085,Excavator,S003,2024-07-11,2024-07-21,7.0,1.5,10,OP113,0,none
EQX1151,Compactor,S007,2025-05-23,2025-06-01,6.1,3.1,9,OP126,0,none
EQX1087,Compactor,S010,2024-10-01,2024-10-09,5.8,1.5,8,OP139,0,none
EQX1031,Compactor,S004,2024-11-23,2024-11-30,3.5,4.2,7,OP101,0,none
EQX1035,Crane,S005,2024-03-11,2024-03-22,5.5,3.3,11,OP139,0,none
EQX1135,Grader,S010,2024-04-14,2024-04-27,7.1,2.4,13,OP114,0,none
EQX1034,Bulldozer,S012,2025-07-31,2025-08-14,1.8,7.0,14,OP131,0,none
EQX1063,Grader,S010,2025-01-12,2025-01-23,8.2,2.8,11,OP133,0,none
EQX1108,Bulldozer,S007,2024-11-01,2024-12-01,8.6,3.7,30,OP123,0,none
EQX1177,Crane,S012,2024-10-31,2024-11-08,0.6,6.0,8,OP137,0,none
EQX1191,Loader,S007,2024-12-04,2024-12-20,10.6,4.2,16,OP103,0,none
EQX1097,Bulldozer,S003,2025-02-24,2025-03-14,19.1,13.2,18,OP124,1,impossible_hours
EQX1012,Loader,S005,2024-10-17,2024-10-23,3.4,1.4,6,OP139,0,none
EQX1204,Excavator,S005,2025-11-24,2025-12-08,4.4,3.1,14,OP102,0,none
EQX1015,Crane,S005,2024-10-17,2024-10-23,6.4,0.0,6,OP117,0,none
EQX1109,Excavator,S011,2024-02-03,2024-02-17,6.1,4.0,14,OP102,0,none
EQX1067,Grader,S007,2024-05-24,2024-06-02,8.5,3.1,9,OP117,0,none
EQX1198,Loader,S005,2024-10-30,2024-11-10,5.9,6.2,11,OP110,0,none
EQX1034,Bulldozer,S008,2024-06-05,2024-06-21,5.9,3.2,16,OP101,0,none
EQX1069,Excavator,S008,2025-01-25,2025-02-11,5.1,4.8,17,OP131,0,none
EQX1164,Excavator,S001,2024-12-03,2024-12-26,6.0,3.4,23,OP108,0,none
EQX1035,Crane,S001,2025-04-08,2025-04-15,4.0,6.5,7,OP115,0,none
EQX1116,Loader,S005,2025-06-05,2025-06-15,7.7,4.3,10,OP117,0,none
EQX1007,Compactor,S010,2024-03-05,2024-03-15,9.2,5.1,10,OP127,0,none
EQX1064,Compactor,S012,2025-11-27,2025-12-06,5.9,3.3,9,OP119,0,none
EQX1018,Excavator,S009,2024-07-10,2024-07-22,6.5,1.5,12,OP131,0,none
EQX1088,Crane,S012,2025-06-17,2025-06-25,6.5,4.4,8,OP107,0,none
EQX1015,Crane,S004,2024-10-30,2024-11-04,6.1,3.7,5,OP128,0,none
EQX1182,Loader,S009,2025-10-26,2025-11-10,10.3,5.4,15,OP130,0,none
EQX1131,Excavator,S009,2024-10-03,2024-10-10,12.2,5.1,7,OP130,0,none
EQX1119,Crane,S002,2025-12-20,2025-12-29,10.3,4.6,9,OP132,0,none
EQX1138,Crane,S003,2025-05-04,2025-05-09,5.5,1.3,5,OP119,0,none
EQX1092,Grader,S007,2024-03-10,2024-03-13,2.8,3.9,3,OP102,0,none
EQX1179,Loader,S008,2024-05-01,2024-05-08,6.8,4.7,7,OP112,0,none
EQX1079,Grader,S006,2025-05-22,2025-06-03,5.9,6.4,12,OP135,0,none
EQX1206,Bulldozer,S003,2025-01-18,2025-02-01,5.7,5.0,14,OP106,0,none
EQX1008,Compactor,S009,2024-05-10,2024-05-16,4.4,5.8,6,OP101,0,none
EQX1010,Crane,S003,2025-03-13,2025-03-19,4.8,2.2,6,OP117,0,none
EQX1215,Compactor,S001,2025-09-21,2025-09-26,8.5,3.4,5,OP107,0,none
EQX1042,Compactor,S010,2024-12-05,2024-12-14,9.8,3.4,9,OP128,0,none
EQX1096,Grader,S007,2025-04-19,2025-04-26,11.0,0.7,7,OP103,0,none
EQX1038,Crane,S002,2024-03-10,2024-03-14,8.2,0.0,4,OP127,0,none
EQX1189,Compactor,S007,2024-03-21,2024-03-26,6.2,2.8,5,OP122,0,none
EQX1118,Compactor,S010,2024-07-28,2024-08-08,9.8,3.8,11,,1,no_operator
EQX1096,Grader,S007,2024-07-25,2024-08-03,8.8,0.6,9,OP124,0,none
EQX1153,Excavator,S005,2025-11-04,2025-11-21,4.0,3.2,17,OP133,0,none
EQX1030,Grader,S010,2024-04-29,2024-05-11,8.6,2.0,12,OP102,0,none
EQX1100,Loader,S004,2025-04-15,2025-04-22,8.4,0.0,7,OP133,0,none
EQX1003,Loader,S009,2025-10-04,2025-10-15,6.7,9.6,11,OP133,0,none
EQX1031,Compactor,S008,2024-04-16,2024-04-19,11.0,0.8,3,OP123,0,none
EQX1063,Grader,S007,2025-10-11,2025-10-24,8.8,4.0,13,OP110,0,none
EQX1106,Compactor,S012,2024-07-14,2024-07-24,8.5,3.0,10,OP139,0,none
EQX1182,Loader,S009,2024-01-15,2024-01-30,8.9,1.6,15,OP128,0,none
EQX1115,Excavator,S008,2024-01-16,2024-01-26,7.7,3.8,10,OP131,0,none
EQX1168,Compactor,S006,2025-11-15,2025-11-24,5.1,4.9,9,OP102,0,none
EQX1077,Bulldozer,S007,2025-04-11,2025-05-05,4.9,5.8,24,OP123,0,none
EQX1009,Excavator,S009,2024-03-03,2024-03-15,9.9,2.4,12,OP118,0,none
EQX1034,Bulldozer,S004,2025-02-02,2025-02-26,5.4,2.2,24,OP116,0,none
EQX1219,Loader,S006,2024-01-03,2024-01-14,0.0,4.9,11,OP107,0,none
EQX1003,Loader,S009,2025-02-27,2025-03-12,7.9,0.0,13,OP114,0,none
EQX1177,Crane,S011,2024-10-13,2024-10-29,6.5,0.0,16,OP108,0,none
EQX1020,Grader,S010,2025-12-10,2025-12-18,7.5,2.5,8,OP121,0,none
EQX1102,Grader,S007,2024-04-26,2024-05-10,6.7,7.3,14,OP130,0,none
EQX1113,Bulldozer,S003,2025-08-26,2025-09-14,8.3,3.3,19,OP113,0,none
EQX1046,Compactor,S009,2024-10-09,2024-10-12,3.4,2.7,3,OP105,0,none
EQX1185,Compactor,S007,2025-10-10,2025-10-18,8.4,2.8,8,OP118,0,none
EQX1062,Crane,S004,2025-10-23,2025-10-30,4.1,3.2,7,OP135,0,none
EQX1126,Crane,S008,2024-12-14,2024-12-19,8.5,2.4,5,OP106,0,none
EQX1132,Loader,S008,2024-11-08,2024-11-16,10.8,2.7,8,OP105,0,none
EQX1202,Loader,S009,2024-03-25,2024-04-03,4.3,0.1,9,OP118,0,none
EQX1151,Compactor,S004,2025-05-05,2025-05-13,7.5,10.3,8,OP101,0,none
EQX1144,Grader,S010,2024-10-18,2024-11-04,5.7,6.1,17,OP113,0,none
EQX1140,Excavator,S012,2024-06-05,2024-06-19,4.7,0.4,14,OP128,0,none
EQX1201,Compactor,S004,2024-11-11,2024-11-15,11.0,4.3,4,OP102,0,none
EQX1071,Excavator,S004,2025-12-13,2025-12-18,3.9,0.1,5,OP107,0,none
EQX1093,Crane,S012,2024-06-05,2024-06-07,7.1,7.4,2,OP122,0,none
EQX1081,Grader,S010,2025-04-01,2025-04-09,3.9,4.1,8,OP128,0,none
EQX1181,Loader,S001,2024-03-02,2024-03-12,7.8,0.0,10,OP109,0,none
EQX1112,Excavator,S001,2025-06-26,2025-07-05,11.2,4.6,9,OP127,0,none
EQX1080,Compactor,S012,2024-02-17,2024-02-24,7.3,7.9,7,OP111,0,none
EQX1064,Compactor,S001,2025-01-07,2025-01-16,1.3,4.0,9,OP124,0,none
EQX1186,Grader,S010,2024-05-15,2024-05-30,4.8,2.3,15,OP124,0,none
EQX1180,Compactor,S009,2024-07-31,2024-08-04,4.5,2.7,4,OP138,0,none
EQX1165,Grader,S007,2025-10-02,2025-10-15,7.5,2.5,13,OP113,0,none
EQX1017,Grader,S007,2024-11-16,2024-11-21,6.0,4.0,5,OP111,0,none
EQX1035,Crane,S001,2024-11-21,2024-12-01,8.8,0.0,10,OP103,0,none
EQX1175,Excavator,S012,2024-07-26,2024-08-12,8.6,4.3,17,OP113,0,none
EQX1031,Compactor,S005,2024-01-19,2024-01-27,7.8,9.2,8,OP137,0,none
EQX1058,Grader,S011,2024-06-23,2024-07-06,11.4,1.6,13,OP137,0,none
EQX1018,Excavator,S011,2025-02-08,2025-02-26,5.5,2.4,18,OP139,0,none
EQX1204,Excavator,S007,2024-05-13,2024-05-30,12.8,3.9,17,OP102,0,none
EQX1169,Bulldozer,S008,2025-01-20,2025-02-16,7.8,4.1,27,OP104,0,none
EQX1043,Compactor,S002,2024-06-07,2024-06-12,5.5,2.4,5,OP112,0,none
EQX1213,Excavator,S008,2025-04-25,2025-05-21,7.7,4.9,26,OP125,0,none
EQX1077,Bulldozer,S008,2025-03-14,2025-04-06,7.2,4.2,23,OP127,0,none
EQX1195,Excavator,S004,2024-02-13,2024-03-02,5.9,2.5,18,OP109,0,none
EQX1091,Excavator,S010,2025-02-13,2025-02-20,9.1,1.1,7,OP104,0,none
EQX1181,Loader,S001,2024-01-27,2024-02-03,8.7,5.4,7,OP108,0,none
EQX1074,Bulldozer,S005,2025-03-27,2025-04-11,3.1,5.6,15,OP119,0,none
EQX1156,Grader,S010,2024-06-22,2024-07-01,8.9,3.1,9,OP131,0,none
EQX1187,Bulldozer,S010,2024-05-10,2024-06-01,9.0,1.2,22,OP117,0,none
EQX1189,Compactor,S006,2025-11-01,2025-11-05,3.0,4.4,4,OP104,0,none
EQX1073,Loader,S009,2025-10-07,2025-10-16,3.2,8.2,9,OP118,0,none
EQX1029,Excavator,S008,2025-02-11,2025-02-27,5.2,1.5,16,OP132,0,none
EQX1057,Crane,S002,2024-11-09,2024-11-17,7.8,1.3,8,OP130,0,none
EQX1172,Crane,S004,2025-04-11,2025-04-16,7.5,5.0,5,OP103,0,none
EQX1159,Compactor,S004,2025-12-02,2025-12-13,8.8,7.4,11,OP131,0,none
EQX1101,Loader,S009,2024-03-09,2024-03-25,2.2,4.7,16,OP121,0,none
EQX1026,Excavator,S004,2024-01-12,2024-01-21,6.5,2.3,9,OP123,0,none
EQX1004,Grader,S002,2025-08-08,2025-08-23,7.3,3.0,15,OP114,0,none
EQX1165,Grader,S010,2025-03-21,2025-04-06,3.2,4.8,16,OP125,0,none
EQX1072,Crane,S001,2025-03-31,2025-04-02,5.5,0.8,2,OP118,0,none
EQX1027,Crane,S002,2025-08-16,2025-08-26,9.5,4.6,10,OP106,0,none
EQX1049,Grader,S010,2024-08-15,2024-08-21,6.3,8.8,6,OP124,0,none
EQX1111,Crane,S002,2025-05-25,2025-05-31,5.7,4.1,6,OP105,0,none
EQX1166,Bulldozer,S003,2024-11-27,2024-12-19,4.8,1.9,22,OP135,0,none
EQX1130,Grader,S006,2025-08-22,2025-09-03,5.3,1.1,12,OP126,0,none
EQX1044,Bulldozer,S011,2025-12-02,2025-12-13,8.7,0.0,11,OP116,0,none
EQX1218,Excavator,S001,2025-06-08,2025-06-29,6.3,8.8,21,OP134,0,none
EQX1167,Compactor,S007,2025-08-31,2025-09-08,6.2,2.4,8,OP128,0,none
EQX1211,Grader,S001,2025-11-30,2025-12-11,5.3,1.4,11,OP109,0,none
EQX1166,Bulldozer,S005,2025-07-01,2025-07-27,5.8,4.8,26,OP111,0,none
EQX1165,Grader,S004,2025-09-20,2025-09-27,10.6,1.3,7,OP129,0,none
EQX1009,Excavator,S002,2024-08-27,2024-09-16,8.0,3.5,20,OP122,0,none
EQX1032,Loader,S002,2024-12-11,2024-12-26,3.9,9.1,15,OP126,0,none
EQX1042,Compactor,S006,2024-04-05,2024-04-13,7.5,5.9,8,OP104,0,none
EQX1160,Compactor,S010,2025-12-14,2025-12-21,9.0,5.6,7,OP131,0,none
EQX1115,Excavator,S005,2024-05-03,2024-05-19,8.2,0.0,16,OP135,0,none
EQX1174,Loader,S012,2025-01-24,2025-02-05,2.4,3.6,12,OP136,0,none
EQX1064,Compactor,S007,2024-05-11,2024-05-17,4.3,0.9,6,OP124,0,none
EQX1182,Loader,S011,2024-03-22,2024-04-02,4.8,3.2,11,OP136,0,none
EQX1032,Loader,S003,2024-10-14,2024-10-28,3.4,5.1,14,OP111,0,none
EQX1070,Crane,S001,2025-03-10,2025-03-17,8.7,5.7,7,OP132,0,none
EQX1167,Compactor,S009,2024-10-15,2024-10-25,5.6,1.4,10,OP114,0,none
EQX1084,Excavator,S007,2025-02-25,2025-03-12,9.5,4.7,15,OP106,0,none
EQX1061,Grader,S010,2024-02-07,2024-02-14,4.1,7.2,7,OP132,0,none
EQX1137,Loader,S003,2025-11-23,2025-12-07,6.1,3.3,14,OP130,0,none
EQX1015,Crane,S001,2025-06-23,2025-06-26,3.6,4.8,3,OP123,0,none
EQX1063,Grader,S006,2024-04-26,2024-05-04,5.6,1.4,8,OP115,0,none
EQX1074,Bulldozer,S009,2025-08-28,2025-09-10,5.2,3.2,13,OP117,0,none
EQX1195,Excavator,S008,2024-11-04,2024-11-26,5.1,5.6,22,OP118,0,none
EQX1198,Loader,S012,2024-12-27,2025-01-01,1.2,2.8,5,OP139,0,none
EQX1129,Excavator,S006,2024-04-04,2024-04-16,9.4,4.1,12,OP139,0,none
EQX1071,Excavator,S009,2025-01-06,2025-01-22,0.7,4.1,16,OP107,0,none
EQX1211,Grader,S010,2025-10-03,2025-10-13,2.3,4.9,10,OP128,0,none
EQX1103,Bulldozer,S010,2024-01-16,2024-02-05,6.3,4.7,20,OP124,0,none
EQX1106,Compactor,S011,2025-05-28,2025-06-07,9.0,5.7,10,OP102,0,none
EQX1061,Grader,S005,2024-11-13,2024-11-24,6.4,1.2,11,OP130,0,none
EQX1008,Compactor,S007,2025-01-19,2025-01-27,8.9,4.9,8,OP125,0,none
EQX1088,Crane,S012,2025-04-23,2025-05-02,3.5,1.4,9,OP105,0,none
EQX1021,Compactor,S007,2025-05-13,2025-05-24,7.8,3.6,11,OP137,0,none
EQX1152,Loader,S011,2025-01-01,2025-01-07,7.4,0.0,6,OP103,0,none
EQX1086,Excavator,S012,2024-04-01,2024-04-13,6.8,6.2,12,OP139,0,none
EQX1185,Compactor,S007,2025-09-30,2025-10-06,1.7,6.7,6,OP119,0,none
EQX1029,Excavator,S008,2025-12-07,2025-12-27,6.2,0.0,20,OP114,0,none
EQX1202,Loader,S004,2024-10-14,2024-10-25,7.6,7.4,11,OP106,0,none
EQX1026,Excavator,S001,2025-04-12,2025-04-26,7.3,2.2,14,OP136,0,none
EQX1060,Excavator,S001,2025-09-12,2025-09-24,0.2,18.1,12,OP123,1,excessive_idle
EQX1029,Excavator,S005,2024-12-29,2025-01-15,7.5,4.2,17,OP102,0,none
EQX1211,Grader,S010,2024-02-26,2024-03-05,5.4,0.6,8,OP116,0,none
EQX1062,Crane,S005,2025-01-08,2025-01-09,8.5,5.1,1,OP104,0,none
EQX1055,Compactor,S010,2024-05-15,2024-05-25,7.9,1.8,10,OP122,0,none
EQX1130,Grader,S007,2024-03-09,2024-03-17,8.7,2.3,8,OP134,0,none
EQX1199,Excavator,S005,2024-11-01,2024-11-21,9.9,0.4,20,OP139,0,none
EQX1199,Excavator,S005,2025-05-03,2025-05-22,8.3,3.2,19,OP107,0,none
EQX1160,Compactor,S011,2025-03-26,2025-04-02,5.8,8.6,7,OP114,0,none
EQX1090,Crane,S012,2025-02-14,2025-02-20,12.2,0.0,6,OP139,0,none
EQX1191,Loader,S007,2025-03-19,2025-04-04,6.6,4.0,16,OP112,0,none
EQX1128,Excavator,S002,2025-05-03,2025-05-21,3.6,4.3,18,OP103,0,none
EQX1061,Grader,S007,2024-03-18,2024-03-25,7.5,0.1,7,OP124,0,none
EQX1172,Crane,S002,2025-08-05,2025-08-14,7.9,2.7,9,OP107,0,none
EQX1080,Compactor,S010,2025-04-22,2025-04-26,5.9,0.9,4,OP136,0,none
EQX1076,Bulldozer,S010,2024-06-26,2024-07-19,1.1,19.8,23,OP115,1,excessive_idle
EQX1051,Excavator,S004,2025-03-31,2025-04-25,6.3,0.6,25,OP118,0,none
EQX1145,Crane,,2025-03-21,2025-03-24,4.2,3.0,3,OP129,1,unassigned_site
EQX1209,Excavator,S012,2024-10-05,2024-10-19,4.8,2.3,14,OP127,0,none
EQX1122,Grader,S007,2024-12-31,2025-01-12,6.0,4.0,12,OP103,0,none
EQX1035,Crane,S012,2025-10-21,2025-10-26,4.9,2.8,5,OP104,0,none
EQX1113,Bulldozer,S011,2025-03-27,2025-04-10,5.6,3.4,14,OP118,0,none
EQX1122,Grader,S001,2025-10-02,2025-10-11,5.6,6.0,9,OP115,0,none
EQX1195,Excavator,S005,2024-01-23,2024-01-30,6.7,2.1,7,OP104,0,none
EQX1155,Excavator,S012,2024-12-02,2024-12-20,4.8,0.3,18,OP139,0,none
EQX1160,Compactor,S012,2025-12-06,2025-12-11,2.3,0.1,5,OP112,0,none
EQX1031,Compactor,S009,2025-11-28,2025-12-07,10.3,4.9,9,OP117,0,none
EQX1083,Compactor,S004,2024-02-28,2024-03-04,7.6,4.0,5,OP121,0,none
EQX1185,Compactor,S007,2025-07-06,2025-07-16,9.8,1.6,10,OP121,0,none
EQX1172,Crane,S006,2025-11-24,2025-12-02,5.8,1.0,8,OP112,0,none
EQX1140,Excavator,S003,2024-12-01,2024-12-14,6.0,0.0,13,OP139,0,none
EQX1109,Excavator,S002,2025-04-05,2025-04-16,6.0,5.3,11,OP132,0,none
EQX1200,Bulldozer,S001,2024-09-24,2024-10-10,9.6,6.6,16,OP114,0,none
EQX1095,Bulldozer,,2025-07-19,2025-08-04,3.9,2.8,16,OP113,1,unassigned_site
EQX1007,Compactor,S006,2025-08-01,2025-08-07,6.8,5.3,6,OP128,0,none
EQX1070,Crane,S009,2024-03-01,2024-03-07,2.7,3.7,6,OP102,0,none
EQX1074,Bulldozer,S011,2025-05-19,2025-06-13,7.2,4.3,25,OP114,0,none
EQX1079,Grader,S009,2025-09-21,2025-09-25,3.0,3.1,4,OP133,0,none
EQX1134,Bulldozer,S005,2025-07-19,2025-08-11,6.3,5.4,23,OP132,0,none
EQX1047,Bulldozer,S003,2024-02-06,2024-02-23,3.7,0.0,17,OP112,0,none
EQX1198,Loader,S003,2025-05-28,2025-06-08,3.2,1.7,11,OP116,0,none
EQX1028,Excavator,S009,2025-10-27,2025-11-15,6.7,1.6,19,OP133,0,none
EQX1031,Compactor,S010,2025-01-24,2025-01-29,9.3,4.9,5,OP130,0,none
EQX1092,Grader,S008,2025-04-15,2025-04-21,3.9,0.0,6,OP130,0,none
EQX1051,Excavator,S001,2025-07-14,2025-07-24,9.8,2.9,10,OP134,0,none
EQX1092,Grader,S010,2024-08-31,2024-09-08,13.1,3.5,8,OP116,0,none
EQX1050,Excavator,S007,2025-05-27,2025-06-11,5.1,2.1,15,OP125,0,none
EQX1120,Grader,S010,2025-02-12,2025-02-20,6.5,5.7,8,OP123,0,none
EQX1205,Excavator,S005,2025-03-11,2025-03-24,1.5,6.4,13,OP126,0,none
EQX1151,Compactor,S004,2024-11-26,2024-11-29,5.8,4.4,3,OP119,0,none
EQX1163,Bulldozer,S003,2025-10-25,2025-11-21,6.8,3.8,27,OP129,0,none
EQX1205,Excavator,S001,2024-03-22,2024-03-29,5.3,2.8,7,OP103,0,none
EQX1202,Loader,S005,2024-08-17,2024-09-04,9.0,4.4,18,OP135,0,none
EQX1023,Loader,S011,2025-08-18,2025-09-05,10.2,4.4,18,OP137,0,none
EQX1198,Loader,S004,2024-05-07,2024-05-16,8.9,7.2,9,OP102,0,none
EQX1135,Grader,S006,2024-01-09,2024-01-21,2.8,4.2,12,OP121,0,none
EQX1065,Grader,S010,2024-08-20,2024-08-21,7.3,0.0,1,OP133,0,none
EQX1152,Loader,S004,2024-11-27,2024-12-05,6.2,4.5,8,OP116,0,none
EQX1031,Compactor,S007,2025-09-20,2025-09-25,6.1,0.0,5,OP117,0,none
EQX1172,Crane,S004,2024-06-20,2024-06-22,3.5,1.6,2,OP127,0,none
EQX1198,Loader,S011,2024-04-09,2024-04-16,7.6,0.9,7,OP106,0,none
EQX1158,Grader,S006,2025-03-14,2025-03-23,6.3,7.9,9,OP105,0,none
EQX1038,Crane,S012,2025-03-26,2025-03-30,7.0,0.0,4,OP121,0,none
EQX1004,Grader,S002,2024-04-25,2024-05-04,10.4,3.3,9,OP118,0,none
EQX1183,Crane,S004,2025-12-05,2025-12-12,6.6,3.1,7,OP137,0,none
EQX1197,Grader,S007,2024-08-29,2024-09-08,5.7,5.0,10,OP130,0,none
EQX1177,Crane,,2024-12-22,2024-12-28,8.7,6.8,6,OP120,1,unassigned_site
EQX1070,Crane,S002,2024-11-22,2024-12-02,9.2,5.2,10,OP114,0,none
EQX1202,Loader,S005,2025-02-21,2025-05-15,4.9,5.3,83,OP116,1,extended_rental
EQX1132,Loader,S004,2025-06-22,2025-06-29,3.7,0.5,7,OP114,0,none
EQX1158,Grader,S007,2025-09-24,2025-09-26,10.2,3.2,2,OP114,0,none
EQX1138,Crane,S003,2024-06-07,2024-06-10,6.6,8.3,3,OP115,0,none
EQX1101,Loader,S002,2024-12-29,2025-01-15,4.1,2.4,17,OP137,0,none
EQX1168,Compactor,S001,2024-04-27,2024-05-04,1.0,4.1,7,OP120,0,none
EQX1114,Grader,S004,2024-03-13,2024-03-20,7.9,2.7,7,OP127,0,none
EQX1035,Crane,S003,2024-11-12,2024-11-18,5.0,5.7,6,OP128,0,none
EQX1052,Excavator,S004,2024-03-30,2024-04-15,0.6,2.7,16,OP109,0,none
EQX1089,Excavator,S001,2025-07-25,2025-08-07,5.9,3.5,13,OP103,0,none
EQX1084,Excavator,S002,2024-03-01,2024-03-13,6.0,5.5,12,OP102,0,none
EQX1111,Crane,S004,2025-07-18,2025-07-28,4.5,1.3,10,OP114,0,none
EQX1029,Excavator,S005,2025-08-17,2025-09-06,8.3,2.9,20,OP132,0,none
EQX1165,Grader,S006,2024-02-10,2024-02-17,6.6,2.0,7,OP134,0,none
EQX1155,Excavator,S011,2024-05-12,2024-05-27,4.6,4.5,15,OP117,0,none
EQX1002,Crane,S001,2025-03-12,2025-03-16,6.5,3.0,4,OP117,0,none
EQX1085,Excavator,S010,2025-08-14,2025-08-31,5.4,2.1,17,OP121,0,none
EQX1085,Excavator,S011,2024-03-01,2024-03-17,5.2,2.8,16,OP120,0,none
EQX1007,Compactor,S001,2025-09-26,2025-09-30,9.0,10.6,4,OP127,0,none
EQX1160,Compactor,S006,2024-08-31,2024-09-10,9.6,4.6,10,OP125,0,none
EQX1158,Grader,S010,2025-11-12,2025-11-18,1.3,7.0,6,OP132,0,none
EQX1149,Crane,S002,2024-12-02,2024-12-04,6.7,1.7,2,OP111,0,none
EQX1173,Bulldozer,S008,2025-05-16,2025-06-10,8.9,6.0,25,OP105,0,none
EQX1106,Compactor,S010,2024-12-02,2024-12-07,14.1,12.1,5,OP132,1,impossible_hours
EQX1211,Grader,S007,2025-04-21,2025-04-29,8.3,8.8,8,OP129,0,none
EQX1040,Grader,S007,2025-10-23,2025-11-06,7.6,2.7,14,OP126,0,none
EQX1077,Bulldozer,S008,2024-10-09,2024-10-23,4.5,6.1,14,,1,no_operator
EQX1043,Compactor,S010,2024-04-24,2024-05-01,6.1,1.1,7,OP129,0,none
EQX1088,Crane,S004,2024-03-05,2024-03-13,10.3,6.2,8,OP121,0,none
EQX1198,Loader,S011,2024-08-15,2024-09-01,8.8,6.1,17,OP124,0,none
EQX1096,Grader,S007,2025-11-23,2025-12-04,5.9,4.9,11,OP121,0,none
EQX1083,Compactor,S006,2024-11-15,2024-11-21,8.6,1.5,6,OP131,0,none
EQX1083,Compactor,S009,2024-03-23,2024-03-27,8.4,3.1,4,OP139,0,none
EQX1064,Compactor,S007,2025-08-23,2025-08-31,5.9,3.9,8,OP109,0,none
EQX1082,Crane,S004,2025-10-01,2025-10-05,1.3,21.8,4,OP105,1,excessive_idle
EQX1112,Excavator,S006,2025-07-15,2025-08-03,1.2,0.5,19,OP122,0,none
EQX1122,Grader,S006,2024-01-13,2024-01-23,8.8,3.8,10,OP117,0,none
EQX1124,Crane,S002,2025-05-25,2025-06-03,7.9,0.0,9,OP133,0,none
EQX1204,Excavator,S011,2024-11-01,2024-11-16,6.9,11.6,15,OP135,0,none
EQX1070,Crane,S012,2024-03-24,2024-03-26,0.6,19.8,2,OP131,1,excessive_idle
EQX1144,Grader,S007,2025-02-03,2025-02-13,8.6,1.3,10,OP101,0,none
EQX1102,Grader,S010,2025-05-28,2025-06-07,5.3,3.5,10,OP122,0,none
EQX1003,Loader,S011,2024-03-22,2024-04-03,8.6,0.7,12,OP114,0,none
EQX1112,Excavator,S008,2024-10-07,2024-10-20,4.1,2.0,13,OP101,0,none
EQX1177,Crane,S004,2025-03-25,2025-03-30,5.5,2.9,5,OP116,0,none
EQX1054,Grader,S010,2025-04-27,2025-05-08,9.0,6.1,11,OP111,0,none
EQX1165,Grader,S006,2024-02-26,2024-03-07,6.1,1.4,10,OP104,0,none
EQX1080,Compactor,S004,2024-03-01,2024-03-07,1.1,22.8,6,OP117,1,excessive_idle
EQX1154,Grader,S010,2025-02-05,2025-02-17,6.8,4.1,12,OP129,0,none
EQX1072,Crane,S009,2025-02-21,2025-02-26,4.4,3.9,5,OP137,0,none
EQX1207,Excavator,S011,2024-11-23,2024-12-03,8.5,5.3,10,OP121,0,none
EQX1179,Loader,S008,2025-01-04,2025-01-11,9.6,1.1,7,OP124,0,none
EQX1056,Compactor,S002,2024-02-06,2024-02-15,1.0,3.1,9,OP110,0,none
EQX1172,Crane,S009,2025-10-26,2025-11-03,9.9,0.9,8,OP116,0,none
EQX1045,Compactor,S010,2024-12-10,2024-12-18,7.7,2.5,8,OP118,0,none
EQX1195,Excavator,S010,2025-08-17,2025-08-26,10.2,4.6,9,OP134,0,none
EQX1183,Crane,S004,2025-02-14,2025-02-24,6.0,1.7,10,OP125,0,none
EQX1214,Compactor,S002,2024-05-15,2024-05-21,5.0,4.3,6,OP101,0,none
EQX1071,Excavator,S002,2025-01-24,2025-02-05,7.6,5.3,12,,1,no_operator
EQX1143,Loader,S003,2025-01-22,2025-01-31,11.4,4.7,9,OP139,0,none
EQX1001,Compactor,S010,2024-03-06,2024-03-12,1.8,3.1,6,OP101,0,none
EQX1198,Loader,S003,2024-02-15,2024-02-28,6.7,5.8,13,OP131,0,none
EQX1039,Bulldozer,S002,2024-10-11,2024-10-29,8.8,5.5,18,OP139,0,none
EQX1141,Crane,S011,2024-08-11,2024-08-17,5.5,3.4,6,OP117,0,none
EQX1033,Bulldozer,S009,2024-09-17,2024-10-07,5.9,0.0,20,OP116,0,none
EQX1058,Grader,S007,2024-11-29,2024-12-11,7.0,5.3,12,OP139,0,none
EQX1075,Excavator,S009,2024-09-14,2024-09-25,5.1,6.1,11,OP107,0,none
EQX1112,Excavator,S012,2024-05-27,2024-06-09,10.1,0.3,13,OP121,0,none
EQX1129,Excavator,S001,2025-11-16,2025-12-04,3.3,4.3,18,OP137,0,none
EQX1001,Compactor,S006,2025-01-15,2025-01-22,6.2,4.5,7,OP130,0,none
EQX1053,Compactor,S010,2025-03-18,2025-03-26,5.8,0.0,8,OP102,0,none
EQX1050,Excavator,S005,2025-09-19,2025-10-03,7.6,4.5,14,OP132,0,none
EQX1082,Crane,S001,2025-10-07,2025-10-13,5.7,2.7,6,OP110,0,none
EQX1121,Grader,S006,2025-09-20,2025-09-30,7.2,6.4,10,OP122,0,none
EQX1207,Excavator,S009,2025-04-09,2025-04-24,6.7,4.8,15,OP112,0,none
EQX1165,Grader,S006,2024-01-30,2024-02-08,6.8,0.0,9,OP130,0,none
EQX1193,Excavator,S010,2024-02-27,2024-03-05,5.7,1.3,7,OP124,0,none
EQX1010,Crane,S009,2024-11-28,2024-12-11,9.6,1.4,13,OP114,0,none
EQX1144,Grader,S007,2024-02-06,2024-02-19,4.6,3.6,13,OP111,0,none
EQX1121,Grader,S006,2025-12-17,2025-12-21,7.6,6.0,4,OP139,0,none
EQX1100,Loader,S005,2025-05-12,2025-05-17,7.1,3.3,5,OP105,0,none
EQX1180,Compactor,S002,2025-03-29,2025-04-05,6.1,3.5,7,OP120,0,none
EQX1134,Bulldozer,S008,2024-06-04,2024-06-21,7.8,2.7,17,OP105,0,none
EQX1109,Excavator,S006,2025-04-17,2025-04-29,12.2,4.1,12,OP131,0,none
EQX1173,Bulldozer,S011,2025-04-13,2025-05-05,2.2,2.5,22,OP109,0,none
EQX1134,Bulldozer,S011,2024-01-25,2024-02-07,6.9,3.0,13,OP103,0,none
EQX1126,Crane,S009,2024-04-01,2024-04-04,3.9,6.2,3,OP120,0,none
EQX1018,Excavator,S011,2025-04-25,2025-05-06,5.0,7.2,11,OP137,0,none
EQX1021,Compactor,S007,2025-01-16,2025-01-18,8.0,7.9,2,OP134,0,none
EQX1088,Crane,S004,2025-11-14,2025-11-20,9.4,3.2,6,OP106,0,none
EQX1209,Excavator,S001,2025-07-18,2025-07-27,2.8,2.1,9,OP136,0,none
EQX1190,Bulldozer,S006,2024-09-16,2024-10-03,3.8,6.0,17,OP135,0,none
EQX1028,Excavator,S002,2024-02-10,2024-02-29,4.4,4.6,19,OP128,0,none
EQX1106,Compactor,S009,2024-05-22,2024-05-31,4.5,4.1,9,OP117,0,none
EQX1117,Compactor,S009,2024-05-26,2024-06-05,5.3,0.0,10,OP126,0,none
EQX1197,Grader,S002,2025-10-18,2025-10-26,6.9,2.9,8,OP101,0,none
EQX1170,Loader,S011,2025-01-30,2025-02-13,5.9,5.9,14,OP104,0,none
EQX1183,Crane,S009,2024-10-20,2024-10-27,7.3,3.0,7,OP116,0,none
EQX1030,Grader,S010,2024-11-05,2024-11-14,7.7,4.1,9,OP138,0,none
EQX1178,Loader,S001,2025-08-23,2025-08-27,6.0,5.0,4,OP113,0,none
EQX1018,Excavator,S008,2025-05-11,2025-05-22,6.0,6.7,11,OP123,0,none
EQX1162,Loader,S001,2024-03-03,2024-03-17,10.8,5.5,14,OP118,0,none
EQX1070,Crane,S009,2024-06-16,2024-06-23,5.0,4.9,7,OP118,0,none
EQX1184,Bulldozer,S005,2024-08-22,2024-09-06,5.6,2.3,15,OP127,0,none
EQX1126,Crane,S011,2024-04-23,2024-04-25,9.1,7.1,2,OP130,0,none
EQX1122,Grader,S007,2024-10-24,2024-10-29,4.1,4.3,5,OP139,0,none
EQX1114,Grader,S001,2024-08-08,2024-08-15,6.2,3.9,7,OP126,0,none
EQX1088,Crane,S001,2025-03-17,2025-03-25,5.9,0.0,8,OP136,0,none
EQX1148,Crane,S009,2024-12-19,2024-12-26,5.2,3.5,7,OP116,0,none
EQX1095,Bulldozer,S006,2024-02-26,2024-03-24,7.3,3.2,27,OP124,0,none
EQX1207,Excavator,S001,2025-02-08,2025-02-21,0.3,21.1,13,OP115,1,excessive_idle
EQX1062,Crane,S009,2025-04-15,2025-04-19,6.1,1.6,4,OP119,0,none
EQX1053,Compactor,S008,2024-06-30,2024-07-08,4.2,0.0,8,OP125,0,none
EQX1185,Compactor,S006,2025-01-26,2025-02-05,7.7,2.8,10,OP131,0,none
EQX1183,Crane,S004,2024-05-07,2024-05-08,5.4,1.5,1,OP132,0,none
EQX1173,Bulldozer,S008,2025-08-03,2025-08-19,6.9,6.5,16,OP105,0,none
EQX1101,Loader,S009,2025-03-12,2025-03-26,6.5,0.0,14,OP109,0,none
EQX1062,Crane,S004,2025-12-12,2025-12-15,2.8,7.9,3,OP112,0,none
EQX1162,Loader,S004,2024-05-12,2024-05-25,6.4,0.0,13,OP137,0,none
EQX1171,Bulldozer,S001,2024-02-29,2024-03-16,7.4,8.0,16,OP119,0,none
EQX1023,Loader,S003,2024-07-04,2024-07-17,2.9,5.3,13,OP129,0,none
EQX1090,Crane,S009,2025-11-23,2025-11-28,4.1,2.7,5,OP125,0,none
EQX1027,Crane,S004,2025-04-29,2025-05-05,5.6,2.6,6,OP131,0,none
EQX1141,Crane,S001,2025-02-25,2025-03-06,5.5,3.7,9,OP130,0,none
EQX1101,Loader,S005,2025-12-21,2025-12-29,4.6,3.9,8,OP111,0,none
EQX1051,Excavator,S004,2025-01-09,2025-01-25,8.2,3.8,16,OP107,0,none
EQX1192,Bulldozer,S008,2025-05-30,2025-06-22,7.3,5.7,23,OP137,0,none
EQX1144,Grader,S004,2025-03-01,2025-03-12,4.6,4.9,11,OP112,0,none
EQX1072,Crane,S001,2024-09-08,2024-09-16,8.4,4.7,8,OP133,0,none
EQX1058,Grader,S010,2025-06-13,2025-06-22,7.3,6.5,9,OP121,0,none
EQX1096,Grader,S010,2024-09-01,2024-09-13,8.0,6.2,12,OP118,0,none
EQX1036,Excavator,S011,2024-11-09,2024-11-17,7.1,1.1,8,OP110,0,none
EQX1019,Compactor,S001,2025-03-04,2025-03-11,8.9,9.3,7,OP118,0,none
EQX1188,Excavator,S009,2025-01-07,2025-01-20,6.5,5.9,13,OP130,0,none
EQX1128,Excavator,S009,2025-10-01,2025-10-23,7.1,7.2,22,OP121,0,none
EQX1136,Excavator,S002,2024-12-08,2024-12-20,4.6,4.0,12,OP135,0,none
EQX1009,Excavator,S003,2025-08-19,2025-09-05,9.7,4.0,17,OP114,0,none
EQX1143,Loader,S003,2024-04-27,2024-05-08,5.4,3.7,11,OP105,0,none
EQX1053,Compactor,S006,2024-12-09,2024-12-14,9.0,3.2,5,OP113,0,none
EQX1111,Crane,S009,2025-11-05,2025-11-09,10.6,5.0,4,OP113,0,none
EQX1215,Compactor,S002,2025-02-19,2025-02-23,4.4,4.8,4,OP102,0,none
EQX1052,Excavator,S001,2024-05-03,2024-05-20,6.7,6.2,17,OP111,0,none
EQX1058,Grader,S010,2025-10-15,2025-10-20,3.3,1.5,5,OP131,0,none
EQX1119,Crane,S001,2024-07-31,2024-08-04,9.2,3.9,4,OP129,0,none
EQX1036,Excavator,S008,2024-04-04,2024-04-20,5.6,1.1,16,OP102,0,none
EQX1070,Crane,S007,2025-11-06,2025-11-12,7.2,3.2,6,OP112,0,none
EQX1022,Bulldozer,S008,2024-10-17,2024-11-15,9.1,6.5,29,OP120,0,none
EQX1154,Grader,S006,2024-06-27,2024-07-07,8.0,3.0,10,OP128,0,none
EQX1025,Compactor,S002,2024-10-16,2024-10-22,7.4,1.9,6,OP117,0,none
EQX1147,Bulldozer,S008,2025-06-14,2025-07-06,7.9,4.7,22,OP135,0,none
EQX1049,Grader,S007,2025-11-11,2025-11-23,6.0,1.9,12,OP127,0,none
EQX1058,Grader,S006,2024-12-16,2024-12-29,7.2,3.1,13,OP117,0,none
EQX1028,Excavator,,2024-07-26,2024-08-15,6.6,0.0,20,OP123,1,unassigned_site
EQX1191,Loader,S012,2024-02-07,2024-02-15,6.6,2.2,8,OP112,0,none
EQX1042,Compactor,S002,2024-08-31,2024-09-07,4.0,0.7,7,OP114,0,none
EQX1061,Grader,S006,2025-09-09,2025-09-18,1.2,22.4,9,OP133,1,excessive_idle
EQX1027,Crane,S002,2025-06-21,2025-06-29,9.2,3.8,8,OP117,0,none
EQX1017,Grader,S002,2024-12-13,2024-12-24,4.1,5.2,11,OP101,0,none
EQX1180,Compactor,S001,2024-03-03,2024-03-11,10.1,2.0,8,OP129,0,none
EQX1206,Bulldozer,S008,2024-05-19,2024-06-12,6.4,2.6,24,OP130,0,none
EQX1183,Crane,S009,2025-11-05,2025-11-14,7.1,4.6,9,OP133,0,none
EQX1186,Grader,S010,2025-06-21,2025-06-30,5.4,6.5,9,OP131,0,none
EQX1037,Excavator,S005,2024-04-12,2024-04-27,8.4,4.8,15,OP122,0,none
EQX1078,Grader,S006,2025-10-21,2025-11-03,5.1,6.6,13,OP126,0,none
EQX1074,Bulldozer,S005,2024-04-28,2024-05-07,6.3,2.7,9,OP119,0,none
EQX1152,Loader,S003,2024-03-19,2024-04-01,5.7,0.0,13,OP136,0,none
EQX1047,Bulldozer,S008,2025-05-31,2025-06-23,5.5,3.7,23,OP132,0,none
EQX1166,Bulldozer,S005,2024-06-21,2024-07-03,7.3,7.4,12,OP104,0,none
EQX1191,Loader,S005,2024-03-06,2024-03-14,5.9,6.5,8,OP102,0,none
EQX1076,Bulldozer,S005,2024-01-26,2024-02-14,1.7,6.8,19,OP113,0,none
EQX1168,Compactor,S002,2025-12-18,2025-12-25,9.1,2.2,7,OP129,0,none
EQX1074,Bulldozer,S005,2024-12-08,2024-12-28,1.8,5.4,20,OP127,0,none
EQX1203,Crane,S002,2025-01-19,2025-01-27,6.2,5.2,8,OP128,0,none
EQX1217,Excavator,S011,2025-02-08,2025-02-11,6.6,2.3,3,OP106,0,none
EQX1216,Compactor,S009,2024-09-28,2024-10-11,4.8,6.7,13,OP101,0,none
EQX1003,Loader,S007,2025-09-01,2025-09-15,6.7,1.6,14,OP134,0,none
EQX1152,Loader,S009,2024-09-23,2024-09-28,7.1,3.3,5,OP137,0,none
EQX1126,Crane,S003,2025-03-23,2025-03-28,4.1,0.0,5,OP118,0,none
EQX1085,Excavator,S012,2024-03-31,2024-04-07,5.2,7.1,7,OP110,0,none
EQX1078,Grader,S010,2024-12-24,2025-01-03,6.1,5.2,10,OP132,0,none
EQX1095,Bulldozer,S011,2024-08-06,2024-08-29,4.1,4.6,23,OP118,0,none
EQX1111,Crane,S006,2025-01-31,2025-02-05,5.2,1.4,5,OP106,0,none
EQX1189,Compactor,S002,2025-04-15,2025-04-25,1.6,5.2,10,OP135,0,none
EQX1062,Crane,S002,2024-05-15,2024-05-23,5.4,5.6,8,OP134,0,none
EQX1184,Bulldozer,S005,2025-03-03,2025-03-29,4.5,5.8,26,OP108,0,none
EQX1154,Grader,S011,2025-05-11,2025-05-18,5.4,2.5,7,OP124,0,none
EQX1043,Compactor,S001,2025-10-11,2025-10-21,8.6,4.2,10,OP116,0,none
EQX1133,Grader,S010,2025-06-25,2025-07-05,9.1,6.5,10,OP117,0,none
EQX1077,Bulldozer,S003,2025-08-16,2025-08-27,7.6,6.5,11,OP101,0,none
EQX1111,Crane,S012,2024-03-18,2024-03-23,7.4,1.1,5,OP138,0,none
EQX1141,Crane,,2024-09-05,2024-09-11,5.4,6.3,6,OP132,1,unassigned_site
EQX1023,Loader,S003,2025-02-20,2025-02-27,3.5,5.4,7,OP120,0,none
EQX1024,Loader,S008,2025-04-10,2025-04-23,3.5,6.6,13,OP119,0,none
EQX1032,Loader,S005,2024-05-20,2024-06-01,6.6,4.1,12,OP133,0,none
EQX1189,Compactor,S006,2025-11-27,2025-12-03,8.1,4.6,6,OP106,0,none
EQX1189,Compactor,S002,2025-02-19,2025-02-26,5.6,0.0,7,OP107,0,none
EQX1078,Grader,S006,2025-09-01,2025-09-08,4.9,1.0,7,OP105,0,none
EQX1123,Excavator,S011,2024-03-04,2024-03-25,8.8,3.5,21,OP111,0,none
EQX1105,Compactor,S006,2024-09-05,2024-09-15,7.3,2.3,10,OP125,0,none
EQX1193,Excavator,S009,2025-12-19,2025-12-30,7.8,2.3,11,OP138,0,none
EQX1004,Grader,S011,2025-02-10,2025-02-21,7.7,2.1,11,OP132,0,none
EQX1196,Excavator,S004,2025-12-16,2025-12-25,10.7,3.4,9,OP101,0,none
EQX1008,Compactor,S006,2024-03-23,2024-03-31,4.7,3.7,8,OP115,0,none
EQX1161,Excavator,S009,2025-11-13,2025-11-24,8.4,4.2,11,OP103,0,none
EQX1030,Grader,S007,2025-12-05,2025-12-17,7.8,0.0,12,OP104,0,none
EQX1025,Compactor,S010,2024-09-26,2024-10-11,8.2,3.9,15,OP119,0,none
EQX1165,Grader,S006,2025-06-24,2025-06-27,8.0,4.8,3,OP119,0,none
EQX1030,Grader,S006,2024-01-23,2024-01-30,8.5,1.9,7,OP111,0,none
EQX1113,Bulldozer,S003,2025-02-07,2025-03-05,6.9,1.2,26,OP136,0,none
EQX1214,Compactor,S001,2024-04-24,2024-05-01,6.7,1.2,7,OP118,0,none
EQX1140,Excavator,S003,2024-03-21,2024-03-29,6.1,6.4,8,OP115,0,none
EQX1126,Crane,S004,2024-08-16,2024-08-17,5.2,0.6,1,OP115,0,none
EQX1088,Crane,S001,2025-09-04,2025-09-13,6.7,7.2,9,OP117,0,none
EQX1045,Compactor,S006,2024-12-26,2025-01-04,2.9,7.9,9,OP105,0,none
EQX1042,Compactor,S002,2025-10-04,2025-10-18,6.5,6.2,14,OP127,0,none
EQX1172,Crane,S001,2024-09-14,2024-09-23,7.0,6.3,9,OP109,0,none
EQX1030,Grader,S010,2025-01-13,2025-01-30,6.0,5.0,17,OP127,0,none
EQX1215,Compactor,S007,2024-12-02,2024-12-12,7.2,8.3,10,OP110,0,none
EQX1152,Loader,S004,2025-12-08,2025-12-19,6.5,1.2,11,OP134,0,none
EQX1053,Compactor,S007,2024-03-15,2024-03-18,4.4,2.9,3,OP122,0,none
EQX1139,Compactor,S001,2025-06-16,2025-06-23,7.1,2.0,7,OP103,0,none
EQX1191,Loader,S005,2025-10-15,2025-10-22,6.8,4.1,7,OP139,0,none
EQX1112,Excavator,S001,2024-06-14,2024-06-24,6.6,0.2,10,OP115,0,none
EQX1051,Excavator,S011,2024-12-04,2024-12-25,6.8,6.4,21,OP126,0,none
EQX1167,Compactor,S006,2024-12-21,2024-12-27,3.9,1.9,6,OP135,0,none
EQX1154,Grader,S012,2024-03-15,2024-03-31,4.5,8.8,16,OP132,0,none
EQX1073,Loader,S008,2025-07-09,2025-07-22,8.6,3.6,13,OP117,0,none
EQX1034,Bulldozer,S003,2024-10-08,2024-10-25,3.5,4.1,17,OP101,0,none
EQX1070,Crane,S011,2024-10-28,2024-11-03,2.3,2.9,6,OP135,0,none
EQX1047,Bulldozer,S008,2025-11-17,2025-12-03,8.3,3.9,16,OP137,0,none
EQX1146,Bulldozer,S008,2025-05-28,2025-05-30,6.0,0.0,2,OP124,0,none
EQX1019,Compactor,S004,2025-06-08,2025-06-17,5.2,4.7,9,OP117,0,none
EQX1040,Grader,S001,2024-12-30,2025-01-07,7.4,0.0,8,OP119,0,none
EQX1020,Grader,S010,2025-01-31,2025-02-10,6.9,3.8,10,OP127,0,none
EQX1117,Compactor,S010,2024-01-25,2024-01-28,3.5,2.5,3,OP123,0,none
EQX1066,Grader,S010,2024-11-24,2024-12-07,4.9,7.0,13,OP121,0,none
EQX1097,Bulldozer,S005,2025-04-09,2025-05-11,11.4,2.7,32,OP115,0,none
EQX1071,Excavator,S001,2024-11-19,2024-11-26,6.0,7.2,7,OP119,0,none
EQX1035,Crane,S004,2024-03-01,2024-03-08,7.6,2.2,7,OP133,0,none
EQX1166,Bulldozer,S009,2025-03-18,2025-04-01,4.3,0.0,14,OP110,0,none
EQX1081,Grader,S007,2024-08-14,2024-08-19,10.5,6.3,5,OP103,0,none
EQX1024,Loader,S003,2024-11-23,2024-12-06,3.7,6.6,13,OP133,0,none
EQX1152,Loader,S008,2025-11-01,2025-11-09,8.2,1.4,8,OP126,0,none
EQX1183,Crane,S001,2024-12-26,2025-01-03,5.1,3.9,8,OP122,0,none
EQX1210,Crane,S002,2024-09-07,2024-09-17,5.6,0.9,10,OP104,0,none
EQX1219,Loader,S003,2024-11-05,2024-11-18,5.3,4.8,13,OP101,0,none
EQX1215,Compactor,S009,2024-05-09,2024-05-12,7.5,2.3,3,OP128,0,none
EQX1065,Grader,S006,2025-05-25,2025-06-12,6.6,6.6,18,OP101,0,none
EQX1045,Compactor,S009,2025-04-10,2025-04-12,5.0,2.6,2,OP111,0,none
EQX1165,Grader,S007,2024-07-04,2024-07-16,4.5,8.6,12,OP103,0,none
EQX1042,Compactor,S011,2024-09-14,2024-09-28,10.5,1.1,14,OP121,0,none
EQX1106,Compactor,S009,2025-02-18,2025-02-23,8.5,0.0,5,OP108,0,none
EQX1165,Grader,S007,2024-09-23,2024-10-03,7.5,3.8,10,OP117,0,none
EQX1195,Excavator,S007,2025-03-03,2025-03-11,8.4,4.0,8,OP137,0,none
EQX1090,Crane,S005,2025-01-07,2025-01-15,6.4,1.4,8,OP129,0,none
EQX1107,Crane,S004,2024-08-21,2024-08-30,6.3,5.4,9,OP105,0,none
EQX1094,Bulldozer,S005,2025-01-04,2025-01-18,5.3,3.1,14,OP123,0,none
EQX1128,Excavator,S011,2025-01-10,2025-01-25,4.9,4.1,15,OP130,0,none
EQX1009,Excavator,S009,2025-01-19,2025-02-03,8.5,2.7,15,OP125,0,none
EQX1035,Crane,S004,2024-10-29,2024-11-07,7.2,0.6,9,OP105,0,none
EQX1091,Excavator,S001,2025-03-24,2025-04-11,3.0,4.5,18,OP117,0,none
EQX1061,Grader,S006,2025-04-15,2025-04-23,8.2,2.1,8,OP137,0,none
EQX1214,Compactor,S010,2024-02-20,2024-02-27,5.6,3.8,7,OP101,0,none
EQX1084,Excavator,S002,2025-09-12,2025-09-24,6.3,3.0,12,OP104,0,none
EQX1017,Grader,S010,2025-07-13,2025-07-28,0.3,1.0,15,OP116,0,none
EQX1175,Excavator,S003,2025-03-24,2025-04-01,5.9,1.0,8,OP118,0,none
EQX1203,Crane,S004,2024-01-22,2024-01-25,5.7,4.0,3,OP129,0,none
EQX1122,Grader,S006,2024-02-26,2024-03-01,8.2,4.9,4,OP125,0,none
EQX1154,Grader,S004,2024-03-03,2024-03-07,3.9,3.0,4,OP136,0,none
EQX1147,Bulldozer,S011,2024-02-15,2024-03-16,5.5,0.4,30,OP106,0,none
EQX1178,Loader,S003,2024-10-30,2025-01-06,7.6,2.3,68,OP107,1,extended_rental
EQX1143,Loader,S012,2024-03-22,2024-04-01,7.3,3.0,10,OP103,0,none
EQX1218,Excavator,S001,2025-08-05,2025-08-18,4.2,3.9,13,OP132,0,none
EQX1127,Bulldozer,S006,2024-04-27,2024-05-16,2.1,2.2,19,OP139,0,none
EQX1216,Compactor,S006,2024-08-06,2024-08-09,6.1,0.4,3,OP118,0,none
EQX1018,Excavator,S011,2025-01-21,2025-01-27,3.6,3.5,6,OP120,0,none
EQX1073,Loader,S001,2025-04-27,2025-04-30,4.1,2.0,3,OP139,0,none
EQX1048,Bulldozer,S007,2025-05-15,2025-05-26,7.2,2.3,11,OP128,0,none
EQX1073,Loader,S003,2025-04-10,2025-04-24,9.1,0.4,14,OP111,0,none
EQX1215,Compactor,S006,2024-10-17,2024-10-24,2.3,9.3,7,OP129,0,none
EQX1163,Bulldozer,S010,2024-08-11,2024-08-30,5.5,0.0,19,OP136,0,none
EQX1005,Excavator,S004,2024-08-22,2024-09-05,9.2,0.8,14,OP123,0,none
EQX1085,Excavator,S001,2024-03-20,2024-03-25,7.8,6.1,5,OP113,0,none
EQX1196,Excavator,S005,2025-06-08,2025-06-15,5.9,1.9,7,OP103,0,none
EQX1135,Grader,S006,2025-08-29,2025-09-07,5.4,3.6,9,OP104,0,none
EQX1143,Loader,S012,2025-11-17,2025-11-25,6.8,3.1,8,OP123,0,none
EQX1174,Loader,S002,2024-10-06,2024-10-16,4.4,0.3,10,OP112,0,none
EQX1011,Bulldozer,S005,2025-05-15,2025-06-13,8.7,1.2,29,OP111,0,none
EQX1041,Crane,S004,2025-02-21,2025-02-25,6.1,5.0,4,OP116,0,none
EQX1023,Loader,,2024-10-12,2024-10-18,3.5,5.4,6,OP109,1,unassigned_site
EQX1125,Excavator,S010,2025-05-23,2025-06-04,7.0,4.9,12,OP105,0,none
EQX1024,Loader,S012,2024-01-18,2024-01-30,10.3,2.9,12,OP128,0,none
EQX1056,Compactor,S003,2025-05-20,2025-06-03,9.0,1.7,14,,1,no_operator
EQX1174,Loader,S012,2025-09-04,2025-09-21,4.2,2.3,17,OP105,0,none
EQX1101,Loader,S010,2024-09-24,2024-10-08,5.4,0.0,14,OP120,0,none
EQX1027,Crane,S004,2025-10-26,2025-11-03,7.7,3.7,8,OP104,0,none
EQX1089,Excavator,S011,2025-11-11,2025-11-25,0.8,22.5,14,OP105,1,excessive_idle
EQX1181,Loader,S008,2024-07-03,2024-07-18,6.7,2.6,15,OP139,0,none
EQX1133,Grader,S007,2024-10-28,2024-11-06,5.0,0.7,9,OP103,0,none
EQX1128,Excavator,S012,2024-03-21,2024-04-06,7.6,0.0,16,OP102,0,none
EQX1037,Excavator,S011,2025-06-08,2025-06-20,10.6,6.2,12,OP111,0,none
EQX1130,Grader,S009,2025-12-16,2025-12-27,2.9,3.3,11,OP133,0,none
EQX1032,Loader,S005,2025-03-11,2025-03-19,5.8,5.7,8,OP133,0,none
EQX1021,Compactor,S010,2025-03-18,2025-03-27,6.6,2.7,9,OP131,0,none
EQX1139,Compactor,S010,2024-02-17,2024-02-25,6.2,0.0,8,OP137,0,none
EQX1061,Grader,S010,2025-07-06,2025-07-22,5.7,0.0,16,OP139,0,none
EQX1065,Grader,S010,2025-02-14,2025-02-20,5.9,2.8,6,OP121,0,none
EQX1152,Loader,S001,2024-02-09,2024-05-02,0.9,0.0,83,OP113,1,extended_rental
EQX1008,Compactor,S004,2024-12-19,2024-12-26,9.2,1.5,7,OP123,0,none
EQX1172,Crane,S006,2025-03-18,2025-03-27,5.8,7.6,9,OP101,0,none
EQX1070,Crane,S003,2025-11-13,2025-11-21,10.1,3.0,8,OP123,0,none
EQX1010,Crane,S009,2025-11-27,2025-12-03,1.6,4.4,6,OP130,0,none
EQX1122,Grader,S006,2025-02-17,2025-02-27,5.1,1.9,10,OP107,0,none
EQX1177,Crane,S001,2025-04-18,2025-04-23,7.2,5.3,5,OP139,0,none
EQX1197,Grader,S006,2025-03-25,2025-03-29,7.0,4.5,4,OP112,0,none
EQX1059,Excavator,S002,2024-04-21,2024-04-25,5.1,6.5,4,OP135,0,none
EQX1144,Grader,S010,2024-07-12,2024-07-24,7.4,5.7,12,OP118,0,none
EQX1210,Crane,S008,2025-01-09,2025-01-17,8.3,2.8,8,OP101,0,none
EQX1027,Crane,S001,2025-11-09,2025-11-17,5.0,3.6,8,OP137,0,none
EQX1161,Excavator,S002,2025-06-11,2025-06-21,7.2,0.0,10,OP128,0,none
EQX1219,Loader,S011,2025-09-27,2025-10-08,3.9,1.8,11,OP137,0,none
EQX1068,Bulldozer,S005,2024-04-17,2024-04-27,5.4,4.3,10,OP118,0,none
EQX1196,Excavator,S012,2025-05-17,2025-05-24,8.1,0.5,7,OP120,0,none
EQX1080,Compactor,S010,2025-04-12,2025-04-17,6.6,5.9,5,OP105,0,none
EQX1116,Loader,S004,2025-07-02,2025-07-17,6.9,4.7,15,OP127,0,none
EQX1091,Excavator,S008,2025-05-05,2025-05-15,7.3,5.9,10,OP135,0,none
EQX1174,Loader,S001,2025-04-14,2025-04-19,7.9,6.3,5,OP121,0,none
EQX1161,Excavator,S004,2025-01-22,2025-02-01,2.1,6.0,10,OP103,0,none
EQX1107,Crane,S012,2025-06-17,2025-06-24,7.5,2.1,7,OP110,0,none
EQX1058,Grader,S010,2024-11-03,2024-11-09,6.5,3.6,6,OP110,0,none
EQX1167,Compactor,S007,2024-11-08,2024-11-14,6.1,1.1,6,OP125,0,none
EQX1177,Crane,S004,2024-12-05,2024-12-14,8.6,8.3,9,OP113,0,none
EQX1043,Compactor,S006,2024-06-16,2024-06-26,4.6,2.1,10,OP108,0,none
EQX1075,Excavator,S004,2025-08-19,2025-08-28,7.8,3.7,9,OP137,0,none
EQX1151,Compactor,S001,2024-12-03,2024-12-12,8.3,5.4,9,OP116,0,none
EQX1105,Compactor,S010,2024-11-05,2024-11-16,6.0,3.6,11,OP137,0,none
EQX1113,Bulldozer,S012,2024-12-01,2024-12-28,11.0,4.2,27,OP101,0,none
EQX1215,Compactor,S012,2024-07-30,2024-08-07,4.8,7.2,8,OP124,0,none
EQX1175,Excavator,S007,2024-11-17,2024-11-30,6.0,3.5,13,OP109,0,none
EQX1056,Compactor,S001,2025-10-26,2025-11-04,4.3,6.3,9,OP128,0,none
EQX1031,Compactor,S006,2024-12-07,2024-12-13,7.3,0.0,6,OP121,0,none
EQX1035,Crane,S012,2025-10-31,2025-11-07,5.2,2.0,7,OP116,0,none
EQX1043,Compactor,S004,2024-10-20,2024-10-29,4.1,3.3,9,OP101,0,none
EQX1177,Crane,S009,2025-05-26,2025-06-02,11.9,3.5,7,OP103,0,none
EQX1102,Grader,S010,2024-11-06,2024-11-09,9.4,1.9,3,OP136,0,none
EQX1164,Excavator,S002,2025-10-12,2025-10-18,9.2,0.4,6,OP103,0,none
EQX1150,Excavator,S007,2024-03-14,2024-03-28,5.5,0.0,14,OP135,0,none
EQX1034,Bulldozer,S010,2025-03-07,2025-03-27,4.9,6.6,20,OP130,0,none
EQX1051,Excavator,S012,2024-06-20,2024-07-08,3.1,3.6,18,OP107,0,none
EQX1023,Loader,S009,2025-05-16,2025-05-29,9.7,0.2,13,OP106,0,none
EQX1088,Crane,S001,2025-05-06,2025-05-10,3.0,4.8,4,OP136,0,none
EQX1165,Grader,S006,2024-11-28,2024-12-11,8.6,4.5,13,OP111,0,none
EQX1009,Excavator,S008,2025-06-09,2025-06-14,6.3,2.4,5,OP124,0,none
EQX1167,Compactor,S002,2024-06-12,2024-06-22,6.2,4.3,10,OP121,0,none
EQX1053,Compactor,S010,2024-10-02,2024-10-06,9.2,5.7,4,OP128,0,none
EQX1005,Excavator,S008,2025-10-18,2025-10-22,3.7,0.0,4,OP137,0,none
EQX1031,Compactor,S012,2024-08-26,2024-09-03,7.2,6.6,8,OP134,0,none
EQX1098,Excavator,S004,2025-03-20,2025-03-31,4.5,4.5,11,OP112,0,none
EQX1073,Loader,S009,2024-01-28,2024-02-14,9.9,4.7,17,OP115,0,none
EQX1023,Loader,S001,2025-03-21,2025-04-06,4.6,6.0,16,OP131,0,none
EQX1033,Bulldozer,S008,2025-02-11,2025-02-24,5.9,5.9,13,OP121,0,none
EQX1067,Grader,S006,2024-12-24,2025-01-06,10.1,6.0,13,OP124,0,none
EQX1052,Excavator,S005,2025-10-05,2025-10-08,3.8,2.6,3,OP132,0,none
EQX1016,Bulldozer,S003,2025-01-21,2025-02-10,4.4,2.4,20,OP138,0,none
EQX1132,Loader,S009,2024-04-05,2024-04-19,4.3,4.2,14,OP115,0,none
EQX1112,Excavator,S012,2024-02-12,2024-02-21,8.3,5.9,9,OP124,0,none
EQX1069,Excavator,S005,2024-12-25,2025-01-11,5.0,0.4,17,OP115,0,none
EQX1053,Compactor,S007,2025-08-25,2025-09-04,2.2,2.9,10,OP114,0,none
EQX1058,Grader,S009,2024-11-12,2024-11-22,5.1,2.8,10,OP112,0,none
EQX1197,Grader,S007,2024-07-25,2024-07-28,3.6,0.2,3,OP110,0,none
EQX1102,Grader,S010,2025-10-02,2025-10-14,8.5,4.5,12,OP136,0,none
EQX1190,Bulldozer,S007,2025-01-01,2025-01-18,9.3,2.4,17,OP109,0,none
EQX1007,Compactor,S001,2024-01-11,2024-01-18,6.2,2.1,7,OP131,0,none
EQX1045,Compactor,S009,2024-03-12,2024-03-17,3.8,6.4,5,OP132,0,none
EQX1177,Crane,S002,2024-02-14,2024-02-20,7.4,4.4,6,OP119,0,none
EQX1035,Crane,S002,2024-10-20,2024-10-28,7.7,3.0,8,OP102,0,none
EQX1065,Grader,S010,2025-12-10,2025-12-14,9.2,3.0,4,OP131,0,none
EQX1027,Crane,S009,2024-05-10,2024-05-14,5.9,7.1,4,OP102,0,none
EQX1191,Loader,S005,2024-08-28,2024-09-16,5.8,2.4,19,OP137,0,none
EQX1046,Compactor,S006,2024-04-16,2024-04-23,0.6,23.0,7,OP128,1,excessive_idle
EQX1193,Excavator,S001,2025-11-08,2025-11-21,8.6,5.7,13,OP116,0,none
EQX1206,Bulldozer,S009,2024-10-17,2024-11-30,6.8,0.0,44,OP111,0,none
EQX1019,Compactor,S002,2025-03-15,2025-03-27,8.8,3.2,12,OP122,0,none
EQX1038,Crane,S001,2024-02-15,2024-02-21,8.5,0.0,6,OP110,0,none
EQX1185,Compactor,S001,2024-12-17,2024-12-21,5.6,4.9,4,OP132,0,none
EQX1051,Excavator,S010,2025-05-13,2025-06-07,2.7,1.5,25,OP134,0,none
EQX1045,Compactor,S010,2025-11-26,2025-11-30,9.8,2.0,4,OP130,0,none
EQX1185,Compactor,S006,2024-08-19,2024-08-25,3.0,4.4,6,OP128,0,none
EQX1159,Compactor,S009,2024-08-26,2024-09-03,7.1,4.4,8,OP128,0,none
EQX1213,Excavator,S001,2024-11-23,2024-11-28,5.9,6.7,5,OP108,0,none
EQX1023,Loader,S002,2025-11-29,2025-12-05,10.3,4.1,6,OP103,0,none
EQX1121,Grader,S007,2025-04-24,2025-05-04,7.8,5.8,10,OP132,0,none
EQX1198,Loader,S011,2025-07-29,2025-08-10,5.0,3.4,12,OP134,0,none
EQX1120,Grader,S007,2024-06-23,2024-06-30,3.6,2.8,7,OP113,0,none
EQX1211,Grader,S004,2024-08-24,2024-09-05,6.5,1.9,12,OP135,0,none
EQX1087,Compactor,S009,2024-04-16,2024-04-21,9.2,6.1,5,OP116,0,none
EQX1208,Grader,S010,2025-03-25,2025-03-26,6.7,1.7,1,OP131,0,none
EQX1029,Excavator,S006,2024-05-19,2024-06-01,3.6,3.0,13,OP121,0,none
EQX1094,Bulldozer,S002,2024-11-15,2025-01-28,5.5,4.4,74,OP115,1,extended_rental
EQX1014,Compactor,S010,2025-02-01,2025-02-11,8.2,2.4,10,OP101,0,none
EQX1211,Grader,S001,2025-11-01,2025-11-07,9.7,0.0,6,OP132,0,none
EQX1093,Crane,S002,2024-03-27,2024-03-31,6.5,2.6,4,OP131,0,none
EQX1139,Compactor,S012,2025-03-19,2025-03-20,5.9,6.0,1,OP127,0,none
EQX1139,Compactor,S004,2024-03-27,2024-04-05,8.3,0.0,9,OP112,0,none
EQX1219,Loader,S005,2025-04-25,2025-05-10,17.8,11.7,15,OP105,1,impossible_hours
EQX1208,Grader,S007,2024-12-13,2024-12-27,6.2,4.9,14,OP126,0,none
EQX1168,Compactor,S004,2025-03-28,2025-04-02,6.7,0.0,5,OP126,0,none
EQX1103,Bulldozer,,2024-12-09,2025-01-01,6.6,7.8,23,OP128,1,unassigned_site
EQX1037,Excavator,S011,2025-03-09,2025-03-15,10.5,3.0,6,OP103,0,none
EQX1161,Excavator,S002,2024-03-21,2024-04-09,9.2,3.9,19,OP113,0,none
EQX1045,Compactor,S009,2024-06-09,2024-06-14,7.3,3.4,5,OP120,0,none
EQX1090,Crane,S009,2025-11-30,2025-12-08,5.6,4.7,8,OP125,0,none
EQX1083,Compactor,S006,2025-11-01,2025-11-09,7.6,3.1,8,OP129,0,none
EQX1126,Crane,S005,2025-02-15,2025-02-22,6.0,6.0,7,OP114,0,none
EQX1067,Grader,S006,2025-10-26,2025-10-28,5.2,5.4,2,OP112,0,none
EQX1052,Excavator,S009,2024-11-12,2024-11-25,5.0,0.4,13,OP112,0,none
EQX1051,Excavator,S012,2025-10-20,2025-11-01,9.6,3.9,12,OP134,0,none
EQX1119,Crane,S007,2024-06-11,2024-06-13,8.7,1.7,2,OP132,0,none
EQX1079,Grader,S010,2025-04-25,2025-05-07,6.2,0.7,12,OP103,0,none
EQX1164,Excavator,S011,2025-01-26,2025-02-08,6.2,3.5,13,OP139,0,none
EQX1123,Excavator,S002,2024-11-29,2024-12-10,7.3,1.8,11,OP117,0,none
EQX1114,Grader,S006,2024-10-02,2024-10-08,3.4,0.0,6,OP130,0,none
EQX1056,Compactor,S007,2025-04-27,2025-05-05,8.1,2.7,8,OP108,0,none
EQX1070,Crane,S012,2025-02-04,2025-02-13,6.2,2.4,9,OP127,0,none
EQX1163,Bulldozer,S012,2025-05-13,2025-06-08,6.7,5.8,26,OP112,0,none
EQX1104,Loader,S001,2024-04-06,2024-04-16,9.5,5.0,10,OP107,0,none
EQX1010,Crane,S006,2024-03-14,2024-03-20,4.4,1.1,6,OP101,0,none
EQX1186,Grader,S007,2025-09-02,2025-09-09,3.2,5.4,7,OP112,0,none
EQX1060,Excavator,S009,2025-11-20,2025-11-29,4.9,4.5,9,OP117,0,none
EQX1044,Bulldozer,S005,2025-06-17,2025-07-10,8.8,4.6,23,OP123,0,none
EQX1219,Loader,S008,2024-04-01,2024-04-09,7.7,5.3,8,OP103,0,none
EQX1156,Grader,S007,2024-05-18,2024-05-27,8.2,3.8,9,OP128,0,none
EQX1083,Compactor,S010,2024-12-06,2024-12-17,2.5,1.1,11,OP104,0,none
EQX1178,Loader,S012,2025-02-24,2025-03-13,6.2,2.3,17,OP127,0,none
EQX1082,Crane,S004,2024-11-23,2024-11-25,6.2,1.9,2,OP137,0,none
EQX1040,Grader,S006,2025-11-10,2025-11-23,5.9,3.9,13,OP128,0,none
EQX1195,Excavator,S011,2025-04-30,2025-05-08,6.1,2.7,8,OP139,0,none
EQX1079,Grader,S007,2024-02-23,2024-03-01,6.3,1.2,7,,1,no_operator
EQX1134,Bulldozer,S012,2024-12-26,2025-01-16,5.7,2.2,21,OP104,0,none
EQX1203,Crane,S009,2024-02-14,2024-02-20,5.9,3.6,6,OP125,0,none
EQX1018,Excavator,S009,2025-11-08,2025-11-21,9.1,4.9,13,OP131,0,none
EQX1025,Compactor,S010,2025-01-01,2025-01-09,4.1,2.9,8,OP133,0,none
EQX1002,Crane,S001,2025-01-25,2025-04-13,5.6,4.3,78,OP108,1,extended_rental
EQX1207,Excavator,S008,2024-05-13,2024-05-31,6.8,3.8,18,OP107,0,none
EQX1026,Excavator,S002,2024-07-22,2024-08-04,7.6,2.4,13,OP102,0,none
EQX1112,Excavator,S012,2024-03-23,2024-04-08,4.2,7.4,16,OP110,0,none
EQX1032,Loader,S002,2025-08-09,2025-08-21,8.1,3.8,12,OP134,0,none
EQX1217,Excavator,S008,2025-08-28,2025-09-06,2.2,0.6,9,OP109,0,none
EQX1164,Excavator,S011,2024-03-01,2024-03-15,8.7,6.6,14,OP115,0,none
EQX1133,Grader,S007,2024-04-16,2024-04-23,11.0,4.1,7,OP104,0,none
EQX1083,Compactor,S010,2025-02-14,2025-02-24,0.5,7.5,10,OP113,0,none
EQX1087,Compactor,S012,2025-11-22,2025-12-03,4.6,5.2,11,OP126,0,none
EQX1045,Compactor,S009,2025-04-30,2025-05-13,4.7,0.0,13,OP132,0,none
EQX1187,Bulldozer,S004,2025-03-06,2025-03-19,7.3,3.9,13,OP104,0,none
EQX1194,Compactor,S009,2025-06-13,2025-06-21,7.4,4.3,8,OP122,0,none
EQX1045,Compactor,S010,2025-05-22,2025-05-26,3.4,2.6,4,,1,no_operator
EQX1114,Grader,S008,2025-03-22,2025-03-28,4.6,1.5,6,OP131,0,none
EQX1113,Bulldozer,S002,2024-04-16,2024-05-13,5.8,10.6,27,OP135,0,none
EQX1079,Grader,S010,2024-03-09,2024-03-20,9.9,1.4,11,OP135,0,none
EQX1197,Grader,S007,2024-09-23,2024-10-04,4.1,3.6,11,OP102,0,none
EQX1186,Grader,S002,2025-11-21,2025-11-30,5.3,0.0,9,OP122,0,none
EQX1210,Crane,S002,2025-11-24,2025-12-05,3.7,6.6,11,OP102,0,none
EQX1220,Bulldozer,S010,2024-11-18,2024-11-29,7.3,7.3,11,OP121,0,none
EQX1122,Grader,S003,2024-04-25,2024-05-07,9.2,6.6,12,OP121,0,none
EQX1135,Grader,,2024-02-20,2024-03-02,6.6,2.3,11,OP131,1,unassigned_site
EQX1178,Loader,S002,2025-07-22,2025-08-05,8.5,3.5,14,OP109,0,none
EQX1179,Loader,S008,2024-08-25,2024-09-08,7.2,6.6,14,OP131,0,none
EQX1046,Compactor,S009,2024-01-19,2024-01-21,7.1,0.0,2,OP113,0,none
EQX1165,Grader,S012,2025-11-06,2025-11-14,5.9,5.1,8,OP118,0,none
EQX1032,Loader,S002,2024-07-10,2024-07-23,7.4,3.0,13,OP128,0,none
EQX1126,Crane,S008,2025-09-12,2025-09-17,11.6,4.1,5,OP102,0,none
EQX1184,Bulldozer,S008,2024-02-13,2024-03-05,5.7,4.4,21,OP129,0,none
EQX1043,Compactor,S007,2024-05-03,2024-05-10,7.1,1.0,7,OP119,0,none
EQX1107,Crane,S004,2025-01-17,2025-01-22,5.6,5.2,5,OP103,0,none
EQX1124,Crane,S012,2024-12-03,2024-12-12,3.6,1.1,9,OP132,0,none
EQX1010,Crane,S003,2025-09-20,2025-09-24,2.3,3.8,4,OP107,0,none
EQX1107,Crane,S010,2024-01-21,2024-01-31,7.0,5.8,10,OP123,0,none
EQX1080,Compactor,S012,2024-11-16,2024-11-25,5.9,0.0,9,OP124,0,none
EQX1120,Grader,S005,2025-01-16,2025-02-03,3.7,4.7,18,OP122,0,none
EQX1061,Grader,S006,2024-10-27,2024-11-05,7.6,4.5,9,OP113,0,none
EQX1025,Compactor,S006,2025-02-12,2025-02-18,6.3,5.0,6,OP113,0,none
EQX1157,Bulldozer,S011,2025-07-31,2025-08-23,4.6,1.4,23,,1,no_operator
EQX1020,Grader,S003,2024-11-19,2025-02-03,4.2,4.7,76,OP130,1,extended_rental
EQX1018,Excavator,S003,2025-05-25,2025-06-02,4.7,0.0,8,OP117,0,none
EQX1025,Compactor,S006,2024-06-07,2024-06-14,1.9,2.1,7,OP112,0,none
EQX1134,Bulldozer,S005,2024-09-17,2024-10-06,7.1,0.0,19,OP111,0,none
EQX1027,Crane,S002,2025-05-12,2025-05-27,7.4,0.1,15,OP125,0,none
EQX1060,Excavator,S008,2025-12-03,2025-12-24,3.6,7.2,21,OP103,0,none
EQX1034,Bulldozer,S003,2024-04-22,2024-05-13,8.0,4.1,21,OP101,0,none
EQX1182,Loader,S009,2025-06-17,2025-06-26,8.5,2.4,9,OP101,0,none
EQX1024,Loader,S005,2025-02-14,2025-02-22,8.6,0.1,8,OP114,0,none
EQX1189,Compactor,S007,2025-01-03,2025-01-11,3.2,7.5,8,OP119,0,none
EQX1122,Grader,S007,2025-03-01,2025-03-12,3.1,1.6,11,OP124,0,none
EQX1042,Compactor,S010,2025-01-23,2025-02-02,2.7,3.7,10,OP127,0,none
EQX1033,Bulldozer,S003,2024-10-08,2024-10-25,5.8,2.0,17,OP118,0,none
EQX1210,Crane,S003,2025-08-10,2025-08-21,6.5,2.1,11,OP125,0,none
EQX1067,Grader,S006,2025-10-02,2025-10-10,5.1,2.8,8,OP128,0,none
EQX1069,Excavator,S007,2024-08-12,2024-08-26,1.8,3.0,14,OP117,0,none
EQX1202,Loader,S009,2024-01-13,2024-01-24,4.2,6.8,11,OP110,0,none
EQX1035,Crane,S004,2024-09-04,2024-09-14,6.3,1.3,10,OP129,0,none
EQX1081,Grader,S006,2025-01-09,2025-01-19,7.9,0.1,10,OP111,0,none
EQX1042,Compactor,S012,2025-01-07,2025-01-17,0.9,2.5,10,OP136,0,none
EQX1006,Loader,S003,2025-02-13,2025-02-24,2.9,6.0,11,OP139,0,none
EQX1194,Compactor,S009,2024-08-24,2024-09-01,7.1,0.0,8,OP126,0,none
EQX1035,Crane,S012,2025-09-29,2025-10-09,2.8,1.2,10,OP102,0,none
EQX1017,Grader,S007,2025-06-14,2025-06-28,4.0,2.4,14,OP110,0,none
EQX1104,Loader,S011,2024-08-28,2024-09-09,8.6,1.4,12,OP114,0,none
EQX1106,Compactor,S012,2025-09-02,2025-09-07,6.6,6.6,5,OP134,0,none
EQX1089,Excavator,S012,2024-12-11,2024-12-22,5.9,4.3,11,OP112,0,none
EQX1172,Crane,S004,2025-07-21,2025-07-28,7.9,5.8,7,OP113,0,none
EQX1108,Bulldozer,S008,2024-08-30,2024-09-22,4.3,5.0,23,OP122,0,none
EQX1220,Bulldozer,S007,2025-11-26,2025-12-10,6.3,0.1,14,OP108,0,none
EQX1043,Compactor,S006,2025-03-17,2025-03-20,5.6,0.2,3,OP112,0,none
EQX1216,Compactor,S010,2024-01-10,2024-01-16,6.4,2.6,6,OP127,0,none
EQX1180,Compactor,S009,2024-12-29,2025-01-03,5.5,0.0,5,OP118,0,none
EQX1124,Crane,S012,2025-11-01,2025-11-09,6.7,5.8,8,OP114,0,none
EQX1020,Grader,S006,2024-03-02,2024-03-15,2.1,6.9,13,OP105,0,none
EQX1139,Compactor,S010,2025-04-09,2025-04-12,1.5,6.7,3,OP121,0,none
EQX1058,Grader,S010,2025-04-06,2025-04-19,4.0,6.3,13,OP135,0,none
EQX1131,Excavator,S005,2025-02-18,2025-03-06,6.4,2.7,16,OP112,0,none
EQX1010,Crane,S011,2024-01-12,2024-01-23,5.0,1.8,11,OP123,0,none
EQX1189,Compactor,S009,2024-02-03,2024-02-10,8.3,3.4,7,OP106,0,none
EQX1054,Grader,S012,2024-05-24,2024-06-02,3.7,3.5,9,OP115,0,none
EQX1067,Grader,S010,2024-11-06,2024-11-17,6.4,3.2,11,OP138,0,none
EQX1097,Bulldozer,S011,2024-02-22,2024-03-17,9.0,3.1,24,OP101,0,none
EQX1059,Excavator,S007,2025-07-13,2025-07-22,2.7,5.2,9,OP138,0,none
EQX1212,Grader,S007,2024-10-30,2024-11-09,6.4,0.0,10,OP107,0,none
EQX1162,Loader,S011,2024-04-28,2024-05-11,6.5,6.7,13,OP127,0,none
EQX1049,Grader,S010,2024-11-14,2024-11-23,7.7,3.0,9,OP137,0,none
EQX1019,Compactor,S001,2025-01-30,2025-02-06,8.1,6.8,7,OP118,0,none
EQX1042,Compactor,S010,2025-02-04,2025-02-10,4.5,0.9,6,OP107,0,none
EQX1207,Excavator,S008,2024-10-23,2024-11-03,7.9,4.2,11,OP136,0,none
EQX1209,Excavator,S012,2025-02-18,2025-03-05,2.5,5.0,15,OP115,0,none
EQX1189,Compactor,S004,2025-09-01,2025-09-14,6.4,7.6,13,OP116,0,none
EQX1210,Crane,S008,2025-05-09,2025-05-21,9.0,0.4,12,OP137,0,none
EQX1025,Compactor,S010,2024-10-28,2024-11-07,8.2,6.2,10,OP114,0,none
EQX1029,Excavator,S008,2025-03-13,2025-03-24,7.5,3.5,11,OP127,0,none
EQX1169,Bulldozer,S008,2024-10-08,2024-11-04,7.6,6.0,27,OP123,0,none
EQX1197,Grader,S010,2025-11-04,2025-11-06,8.3,0.9,2,OP116,0,none
EQX1154,Grader,S007,2024-09-05,2024-09-18,9.5,4.4,13,OP104,0,none
EQX1126,Crane,S001,2024-06-19,2024-06-23,6.7,6.6,4,,1,no_operator
EQX1139,Compactor,S007,2025-02-23,2025-02-28,9.2,3.0,5,OP119,0,none
EQX1112,Excavator,S003,2025-05-04,2025-05-21,1.7,2.0,17,OP116,0,none
EQX1071,Excavator,S002,2024-11-30,2024-12-06,3.6,5.2,6,OP102,0,none
EQX1073,Loader,S008,2024-03-27,2024-04-09,3.7,4.7,13,OP119,0,none
EQX1013,Grader,S010,2024-04-16,2024-04-25,7.4,3.4,9,OP104,0,none
EQX1194,Compactor,S007,2024-11-07,2024-11-18,6.4,6.3,11,OP131,0,none
EQX1030,Grader,S006,2025-04-28,2025-05-07,9.0,2.4,9,OP113,0,none
EQX1016,Bulldozer,S011,2024-03-28,2024-04-12,9.7,2.8,15,OP123,0,none
EQX1213,Excavator,S002,2024-09-21,2024-10-04,3.2,5.2,13,OP127,0,none
EQX1194,Compactor,S006,2024-10-12,2024-10-20,8.7,1.5,8,OP130,0,none
EQX1159,Compactor,S009,2024-04-07,2024-04-12,2.8,1.4,5,OP111,0,none
EQX1031,Compactor,S001,2025-09-03,2025-09-12,7.4,3.1,9,OP129,0,none
EQX1074,Bulldozer,S010,2024-10-02,2024-10-16,5.2,9.9,14,OP103,0,none
EQX1035,Crane,S008,2024-10-04,2024-10-12,3.1,0.3,8,OP106,0,none
EQX1208,Grader,S007,2025-05-14,2025-05-25,6.6,1.2,11,OP129,0,none
EQX1079,Grader,S010,2025-02-25,2025-03-10,4.3,5.4,13,OP101,0,none
EQX1210,Crane,S002,2025-02-13,2025-02-18,3.4,8.5,5,OP112,0,none
EQX1056,Compactor,S008,2024-02-24,2024-02-26,0.3,1.1,2,OP102,0,none
EQX1009,Excavator,S005,2025-06-27,2025-07-15,9.7,7.2,18,OP136,0,none
EQX1193,Excavator,S008,2024-11-15,2024-11-26,7.9,0.8,11,OP123,0,none
EQX1019,Compactor,S001,2024-09-07,2024-09-12,5.4,0.5,5,OP102,0,none
EQX1138,Crane,S004,2024-05-24,2024-05-29,5.0,4.4,5,OP131,0,none
EQX1032,Loader,S002,2024-03-22,2024-04-03,1.0,20.1,12,OP132,1,excessive_idle
EQX1088,Crane,S012,2025-03-08,2025-03-15,7.0,7.5,7,OP104,0,none
EQX1090,Crane,S001,2025-01-22,2025-01-29,9.7,3.9,7,OP118,0,none
EQX1052,Excavator,S009,2024-07-02,2024-07-12,10.3,3.0,10,OP133,0,none
EQX1105,Compactor,S001,2025-06-05,2025-06-08,8.4,0.0,3,OP136,0,none
EQX1044,Bulldozer,S005,2025-04-08,2025-04-19,7.9,5.3,11,OP110,0,none
EQX1043,Compactor,S007,2024-12-03,2024-12-11,7.3,6.2,8,OP102,0,none
EQX1003,Loader,S008,2025-10-21,2025-11-03,6.8,4.6,13,OP118,0,none
EQX1096,Grader,S007,2025-09-13,2025-09-24,4.2,1.3,11,OP117,0,none
EQX1143,Loader,S012,2025-03-04,2025-03-19,7.8,6.9,15,OP121,0,none
EQX1182,Loader,S001,2025-05-22,2025-05-30,6.3,0.0,8,OP116,0,none
EQX1198,Loader,S003,2025-06-19,2025-06-30,4.4,6.6,11,OP108,0,none
EQX1163,Bulldozer,S007,2025-02-20,2025-03-06,6.0,3.8,14,OP101,0,none
EQX1137,Loader,S002,2025-01-08,2025-01-19,4.6,2.2,11,OP116,0,none
EQX1126,Crane,S006,2025-05-15,2025-05-22,6.4,6.2,7,OP133,0,none
EQX1006,Loader,S006,2024-04-15,2024-04-29,5.0,3.2,14,OP114,0,none
EQX1052,Excavator,S008,2024-05-25,2024-06-08,7.6,0.3,14,OP102,0,none
EQX1068,Bulldozer,S001,2025-06-16,2025-07-22,5.3,7.6,36,OP106,0,none
EQX1137,Loader,S008,2024-07-20,2024-07-29,6.8,5.7,9,OP108,0,none
EQX1191,Loader,S005,2024-01-05,2024-01-12,3.9,3.0,7,OP124,0,none
EQX1201,Compactor,S004,2025-01-10,2025-01-17,4.7,8.9,7,OP127,0,none
EQX1005,Excavator,S008,2024-11-11,2024-11-27,5.6,9.1,16,OP126,0,none
EQX1160,Compactor,S003,2025-03-04,2025-03-09,6.3,8.8,5,OP128,0,none
EQX1030,Grader,S005,2025-03-12,2025-03-17,3.5,5.6,5,OP103,0,none
EQX1131,Excavator,S012,2025-05-20,2025-06-07,9.7,4.5,18,OP128,0,none
EQX1178,Loader,S011,2025-04-14,2025-04-28,9.6,0.7,14,OP109,0,none
EQX1005,Excavator,S011,2024-04-06,2024-04-22,5.7,2.2,16,OP134,0,none
EQX1036,Excavator,S008,2024-12-21,2025-01-10,6.8,2.2,20,OP120,0,none
EQX1021,Compactor,S011,2024-03-29,2024-04-08,6.1,0.0,10,OP129,0,none
EQX1168,Compactor,S007,2025-10-12,2025-10-18,5.3,2.6,6,OP130,0,none
EQX1075,Excavator,S010,2025-12-02,2025-12-17,4.2,3.8,15,OP123,0,none
EQX1190,Bulldozer,S012,2025-01-21,2025-02-04,8.3,0.0,14,OP128,0,none
EQX1086,Excavator,S012,2024-03-10,2024-03-30,3.5,2.5,20,OP107,0,none
EQX1194,Compactor,S012,2025-03-31,2025-04-07,9.2,3.4,7,OP103,0,none
EQX1151,Compactor,S002,2025-07-26,2025-08-04,4.9,2.3,9,OP110,0,none
EQX1087,Compactor,S006,2025-01-18,2025-01-23,3.6,3.0,5,OP111,0,none
EQX1188,Excavator,S003,2025-04-05,2025-04-22,8.4,3.5,17,OP121,0,none
EQX1066,Grader,S005,2025-10-19,2025-10-20,19.2,15.0,1,OP116,1,impossible_hours
EQX1145,Crane,S009,2024-09-27,2024-10-01,4.4,6.0,4,OP109,0,none
EQX1042,Compactor,S007,2024-01-08,2024-01-16,9.3,1.4,8,OP113,0,none
EQX1106,Compactor,S009,2025-05-19,2025-05-23,7.8,0.0,4,OP103,0,none
EQX1059,Excavator,S001,2025-09-06,2025-09-25,9.6,4.6,19,OP103,0,none
EQX1107,Crane,S004,2024-07-25,2024-07-31,5.4,9.0,6,OP124,0,none
EQX1190,Bulldozer,S003,2025-11-06,2025-11-13,6.6,3.1,7,OP124,0,none
EQX1206,Bulldozer,S001,2025-04-22,2025-05-09,6.9,6.0,17,OP130,0,none
EQX1029,Excavator,S003,2025-05-28,2025-06-10,4.1,2.5,13,OP136,0,none
EQX1014,Compactor,S006,2025-05-12,2025-05-18,4.9,3.3,6,OP121,0,none
EQX1027,Crane,S001,2024-04-21,2024-04-22,10.3,2.9,1,OP124,0,none
EQX1028,Excavator,S004,2024-04-03,2024-04-23,4.2,3.7,20,OP129,0,none
EQX1010,Crane,S006,2025-07-15,2025-07-23,8.6,3.1,8,OP133,0,none
EQX1087,Compactor,S006,2025-03-23,2025-03-30,7.7,4.5,7,OP124,0,none
EQX1101,Loader,S011,2024-01-24,2024-02-08,8.6,4.8,15,OP101,0,none
EQX1163,Bulldozer,S006,2024-09-25,2024-10-20,10.2,9.2,25,OP119,0,none
EQX1198,Loader,S009,2025-03-26,2025-04-07,10.7,1.8,12,OP120,0,none
EQX1037,Excavator,S005,2024-07-09,2024-07-22,4.6,5.7,13,OP110,0,none
EQX1050,Excavator,S011,2025-05-06,2025-05-18,8.1,2.1,12,OP103,0,none
EQX1203,Crane,S005,2025-04-12,2025-04-19,1.7,0.8,7,OP123,0,none
EQX1063,Grader,S008,2024-02-29,2024-03-04,8.9,1.6,4,OP128,0,none
EQX1173,Bulldozer,S006,2025-01-27,2025-02-10,7.2,0.0,14,OP139,0,none
EQX1054,Grader,S007,2025-06-05,2025-06-12,10.6,4.1,7,OP133,0,none
EQX1170,Loader,S012,2024-07-13,2024-07-22,6.3,7.0,9,OP118,0,none
EQX1219,Loader,S005,2024-03-18,2024-03-24,5.1,1.9,6,OP139,0,none
EQX1040,Grader,S006,2024-11-29,2024-12-05,5.5,3.0,6,OP120,0,none
EQX1006,Loader,S011,2024-03-06,2024-03-14,5.1,0.6,8,OP122,0,none
EQX1137,Loader,S002,2024-05-07,2024-05-24,2.5,5.4,17,OP107,0,none
EQX1061,Grader,S006,2025-01-10,2025-01-20,4.6,0.8,10,OP127,0,none
EQX1012,Loader,S003,2025-12-22,2025-12-27,5.7,5.4,5,OP103,0,none
EQX1144,Grader,S004,2025-04-27,2025-05-05,3.8,1.3,8,OP132,0,none
EQX1067,Grader,S006,2024-06-08,2024-06-20,7.4,4.1,12,OP117,0,none
EQX1038,Crane,S012,2024-09-29,2024-10-04,5.3,4.2,5,OP120,0,none
EQX1053,Compactor,S002,2024-01-10,2024-01-14,5.8,2.7,4,OP134,0,none
EQX1083,Compactor,S007,2024-05-01,2024-05-03,5.3,4.5,2,OP123,0,none
EQX1043,Compactor,S004,2024-12-14,2024-12-18,7.1,7.1,4,OP108,0,none
EQX1034,Bulldozer,S008,2024-02-23,2024-02-24,6.6,3.5,1,OP115,0,none
EQX1020,Grader,S010,2024-09-14,2024-09-20,4.8,5.8,6,OP112,0,none
EQX1144,Grader,S006,2024-12-16,2024-12-24,8.2,5.7,8,OP137,0,none
EQX1045,Compactor,S009,2025-02-07,2025-02-14,6.7,3.5,7,OP102,0,none
EQX1127,Bulldozer,S011,2024-12-23,2025-01-18,4.5,7.3,26,OP130,0,none
EQX1017,Grader,S006,2025-05-21,2025-06-02,6.6,3.4,12,,1,no_operator
EQX1155,Excavator,S006,2024-05-28,2024-06-05,5.9,9.0,8,,1,no_operator
EQX1211,Grader,S008,2024-03-25,2024-04-03,9.6,3.6,9,OP125,0,none
EQX1109,Excavator,S005,2025-10-22,2025-11-10,5.7,2.6,19,OP103,0,none
EQX1026,Excavator,S003,2025-12-05,2025-12-19,6.6,9.3,14,OP109,0,none
EQX1115,Excavator,S009,2025-06-04,2025-06-18,9.9,0.1,14,OP129,0,none
EQX1138,Crane,S005,2025-02-19,2025-02-25,12.5,7.7,6,OP131,0,none
EQX1140,Excavator,S009,2025-01-22,2025-02-12,3.5,4.5,21,OP136,0,none
EQX1102,Grader,S010,2024-11-26,2024-12-02,7.9,6.7,6,OP117,0,none
EQX1216,Compactor,S010,2025-02-03,2025-02-07,7.9,0.0,4,OP114,0,none
EQX1173,Bulldozer,S011,2025-03-13,2025-04-06,7.0,5.3,24,OP123,0,none
EQX1214,Compactor,S012,2025-11-09,2025-11-16,7.1,5.0,7,OP135,0,none
EQX1067,Grader,S010,2024-10-18,2024-11-02,8.6,2.7,15,OP133,0,none
EQX1006,Loader,S011,2025-08-24,2025-08-30,8.0,1.6,6,OP135,0,none
EQX1164,Excavator,S002,2024-07-21,2024-08-11,8.0,4.1,21,OP117,0,none
EQX1203,Crane,S009,2024-10-18,2024-10-26,7.3,5.6,8,OP110,0,none
EQX1060,Excavator,S005,2024-10-24,2024-11-09,7.7,3.5,16,OP129,0,none
EQX1002,Crane,S002,2024-02-13,2024-02-21,5.3,6.4,8,OP129,0,none
EQX1034,Bulldozer,S004,2025-01-15,2025-01-26,6.5,6.5,11,OP132,0,none
EQX1146,Bulldozer,S011,2025-10-02,2025-10-11,7.8,3.8,9,OP108,0,none
EQX1050,Excavator,S002,2025-04-17,2025-04-27,3.6,2.0,10,OP114,0,none
EQX1012,Loader,S012,2024-04-13,2024-04-26,8.0,1.8,13,OP104,0,none
EQX1170,Loader,S009,2024-11-29,2024-12-03,5.3,3.8,4,OP121,0,none
EQX1133,Grader,S007,2025-05-11,2025-05-26,4.0,0.3,15,OP128,0,none
EQX1070,Crane,S010,2025-04-24,2025-05-01,7.1,3.5,7,OP104,0,none
EQX1209,Excavator,S012,2024-11-27,2024-12-11,8.1,1.2,14,OP116,0,none
EQX1093,Crane,S004,2025-09-06,2025-09-16,7.7,1.6,10,OP109,0,none
EQX1072,Crane,S004,2024-01-23,2024-01-31,9.4,1.1,8,OP123,0,none
EQX1024,Loader,S012,2025-01-18,2025-01-22,5.7,6.7,4,OP110,0,none
EQX1180,Compactor,S006,2025-03-02,2025-03-07,9.3,5.4,5,OP136,0,none
EQX1089,Excavator,S004,2024-03-19,2024-04-04,11.8,2.7,16,OP130,0,none
EQX1180,Compactor,S004,2024-02-07,2024-02-14,6.3,4.0,7,OP131,0,none
EQX1093,Crane,S009,2024-05-01,2024-05-04,4.9,0.0,3,OP117,0,none
EQX1107,Crane,S007,2024-05-20,2024-05-28,6.2,3.8,8,OP119,0,none
EQX1121,Grader,S007,2024-10-06,2024-10-19,6.6,6.0,13,OP137,0,none
EQX1041,Crane,S010,2025-09-28,2025-10-08,7.8,1.8,10,OP125,0,none
EQX1122,Grader,S006,2025-04-05,2025-04-14,6.3,4.1,9,OP106,0,none
EQX1006,Loader,S003,2024-04-02,2024-04-14,8.8,0.0,12,OP135,0,none
EQX1216,Compactor,S007,2025-04-24,2025-05-06,7.2,2.9,12,OP118,0,none
EQX1200,Bulldozer,S011,2025-10-18,2025-11-14,4.8,0.3,27,OP111,0,none
EQX1032,Loader,S009,2024-01-09,2024-01-26,6.5,3.1,17,OP128,0,none
EQX1123,Excavator,S009,2024-06-18,2024-07-06,9.1,4.4,18,OP102,0,none
EQX1116,Loader,S005,2024-01-03,2024-01-16,6.2,6.2,13,OP137,0,none
EQX1143,Loader,S012,2025-11-05,2025-11-11,11.0,5.2,6,OP125,0,none
EQX1115,Excavator,S008,2025-09-17,2025-09-24,7.1,4.9,7,OP130,0,none
EQX1065,Grader,S007,2024-10-19,2024-10-30,8.0,1.9,11,OP116,0,none
EQX1209,Excavator,S010,2024-08-11,2024-08-26,7.7,3.8,15,OP124,0,none
EQX1128,Excavator,S001,2025-06-18,2025-07-03,4.7,3.6,15,OP139,0,none
EQX1207,Excavator,S002,2024-04-22,2024-05-07,6.9,3.4,15,OP121,0,none
EQX1059,Excavator,S011,2024-06-21,2024-06-30,7.1,4.0,9,OP110,0,none
EQX1015,Crane,S002,2025-02-23,2025-03-03,5.1,4.9,8,OP130,0,none
EQX1005,Excavator,S011,2024-03-23,2024-04-04,7.7,0.3,12,OP136,0,none
EQX1177,Crane,S004,2024-02-03,2024-02-08,8.7,5.9,5,OP106,0,none
EQX1182,Loader,S001,2025-05-06,2025-05-15,9.5,3.5,9,OP120,0,none
EQX1216,Compactor,S010,2024-02-12,2024-02-15,10.5,8.7,3,OP138,0,none
EQX1129,Excavator,,2025-02-23,2025-03-11,5.9,1.3,16,OP130,1,unassigned_site
EQX1135,Grader,S006,2024-01-22,2024-01-28,5.4,4.9,6,OP102,0,none
EQX1090,Crane,S001,2025-05-23,2025-05-28,8.1,6.2,5,OP125,0,none
EQX1096,Grader,S010,2024-03-01,2024-03-15,6.4,2.3,14,OP133,0,none
EQX1059,Excavator,S011,2024-12-14,2025-01-06,8.2,7.5,23,OP112,0,none
EQX1054,Grader,S010,2025-02-11,2025-02-24,10.3,1.9,13,OP131,0,none
EQX1203,Crane,S012,2024-02-24,2024-02-29,6.6,6.4,5,OP109,0,none
EQX1021,Compactor,S010,2024-03-15,2024-03-26,8.3,1.0,11,OP115,0,none
EQX1171,Bulldozer,S010,2024-11-16,2024-12-12,5.5,7.0,26,OP119,0,none
EQX1028,Excavator,S008,2024-01-18,2024-02-02,9.1,7.7,15,OP105,0,none
EQX1130,Grader,S010,2024-03-22,2024-04-05,8.1,3.5,14,OP137,0,none
EQX1007,Compactor,S007,2025-05-08,2025-05-16,3.4,6.3,8,OP102,0,none
EQX1018,Excavator,S004,2025-09-06,2025-09-15,6.7,1.3,9,OP113,0,none
EQX1061,Grader,S004,2025-05-23,2025-05-29,5.0,6.8,6,OP139,0,none
EQX1118,Compactor,S006,2024-07-08,2024-07-16,7.4,1.0,8,OP127,0,none
EQX1114,Grader,S008,2025-04-21,2025-05-02,4.3,5.7,11,OP109,0,none
EQX1064,Compactor,S007,2024-11-05,2024-11-13,11.2,4.0,8,OP117,0,none
EQX1032,Loader,S012,2024-10-31,2024-11-12,8.5,1.5,12,OP121,0,none
EQX1055,Compactor,S001,2024-04-25,2024-05-06,7.3,0.0,11,OP133,0,none
EQX1153,Excavator,S003,2024-10-05,2024-10-17,4.0,6.2,12,OP138,0,none
EQX1176,Excavator,S010,2024-09-27,2024-10-16,5.7,1.8,19,OP125,0,none
EQX1217,Excavator,S011,2025-02-20,2025-03-05,5.0,0.0,13,OP125,0,none
EQX1052,Excavator,S005,2024-06-13,2024-07-01,5.9,1.2,18,OP108,0,none
EQX1058,Grader,S001,2025-10-02,2025-10-09,3.8,3.3,7,OP110,0,none
EQX1063,Grader,S006,2024-07-01,2024-07-12,5.9,4.6,11,OP124,0,none
EQX1078,Grader,S002,2024-03-09,2024-03-11,4.5,4.4,2,OP138,0,none
EQX1157,Bulldozer,S003,2024-12-16,2025-01-06,10.0,2.4,21,OP101,0,none
EQX1185,Compactor,S010,2024-08-13,2024-08-15,6.6,5.2,2,OP126,0,none
EQX1005,Excavator,S007,2024-03-08,2024-03-16,11.6,4.3,8,OP108,0,none
EQX1153,Excavator,S009,2024-04-10,2024-04-23,4.3,0.7,13,OP127,0,none
EQX1170,Loader,S003,2025-01-02,2025-01-13,3.4,7.6,11,OP106,0,none
EQX1146,Bulldozer,S011,2025-08-30,2025-09-24,7.4,4.1,25,OP126,0,none
EQX1016,Bulldozer,S003,2024-05-31,2024-06-14,7.3,6.4,14,OP116,0,none
EQX1088,Crane,S009,2024-10-21,2024-10-30,7.5,2.0,9,OP106,0,none
EQX1120,Grader,S009,2024-05-22,2024-05-31,8.5,5.0,9,OP138,0,none
EQX1200,Bulldozer,S011,2025-02-12,2025-03-16,7.4,6.9,32,OP106,0,none
EQX1163,Bulldozer,S008,2024-11-21,2024-12-06,9.7,7.0,15,OP124,0,none
EQX1129,Excavator,S005,2024-06-05,2024-08-09,1.5,6.0,65,OP131,1,extended_rental
EQX1195,Excavator,S003,2025-10-19,2025-11-05,7.6,6.5,17,OP137,0,none
EQX1126,Crane,S012,2025-10-23,2025-10-27,5.9,3.3,4,OP117,0,none
EQX1137,Loader,S008,2024-11-20,2024-12-03,4.8,3.1,13,OP101,0,none
EQX1077,Bulldozer,S008,2024-10-29,2024-11-15,3.4,0.0,17,OP136,0,none
EQX1118,Compactor,S006,2024-01-08,2024-01-14,7.2,3.6,6,OP103,0,none
EQX1076,Bulldozer,S008,2025-01-13,2025-02-09,4.4,8.0,27,OP136,0,none
EQX1056,Compactor,S002,2025-12-02,2025-12-10,8.3,3.2,8,OP103,0,none
EQX1030,Grader,S007,2025-03-01,2025-03-07,9.7,1.3,6,OP126,0,none
EQX1093,Crane,S009,2024-01-26,2024-01-27,6.2,5.7,1,OP132,0,none
EQX1190,Bulldozer,S005,2025-03-27,2025-05-11,8.2,4.4,45,OP131,0,none
EQX1026,Excavator,S011,2025-03-05,2025-03-24,7.1,6.4,19,OP121,0,none
EQX1101,Loader,S001,2025-06-13,2025-06-24,8.9,2.3,11,OP132,0,none
EQX1123,Excavator,S010,2025-02-06,2025-02-16,8.6,1.9,10,OP109,0,none
EQX1090,Crane,S012,2025-08-22,2025-09-01,9.6,1.1,10,OP104,0,none
EQX1100,Loader,S008,2025-08-07,2025-08-19,18.0,13.7,12,OP119,1,impossible_hours
EQX1041,Crane,S009,2024-12-01,2024-12-10,7.0,6.1,9,OP116,0,none
EQX1012,Loader,S003,2025-05-23,2025-06-05,10.0,2.3,13,OP115,0,none
EQX1173,Bulldozer,S008,2025-05-06,2025-05-10,7.9,7.5,4,OP107,0,none
EQX1096,Grader,S010,2024-10-02,2024-10-13,6.9,3.6,11,OP113,0,none
EQX1063,Grader,S010,2024-12-18,2024-12-27,1.5,18.2,9,OP127,1,excessive_idle
EQX1005,Excavator,S004,2025-10-13,2025-10-17,2.8,4.0,4,OP106,0,none
EQX1220,Bulldozer,S005,2024-05-26,2024-06-16,4.6,5.4,21,OP132,0,none
EQX1015,Crane,S001,2024-03-20,2024-03-27,8.0,6.6,7,OP125,0,none
EQX1021,Compactor,S010,2025-06-07,2025-06-22,3.2,2.9,15,OP138,0,none
EQX1114,Grader,S010,2024-08-20,2024-11-17,5.0,6.1,89,OP134,1,extended_rental
EQX1183,Crane,S011,2024-05-17,2024-05-21,7.1,6.2,4,OP114,0,none
EQX1194,Compactor,S010,2025-04-11,2025-04-20,4.7,0.3,9,OP110,0,none
EQX1080,Compactor,S007,2024-03-28,2024-04-07,10.4,0.6,10,OP118,0,none
EQX1075,Excavator,S003,2025-06-15,2025-06-27,5.5,1.7,12,OP111,0,none
EQX1028,Excavator,S012,2024-09-18,2024-10-02,6.7,3.9,14,OP115,0,none
EQX1149,Crane,S012,2024-08-25,2024-08-29,4.5,1.9,4,OP106,0,none
EQX1195,Excavator,S003,2024-10-19,2024-11-01,4.3,1.9,13,OP121,0,none
EQX1015,Crane,S007,2024-09-21,2024-09-24,4.5,1.1,3,OP130,0,none
EQX1181,Loader,S009,2025-03-02,2025-03-15,8.0,4.3,13,OP115,0,none
EQX1052,Excavator,S004,2025-04-14,2025-05-03,8.5,0.7,19,OP117,0,none
EQX1083,Compactor,S007,2024-08-16,2024-08-20,8.4,4.8,4,OP124,0,none
EQX1207,Excavator,S011,2025-11-28,2025-12-15,7.8,3.0,17,OP130,0,none
EQX1210,Crane,S004,2024-12-21,2024-12-30,6.5,0.3,9,OP111,0,none
EQX1046,Compactor,S007,2025-03-29,2025-04-04,3.5,6.8,6,OP127,0,none
EQX1062,Crane,S001,2024-04-03,2024-04-08,3.9,0.0,5,OP131,0,none
EQX1002,Crane,S012,2025-02-08,2025-02-12,4.8,0.0,4,OP117,0,none
EQX1021,Compactor,S010,2025-11-08,2025-11-16,9.1,5.0,8,OP132,0,none
EQX1012,Loader,S005,2025-01-11,2025-01-27,9.6,3.7,16,OP138,0,none
EQX1182,Loader,S002,2025-03-01,2025-03-13,7.2,1.4,12,OP102,0,none
EQX1017,Grader,S007,2024-12-26,2025-01-01,7.7,3.6,6,OP109,0,none
EQX1188,Excavator,S003,2025-07-31,2025-08-06,9.6,4.0,6,OP111,0,none
EQX1045,Compactor,S007,2025-01-12,2025-01-17,9.6,13.9,5,OP109,0,none
EQX1215,Compactor,S007,2024-12-31,2025-01-06,3.4,2.8,6,OP130,0,none
EQX1031,Compactor,S006,2025-03-30,2025-04-10,3.9,3.0,11,OP105,0,none
EQX1149,Crane,S011,2025-09-19,2025-09-25,6.5,2.0,6,OP110,0,none
EQX1167,Compactor,,2025-03-24,2025-03-28,6.4,4.1,4,OP116,1,unassigned_site
EQX1190,Bulldozer,S005,2024-05-02,2024-05-16,6.6,3.3,14,,1,no_operator
EQX1013,Grader,S006,2025-10-26,2025-11-07,7.3,3.3,12,OP113,0,none
EQX1141,Crane,S001,2024-04-29,2024-05-05,7.0,1.7,6,OP129,0,none
EQX1121,Grader,S007,2024-02-07,2024-02-19,7.3,0.7,12,OP133,0,none
EQX1170,Loader,S004,2025-06-02,2025-06-13,8.5,1.9,11,OP120,0,none
EQX1055,Compactor,S006,2025-02-27,2025-03-07,7.1,3.2,8,,1,no_operator
EQX1134,Bulldozer,S011,2024-03-29,2024-04-20,8.8,0.9,22,OP111,0,none
EQX1060,Excavator,S002,2024-10-07,2024-10-16,5.8,0.0,9,OP121,0,none
EQX1063,Grader,S007,2024-01-21,2024-01-31,3.6,4.5,10,OP137,0,none
EQX1047,Bulldozer,S001,2025-03-23,2025-04-22,7.9,4.2,30,OP109,0,none
EQX1014,Compactor,S004,2024-10-03,2024-10-10,4.2,0.4,7,OP121,0,none
EQX1102,Grader,S006,2025-02-07,2025-02-17,8.1,6.7,10,OP113,0,none
EQX1117,Compactor,S012,2025-04-15,2025-04-23,9.1,2.6,8,OP116,0,none
EQX1214,Compactor,S004,2025-03-09,2025-03-11,2.1,1.4,2,OP113,0,none
EQX1149,Crane,S009,2025-05-24,2025-05-31,3.7,3.7,7,OP131,0,none
EQX1089,Excavator,S003,2025-04-21,2025-04-29,5.9,1.6,8,OP136,0,none
EQX1162,Loader,S005,2025-06-29,2025-07-08,8.5,2.4,9,OP112,0,none
EQX1038,Crane,S003,2025-07-02,2025-07-04,2.6,3.3,2,OP107,0,none
EQX1139,Compactor,S010,2025-05-21,2025-05-29,7.6,3.4,8,OP114,0,none
EQX1047,Bulldozer,S004,2024-10-12,2024-10-25,8.2,0.0,13,OP139,0,none
EQX1194,Compactor,S006,2025-11-23,2025-12-01,3.4,3.9,8,OP129,0,none
EQX1019,Compactor,S004,2024-01-01,2024-01-09,2.7,3.4,8,OP138,0,none
EQX1059,Excavator,S008,2025-10-01,2025-10-22,0.4,18.1,21,OP128,1,excessive_idle
EQX1184,Bulldozer,S012,2025-06-09,2025-07-09,0.7,19.2,30,OP133,1,excessive_idle
EQX1073,Loader,S002,2025-01-16,2025-02-03,2.7,8.6,18,OP124,0,none
EQX1167,Compactor,S006,2025-08-08,2025-08-16,6.3,5.9,8,OP131,0,none
EQX1196,Excavator,S003,2025-11-23,2025-12-09,7.2,4.2,16,OP136,0,none
EQX1216,Compactor,S008,2025-10-24,2025-10-30,6.6,2.0,6,,1,no_operator
EQX1214,Compactor,S010,2025-05-19,2025-05-28,6.2,6.5,9,OP101,0,none
EQX1200,Bulldozer,S003,2024-08-15,2024-09-07,4.9,1.4,23,OP110,0,none
EQX1177,Crane,S004,2024-05-21,2024-05-27,3.7,2.4,6,OP101,0,none
EQX1159,Compactor,S006,2024-09-12,2024-09-17,7.0,0.5,5,OP112,0,none
EQX1007,Compactor,S010,2025-04-12,2025-06-12,7.0,5.9,61,OP117,1,extended_rental
EQX1127,Bulldozer,S005,2024-03-27,2024-04-24,12.1,2.2,28,OP111,0,none
EQX1066,Grader,S002,2024-12-16,2024-12-27,6.0,1.5,11,OP105,0,none
EQX1086,Excavator,S004,2024-11-14,2024-11-29,9.8,6.4,15,OP135,0,none
EQX1150,Excavator,S008,2025-05-07,2025-05-17,0.7,18.8,10,OP124,1,excessive_idle
EQX1010,Crane,S006,2025-05-01,2025-05-08,5.3,0.0,7,OP111,0,none
EQX1182,Loader,S008,2025-07-25,2025-09-27,9.8,0.3,64,OP113,1,extended_rental
EQX1112,Excavator,S003,2024-09-15,2024-10-03,7.6,7.3,18,OP122,0,none
EQX1055,Compactor,S009,2025-10-03,2025-10-08,7.7,5.9,5,OP105,0,none
EQX1130,Grader,S001,2024-02-18,2024-02-29,6.6,4.7,11,OP110,0,none
EQX1199,Excavator,S011,2025-05-26,2025-06-01,8.5,0.4,6,OP120,0,none
EQX1102,Grader,S008,2024-05-29,2024-06-03,8.0,7.7,5,OP121,0,none
EQX1208,Grader,S007,2025-10-30,2025-11-12,8.5,6.4,13,OP120,0,none
EQX1125,Excavator,S003,2024-05-15,2024-05-27,6.6,3.8,12,OP129,0,none
EQX1145,Crane,S004,2024-02-06,2024-02-11,12.4,1.2,5,OP121,0,none
EQX1169,Bulldozer,S005,2025-05-14,2025-05-24,6.8,1.2,10,OP102,0,none
EQX1106,Compactor,S010,2025-09-28,2025-10-06,6.1,0.0,8,OP134,0,none
EQX1075,Excavator,S008,2024-02-04,2024-02-17,5.9,5.5,13,OP113,0,none
EQX1142,Crane,S008,2024-02-15,2024-02-22,9.1,7.9,7,OP118,0,none
EQX1021,Compactor,S004,2024-12-04,2024-12-10,9.2,4.5,6,OP106,0,none
EQX1217,Excavator,S005,2025-10-10,2025-10-19,6.4,4.2,9,OP134,0,none
EQX1189,Compactor,S006,2024-05-04,2024-05-07,10.4,0.9,3,OP138,0,none
EQX1148,Crane,S004,2025-02-02,2025-02-06,8.6,4.3,4,OP107,0,none
EQX1198,Loader,S011,2024-07-15,2024-08-01,9.5,6.7,17,OP109,0,none
EQX1158,Grader,S007,2024-08-08,2024-08-22,7.4,4.8,14,OP127,0,none
EQX1204,Excavator,S011,2025-11-08,2025-11-22,4.8,7.0,14,OP130,0,none
EQX1006,Loader,S001,2024-02-02,2024-02-11,5.7,0.1,9,OP101,0,none
EQX1042,Compactor,S010,2025-04-24,2025-04-29,0.4,21.7,5,OP137,1,excessive_idle
EQX1210,Crane,S002,2024-11-21,2024-12-02,8.7,0.0,11,OP113,0,none
EQX1137,Loader,S009,2024-02-06,2024-04-22,3.8,4.3,76,OP108,1,extended_rental
EQX1073,Loader,S004,2024-08-03,2024-08-19,6.3,3.1,16,OP115,0,none
EQX1079,Grader,S006,2024-12-21,2024-12-31,11.3,1.3,10,OP127,0,none
EQX1107,Crane,S009,2024-07-10,2024-07-16,12.7,0.0,6,OP113,0,none
EQX1156,Grader,S010,2024-10-05,2024-10-18,8.5,3.7,13,OP126,0,none
EQX1211,Grader,S012,2025-09-19,2025-10-02,7.0,8.0,13,OP116,0,none
EQX1183,Crane,S002,2024-08-30,2024-09-06,7.5,5.3,7,OP101,0,none
EQX1077,Bulldozer,S003,2025-12-03,2025-12-17,10.3,7.3,14,OP113,0,none
EQX1171,Bulldozer,S008,2025-03-16,2025-04-04,7.8,0.7,19,OP116,0,none
EQX1141,Crane,S004,2025-12-07,2025-12-14,6.1,4.5,7,OP110,0,none
EQX1014,Compactor,S001,2025-11-12,2025-11-21,1.1,19.6,9,OP119,1,excessive_idle
EQX1104,Loader,S002,2024-05-09,2024-05-17,10.4,3.3,8,OP102,0,none
EQX1044,Bulldozer,S005,2025-06-09,2025-06-13,5.1,5.8,4,OP129,0,none
EQX1160,Compactor,,2025-10-08,2025-10-21,6.4,0.0,13,OP104,1,unassigned_site
EQX1178,Loader,S003,2024-04-29,2024-05-17,9.3,0.2,18,OP107,0,none
EQX1199,Excavator,S008,2024-03-25,2024-04-12,14.4,16.7,18,OP115,1,impossible_hours
EQX1005,Excavator,S006,2025-02-15,2025-02-28,5.5,0.0,13,OP105,0,none
EQX1053,Compactor,S009,2025-05-17,2025-05-19,8.4,7.4,2,OP116,0,none
EQX1002,Crane,S004,2025-06-16,2025-06-23,5.3,0.3,7,OP104,0,none
EQX1200,Bulldozer,S008,2024-12-30,2025-01-11,6.3,0.0,12,OP120,0,none
EQX1183,Crane,S007,2024-09-14,2024-09-18,6.3,4.8,4,OP102,0,none
EQX1111,Crane,S009,2024-01-17,2024-01-28,6.0,8.8,11,OP113,0,none
EQX1064,Compactor,S010,2025-11-03,2025-11-10,4.7,4.2,7,OP134,0,none
EQX1179,Loader,S005,2024-04-10,2024-04-23,0.8,19.8,13,OP120,1,excessive_idle
EQX1075,Excavator,S003,2024-11-29,2024-12-10,8.1,2.6,11,OP120,0,none
EQX1203,Crane,S012,2025-12-20,2025-12-25,5.5,6.9,5,OP124,0,none
EQX1145,Crane,S007,2024-11-06,2024-11-16,7.7,1.2,10,OP110,0,none
EQX1195,Excavator,S012,2024-01-04,2024-01-19,8.8,4.3,15,OP124,0,none
EQX1056,Compactor,S009,2025-06-14,2025-06-27,7.2,1.4,13,OP135,0,none
EQX1187,Bulldozer,S005,2024-12-26,2025-01-13,2.7,1.3,18,OP108,0,none
EQX1119,Crane,S006,2025-12-11,2025-12-15,6.1,7.6,4,OP107,0,none
EQX1129,Excavator,S005,2024-02-11,2024-03-01,4.6,7.8,19,OP106,0,none
EQX1078,Grader,S001,2025-11-28,2025-12-07,2.0,3.6,9,OP121,0,none
EQX1152,Loader,S012,2024-07-26,2024-07-31,7.5,6.4,5,OP114,0,none
EQX1136,Excavator,S008,2025-08-28,2025-09-14,3.4,5.4,17,OP132,0,none
EQX1084,Excavator,,2025-06-08,2025-07-06,6.0,0.4,28,OP103,1,unassigned_site
EQX1001,Compactor,S007,2024-04-16,2024-04-24,10.3,1.0,8,OP105,0,none
EQX1158,Grader,S008,2024-03-19,2024-04-01,4.5,5.0,13,OP121,0,none
EQX1212,Grader,S010,2024-12-05,2024-12-22,4.5,4.7,17,OP115,0,none
EQX1202,Loader,S001,2025-05-02,2025-05-09,1.4,18.5,7,OP138,1,excessive_idle
EQX1035,Crane,S002,2024-07-29,2024-08-08,7.6,8.0,10,OP105,0,none
EQX1190,Bulldozer,S009,2025-09-30,2025-10-31,0.7,19.9,31,OP102,1,excessive_idle
EQX1131,Excavator,S005,2024-07-17,2024-08-01,2.7,0.0,15,OP109,0,none
EQX1024,Loader,S011,2025-09-27,2025-10-15,3.2,2.2,18,OP129,0,none
EQX1019,Compactor,S004,2025-10-15,2025-10-28,9.6,0.0,13,OP139,0,none
EQX1039,Bulldozer,S003,2024-11-02,2024-11-26,11.9,1.5,24,OP108,0,none
EQX1193,Excavator,S004,2025-09-11,2025-09-22,8.2,3.9,11,OP116,0,none
EQX1210,Crane,S012,2025-12-13,2025-12-18,5.4,2.2,5,OP123,0,none
EQX1173,Bulldozer,S010,2025-02-16,2025-02-27,7.0,4.8,11,OP115,0,none
EQX1087,Compactor,S004,2025-07-04,2025-07-17,5.6,7.3,13,OP111,0,none
EQX1151,Compactor,S007,2024-03-22,2024-03-31,5.3,5.5,9,OP125,0,none
EQX1098,Excavator,S012,2025-01-19,2025-02-02,6.9,0.0,14,OP133,0,none
EQX1049,Grader,S007,2024-07-29,2024-08-04,8.2,4.3,6,OP128,0,none
EQX1139,Compactor,S004,2025-10-17,2025-10-25,4.7,4.4,8,OP111,0,none
EQX1216,Compactor,S010,2025-05-07,2025-05-15,3.7,0.4,8,OP129,0,none
EQX1212,Grader,S009,2025-03-11,2025-03-24,3.9,3.7,13,OP128,0,none
EQX1110,Loader,S009,2024-11-19,2024-11-30,7.9,6.8,11,OP113,0,none
EQX1119,Crane,S001,2024-03-24,2024-04-04,3.3,0.0,11,OP121,0,none
EQX1210,Crane,S008,2024-12-07,2024-12-13,8.9,2.6,6,OP123,0,none
EQX1025,Compactor,S002,2025-01-10,2025-01-19,6.0,2.4,9,OP115,0,none
EQX1185,Compactor,S006,2024-03-26,2024-04-01,4.9,8.2,6,OP120,0,none
EQX1095,Bulldozer,S011,2025-09-11,2025-10-02,7.3,3.4,21,,1,no_operator
EQX1176,Excavator,S008,2025-10-30,2025-11-08,5.9,3.9,9,,1,no_operator
EQX1171,Bulldozer,S003,2024-10-30,2024-11-09,8.3,2.5,10,OP110,0,none
EQX1185,Compactor,S002,2025-02-27,2025-03-06,6.6,3.1,7,OP119,0,none
EQX1081,Grader,S006,2025-03-18,2025-03-24,6.1,4.7,6,OP132,0,none
EQX1182,Loader,S008,2024-10-08,2024-10-18,11.1,2.0,10,OP118,0,none
EQX1111,Crane,S002,2025-07-07,2025-07-14,1.6,4.6,7,OP112,0,none
EQX1081,Grader,S007,2025-09-13,2025-09-27,8.0,6.1,14,OP131,0,none
EQX1105,Compactor,,2025-12-17,2025-12-24,2.9,6.6,7,OP103,1,unassigned_site
EQX1176,Excavator,S011,2024-10-20,2024-11-04,7.8,3.5,15,OP117,0,none
EQX1149,Crane,S004,2024-04-13,2024-04-14,10.6,9.9,1,OP135,0,none
EQX1191,Loader,S011,2024-08-06,2024-08-18,7.1,4.5,12,OP137,0,none
EQX1216,Compactor,S002,2024-03-11,2024-03-16,6.8,2.0,5,OP118,0,none
EQX1155,Excavator,,2024-09-19,2024-09-29,5.8,3.4,10,OP122,1,unassigned_site
EQX1171,Bulldozer,S011,2025-09-24,2025-09-29,3.2,4.8,5,OP115,0,none
EQX1039,Bulldozer,S009,2024-09-14,2024-10-05,6.3,0.0,21,OP113,0,none
EQX1185,Compactor,S012,2025-08-16,2025-08-19,8.8,8.5,3,OP122,0,none
EQX1138,Crane,S001,2024-11-08,2024-11-13,6.7,3.5,5,OP121,0,none
EQX1084,Excavator,S005,2025-10-09,2025-10-22,5.2,1.0,13,OP103,0,none
EQX1141,Crane,S002,2025-05-29,2025-06-04,7.4,3.6,6,OP116,0,none
EQX1181,Loader,S008,2025-03-19,2025-03-21,7.2,0.0,2,OP111,0,none
EQX1093,Crane,S011,2025-10-23,2025-11-02,6.8,1.8,10,OP106,0,none
EQX1195,Excavator,S008,2024-03-20,2024-03-30,7.2,0.4,10,OP111,0,none
EQX1137,Loader,S002,2025-11-02,2025-11-09,1.9,0.0,7,OP139,0,none
EQX1001,Compactor,S012,2024-12-14,2024-12-23,3.0,7.2,9,OP120,0,none
EQX1187,Bulldozer,S005,2025-11-22,2025-12-15,5.6,7.6,23,OP113,0,none
EQX1012,Loader,S012,2025-11-21,2025-12-03,5.0,2.8,12,OP133,0,none
EQX1111,Crane,,2025-05-13,2025-05-19,6.5,0.6,6,OP105,1,unassigned_site
EQX1195,Excavator,S003,2024-05-22,2024-05-30,5.8,2.5,8,OP123,0,none
EQX1001,Compactor,S002,2024-08-19,2024-08-22,7.2,7.8,3,OP114,0,none
EQX1126,Crane,S011,2025-05-05,2025-05-08,4.4,2.8,3,OP125,0,none
EQX1085,Excavator,S007,2024-11-06,2024-11-26,1.3,22.4,20,OP121,1,excessive_idle
EQX1179,Loader,S008,2025-01-20,2025-01-29,7.7,7.1,9,OP125,0,none
EQX1116,Loader,S009,2025-05-17,2025-06-02,3.0,6.9,16,OP130,0,none
EQX1150,Excavator,S008,2024-07-17,2024-07-30,5.0,1.6,13,OP116,0,none
EQX1179,Loader,S001,2025-05-13,2025-05-30,8.8,4.9,17,OP128,0,none
EQX1162,Loader,S001,2024-06-23,2024-06-30,10.9,4.5,7,OP125,0,none
EQX1010,Crane,S012,2024-11-09,2024-11-20,5.5,3.4,11,OP103,0,none
EQX1091,Excavator,S012,2024-10-13,2024-10-30,4.9,2.6,17,OP111,0,none
EQX1053,Compactor,S009,2024-07-13,2024-07-16,2.9,4.6,3,OP131,0,none
EQX1177,Crane,S004,2025-04-05,2025-04-15,6.5,7.2,10,OP131,0,none
EQX1173,Bulldozer,S011,2025-03-08,2025-03-12,6.7,8.0,4,OP106,0,none
EQX1055,Compactor,S006,2024-01-31,2024-02-10,4.0,4.6,10,OP114,0,none
EQX1217,Excavator,S004,2025-11-16,2025-11-23,9.4,2.2,7,OP138,0,none
EQX1015,Crane,,2024-09-08,2024-09-17,5.8,3.5,9,OP136,1,unassigned_site
EQX1204,Excavator,S005,2025-10-04,2025-10-15,4.1,3.2,11,OP116,0,none
EQX1135,Grader,S006,2025-12-02,2025-12-09,6.7,2.1,7,OP112,0,none
EQX1130,Grader,S008,2025-09-30,2025-10-07,5.3,5.3,7,OP115,0,none
EQX1117,Compactor,S006,2025-08-26,2025-09-04,4.1,5.9,9,OP134,0,none
EQX1200,Bulldozer,S003,2025-09-30,2025-10-10,5.5,5.0,10,OP115,0,none
EQX1007,Compactor,S010,2024-02-10,2024-02-20,2.2,0.0,10,OP129,0,none
EQX1215,Compactor,S004,2024-09-16,2024-09-21,4.9,3.8,5,OP103,0,none
EQX1193,Excavator,S005,2024-12-10,2024-12-19,7.5,3.2,9,OP139,0,none
EQX1051,Excavator,S005,2025-11-30,2025-12-05,4.7,5.5,5,OP109,0,none
EQX1061,Grader,S007,2024-01-21,2024-02-03,3.4,1.0,13,OP120,0,none
EQX1169,Bulldozer,S001,2025-11-07,2025-11-28,3.7,4.7,21,OP120,0,none
EQX1035,Crane,S002,2024-07-07,2024-07-10,5.5,1.5,3,OP101,0,none
EQX1138,Crane,S012,2024-03-01,2024-03-05,5.0,3.4,4,OP133,0,none
EQX1118,Compactor,S007,2025-04-10,2025-04-18,4.2,7.5,8,OP115,0,none
EQX1055,Compactor,S007,2025-09-10,2025-09-11,11.1,4.3,1,OP120,0,none
EQX1160,Compactor,S011,2025-02-24,2025-03-03,7.4,2.0,7,OP103,0,none
EQX1093,Crane,S002,2024-02-29,2024-03-04,6.0,4.0,4,OP106,0,none
EQX1052,Excavator,S008,2025-08-28,2025-09-16,8.2,2.1,19,OP108,0,none
EQX1035,Crane,S011,2024-05-05,2024-05-15,7.5,0.5,10,OP139,0,none
EQX1053,Compactor,S007,2025-01-28,2025-02-02,5.8,1.6,5,OP102,0,none
EQX1172,Crane,S002,2024-11-16,2024-11-22,7.8,0.5,6,OP102,0,none
EQX1155,Excavator,S009,2024-04-12,2024-04-23,5.5,5.1,11,OP111,0,none
EQX1060,Excavator,S006,2024-02-12,2024-02-18,4.6,2.8,6,OP117,0,none
EQX1180,Compactor,S006,2024-12-15,2024-12-22,6.2,3.1,7,OP127,0,none
EQX1215,Compactor,S004,2025-09-04,2025-09-12,6.1,0.9,8,OP139,0,none
EQX1133,Grader,S006,2025-12-16,2025-12-27,9.0,4.1,11,OP123,0,none
EQX1093,Crane,S001,2025-08-21,2025-08-30,7.0,1.3,9,OP106,0,none
EQX1208,Grader,S007,2025-11-28,2025-12-09,7.2,4.1,11,OP125,0,none
EQX1027,Crane,S012,2025-03-06,2025-03-14,7.7,1.0,8,OP106,0,none
EQX1086,Excavator,S009,2024-09-21,2024-09-29,4.4,4.0,8,OP127,0,none
EQX1045,Compactor,S002,2024-03-21,2024-03-25,3.8,0.0,4,OP108,0,none
EQX1017,Grader,S006,2024-09-12,2024-09-18,7.2,0.1,6,OP114,0,none
EQX1133,Grader,S012,2025-02-16,2025-03-02,7.6,5.7,14,OP109,0,none
EQX1192,Bulldozer,S003,2025-02-13,2025-02-26,4.4,4.1,13,OP131,0,none
EQX1125,Excavator,S003,2025-04-27,2025-05-21,7.0,11.0,24,OP132,0,none
EQX1083,Compactor,S012,2025-09-22,2025-09-30,7.1,4.9,8,OP113,0,none
EQX1105,Compactor,S010,2024-11-20,2024-11-25,7.5,2.4,5,OP128,0,none
EQX1125,Excavator,S007,2024-11-27,2024-12-16,7.4,7.6,19,OP122,0,none
EQX1145,Crane,S012,2024-02-18,2024-02-23,7.6,3.9,5,OP114,0,none
EQX1044,Bulldozer,S003,2024-08-23,2024-09-06,3.5,6.3,14,OP118,0,none
EQX1108,Bulldozer,S006,2025-08-11,2025-08-27,5.7,0.0,16,OP124,0,none
EQX1038,Crane,S012,2024-10-13,2024-10-22,4.0,0.0,9,OP132,0,none
EQX1062,Crane,S002,2025-03-11,2025-03-19,10.4,0.0,8,OP111,0,none
EQX1165,Grader,S007,2025-04-27,2025-05-09,6.5,0.2,12,OP101,0,none
EQX1001,Compactor,S006,2025-01-23,2025-02-04,4.9,1.4,12,OP137,0,none
EQX1099,Excavator,S008,2024-12-21,2025-01-09,16.1,16.3,19,OP119,1,impossible_hours
EQX1182,Loader,S005,2025-11-11,2025-11-26,6.8,4.2,15,OP101,0,none
EQX1209,Excavator,S005,2024-12-13,2024-12-30,5.3,0.8,17,OP127,0,none
EQX1091,Excavator,S002,2025-11-23,2025-12-10,5.1,0.0,17,OP136,0,none
EQX1181,Loader,S002,2024-10-08,2024-10-21,0.5,7.1,13,OP126,0,none
EQX1061,Grader,S002,2025-12-12,2025-12-20,3.8,8.3,8,OP106,0,none
EQX1037,Excavator,S003,2024-05-02,2024-05-19,18.9,16.5,17,OP123,1,impossible_hours
EQX1179,Loader,S011,2025-06-29,2025-07-11,7.1,5.3,12,OP135,0,none
EQX1141,Crane,S003,2024-07-14,2024-07-23,7.4,3.2,9,OP139,0,none
EQX1197,Grader,S010,2025-06-23,2025-07-04,6.2,5.2,11,OP114,0,none
EQX1150,Excavator,S008,2024-08-06,2024-08-18,5.7,6.6,12,OP138,0,none
EQX1186,Grader,S002,2025-01-20,2025-01-27,4.7,0.0,7,OP111,0,none
EQX1025,Compactor,S006,2025-12-20,2025-12-26,4.1,2.8,6,OP128,0,none
EQX1092,Grader,S010,2025-03-22,2025-04-07,7.5,0.0,16,OP108,0,none
EQX1131,Excavator,S007,2024-06-03,2024-06-24,9.2,5.6,21,OP116,0,none
EQX1065,Grader,S007,2024-07-05,2024-07-17,6.4,4.2,12,OP104,0,none
EQX1059,Excavator,S009,2025-03-09,2025-03-28,8.9,0.7,19,OP130,0,none
EQX1048,Bulldozer,S005,2024-04-01,2024-04-21,6.1,1.4,20,OP137,0,none
EQX1082,Crane,S001,2024-02-13,2024-02-22,4.2,4.0,9,OP116,0,none
EQX1002,Crane,S004,2024-11-25,2024-11-29,7.8,4.3,4,OP120,0,none
EQX1150,Excavator,S011,2025-01-24,2025-02-07,3.7,4.3,14,OP112,0,none
EQX1117,Compactor,S006,2025-03-12,2025-03-20,7.4,6.4,8,OP119,0,none
EQX1052,Excavator,S006,2025-03-20,2025-03-26,9.9,0.0,6,OP137,0,none
EQX1055,Compactor,S009,2025-12-02,2025-12-09,5.2,4.5,7,OP110,0,none
EQX1195,Excavator,S004,2025-03-14,2025-03-30,6.0,2.8,16,OP101,0,none
EQX1070,Crane,S012,2024-06-26,2024-07-03,7.0,7.3,7,OP127,0,none
EQX1058,Grader,S005,2024-04-08,2024-04-22,3.2,2.4,14,OP111,0,none
EQX1157,Bulldozer,S011,2025-06-16,2025-07-12,6.7,5.9,26,OP127,0,none
EQX1168,Compactor,S006,2025-10-01,2025-10-07,17.8,15.7,6,OP111,1,impossible_hours
EQX1161,Excavator,S005,2025-12-01,2025-12-13,6.6,0.0,12,OP125,0,none
EQX1164,Excavator,S002,2024-03-21,2024-06-10,7.8,4.2,81,OP105,1,extended_rental
EQX1219,Loader,S001,2025-03-21,2025-04-01,8.6,5.9,11,OP110,0,none
EQX1180,Compactor,S004,2025-04-14,2025-04-20,7.8,2.2,6,OP125,0,none
EQX1110,Loader,S009,2025-04-07,2025-04-17,3.4,1.4,10,OP107,0,none
EQX1197,Grader,S010,2025-11-08,2025-11-16,1.1,4.2,8,OP117,0,none
EQX1095,Bulldozer,S004,2024-09-16,2024-10-26,6.6,7.3,40,OP132,0,none
EQX1191,Loader,S002,2024-11-19,2024-12-02,4.0,1.2,13,OP114,0,none
EQX1094,Bulldozer,S008,2025-07-29,2025-08-19,4.2,2.8,21,OP105,0,none
EQX1141,Crane,S008,2025-11-02,2025-11-09,4.5,3.9,7,OP117,0,none
EQX1083,Compactor,S008,2025-01-11,2025-01-15,0.6,6.7,4,OP105,0,none
EQX1153,Excavator,S009,2024-10-20,2024-11-06,4.7,4.0,17,OP115,0,none
EQX1147,Bulldozer,S008,2024-05-29,2024-06-27,6.8,4.0,29,OP107,0,none
EQX1014,Compactor,S008,2024-11-05,2024-11-14,8.6,5.8,9,OP133,0,none
EQX1215,Compactor,S007,2024-01-21,2024-03-22,7.7,7.8,61,OP113,1,extended_rental
EQX1162,Loader,S002,2025-05-13,2025-05-25,6.1,3.1,12,OP134,0,none
EQX1203,Crane,S009,2025-10-11,2025-10-19,6.2,3.6,8,OP109,0,none
EQX1046,Compactor,S012,2024-03-08,2024-03-13,4.0,4.8,5,OP104,0,none
EQX1133,Grader,S010,2025-07-13,2025-07-24,5.5,4.5,11,OP106,0,none
EQX1125,Excavator,S001,2024-04-14,2024-05-07,4.9,3.6,23,OP130,0,none
EQX1119,Crane,S005,2024-11-25,2024-11-29,2.4,6.2,4,OP106,0,none
EQX1087,Compactor,S006,2024-02-17,2024-02-27,3.0,0.0,10,OP132,0,none
EQX1192,Bulldozer,S003,2025-07-08,2025-07-25,9.2,6.4,17,OP106,0,none
EQX1115,Excavator,S006,2025-11-04,2025-11-13,4.2,1.8,9,OP137,0,none
EQX1177,Crane,S004,2024-11-12,2024-11-16,4.6,4.9,4,OP124,0,none
EQX1168,Compactor,S003,2025-02-02,2025-02-12,2.8,2.0,10,OP103,0,none
EQX1145,Crane,S005,2025-01-08,2025-01-14,8.9,3.9,6,OP105,0,none
EQX1130,Grader,S007,2025-05-13,2025-05-22,4.1,3.8,9,OP111,0,none
EQX1219,Loader,S001,2024-09-06,2024-09-22,8.5,1.4,16,OP118,0,none
EQX1165,Grader,S007,2024-11-13,2024-11-26,7.1,2.8,13,OP120,0,none
EQX1167,Compactor,S007,2024-11-29,2024-12-12,7.5,5.5,13,OP139,0,none
EQX1112,Excavator,S002,2025-08-17,2025-09-02,6.8,3.4,16,OP132,0,none
EQX1002,Crane,S004,2025-10-02,2025-10-09,9.3,6.2,7,OP111,0,none
EQX1175,Excavator,S011,2025-08-12,2025-08-22,5.6,4.4,10,OP107,0,none
EQX1034,Bulldozer,S002,2024-03-25,2024-04-15,9.8,1.6,21,OP123,0,none
EQX1132,Loader,S004,2024-07-21,2024-08-07,6.2,3.6,17,OP112,0,none
EQX1055,Compactor,S009,2025-08-29,2025-09-03,6.6,6.5,5,OP137,0,none
EQX1005,Excavator,S012,2024-09-13,2024-10-04,5.3,4.7,21,OP134,0,none
EQX1031,Compactor,S004,2025-10-26,2025-11-02,6.3,4.7,7,OP109,0,none
EQX1020,Grader,S006,2024-01-28,2024-02-05,3.6,4.4,8,OP113,0,none
EQX1151,Compactor,S008,2025-02-10,2025-02-20,4.4,7.0,10,OP121,0,none
EQX1083,Compactor,S008,2024-05-06,2024-05-14,6.5,5.7,8,OP106,0,none
EQX1019,Compactor,S006,2024-11-21,2024-11-26,6.5,6.0,5,OP130,0,none
EQX1091,Excavator,S008,2024-04-28,2024-07-23,6.2,1.9,86,OP135,1,extended_rental
EQX1200,Bulldozer,S001,2024-02-26,2024-03-14,8.9,1.1,17,OP103,0,none
EQX1127,Bulldozer,S011,2024-09-03,2024-09-24,9.2,2.9,21,OP105,0,none
EQX1212,Grader,S006,2024-01-09,2024-01-20,8.3,5.6,11,OP103,0,none
EQX1018,Excavator,S008,2024-02-13,2024-02-28,4.9,3.2,15,OP124,0,none
EQX1176,Excavator,S002,2025-11-29,2025-12-12,5.5,2.0,13,OP113,0,none
EQX1100,Loader,S012,2025-02-26,2025-03-12,5.5,1.5,14,OP105,0,none
EQX1188,Excavator,S005,2024-08-18,2024-09-01,5.8,7.5,14,OP117,0,none
EQX1002,Crane,S007,2024-12-18,2024-12-25,4.9,0.2,7,OP121,0,none
EQX1109,Excavator,S003,2025-02-28,2025-03-15,2.2,4.0,15,OP121,0,none
EQX1037,Excavator,S006,2024-01-04,2024-01-14,5.5,3.1,10,OP121,0,none
EQX1130,Grader,S006,2025-11-11,2025-11-22,8.4,1.7,11,OP109,0,none
EQX1219,Loader,S004,2024-05-18,2024-06-06,9.5,4.1,19,OP129,0,none
EQX1135,Grader,S006,2024-10-03,2024-10-11,4.7,7.1,8,OP107,0,none
EQX1214,Compactor,S006,2024-12-05,2024-12-10,8.7,0.0,5,OP134,0,none
EQX1039,Bulldozer,S005,2024-05-27,2024-06-09,7.8,5.7,13,OP114,0,none
EQX1007,Compactor,S012,2024-10-11,2024-10-20,7.7,0.0,9,OP103,0,none
EQX1216,Compactor,S002,2024-05-23,2024-05-27,4.4,1.7,4,OP107,0,none
EQX1148,Crane,,2024-06-20,2024-06-25,6.2,5.4,5,OP131,1,unassigned_site
EQX1180,Compactor,S005,2025-09-04,2025-09-11,5.0,3.3,7,OP121,0,none
EQX1162,Loader,S012,2024-12-25,2024-12-31,5.8,4.6,6,OP119,0,none
EQX1101,Loader,S003,2025-04-03,2025-04-10,10.8,3.9,7,OP113,0,none
EQX1142,Crane,S004,2025-12-13,2025-12-18,5.2,2.7,5,OP104,0,none
EQX1154,Grader,S003,2025-04-26,2025-05-06,8.2,0.0,10,OP138,0,none
EQX1154,Grader,S007,2025-04-16,2025-04-21,4.2,0.2,5,OP122,0,none
EQX1062,Crane,S001,2025-09-30,2025-10-11,5.7,1.7,11,OP127,0,none
EQX1066,Grader,S010,2025-11-09,2025-11-17,10.6,6.3,8,OP120,0,none
EQX1109,Excavator,S011,2024-11-03,2024-11-14,8.0,3.0,11,OP126,0,none
EQX1156,Grader,S012,2025-03-14,2025-03-28,15.6,15.8,14,OP112,1,impossible_hours
EQX1009,Excavator,S006,2024-11-11,2024-11-24,8.3,1.7,13,OP114,0,none
EQX1084,Excavator,S006,2025-12-04,2025-12-25,9.6,4.3,21,OP117,0,none
EQX1215,Compactor,S010,2025-11-15,2025-11-20,4.8,6.7,5,OP110,0,none
EQX1010,Crane,S010,2025-10-25,2025-10-30,3.8,5.9,5,OP105,0,none
EQX1183,Crane,S001,2025-09-17,2025-09-21,6.2,4.2,4,OP125,0,none
EQX1210,Crane,S009,2024-10-13,2024-10-24,6.7,5.0,11,,1,no_operator
EQX1021,Compactor,S010,2025-06-25,2025-07-04,6.8,5.5,9,OP137,0,none
EQX1057,Crane,S002,2024-10-28,2024-11-02,3.8,0.0,5,OP135,0,none
EQX1091,Excavator,S011,2024-03-02,2024-03-12,7.2,4.9,10,OP121,0,none
EQX1053,Compactor,S002,2025-07-16,2025-07-20,8.7,3.9,4,OP118,0,none
EQX1078,Grader,S010,2025-10-10,2025-10-20,6.4,0.9,10,OP128,0,none
EQX1136,Excavator,S002,2024-03-19,2024-03-28,2.3,7.1,9,OP132,0,none
EQX1089,Excavator,S011,2024-11-07,2024-11-18,2.7,2.7,11,OP133,0,none
EQX1065,Grader,S007,2025-08-15,2025-08-26,2.2,5.1,11,OP115,0,none
EQX1102,Grader,S010,2025-08-03,2025-08-16,6.0,1.9,13,OP113,0,none
EQX1043,Compactor,S004,2024-05-28,2024-06-06,6.7,1.9,9,OP114,0,none
EQX1132,Loader,S002,2025-07-06,2025-07-19,6.6,3.8,13,OP133,0,none
EQX1105,Compactor,S002,2024-05-24,2024-06-03,8.7,1.9,10,OP104,0,none
EQX1205,Excavator,S005,2024-10-18,2024-11-10,3.2,1.4,23,OP116,0,none
EQX1082,Crane,S003,2024-07-29,2024-08-06,4.2,1.5,8,OP137,0,none
EQX1208,Grader,S010,2024-03-24,2024-04-02,4.2,2.6,9,OP125,0,none
EQX1130,Grader,S007,2025-10-24,2025-10-27,4.3,3.2,3,OP122,0,none
EQX1053,Compactor,S010,2024-03-07,2024-03-12,1.8,5.9,5,OP125,0,none
EQX1042,Compactor,S007,2025-11-19,2025-11-30,4.5,5.9,11,OP138,0,none
EQX1108,Bulldozer,S011,2024-12-24,2025-01-22,8.5,3.4,29,OP110,0,none
EQX1038,Crane,S012,2025-11-10,2025-11-17,7.6,5.1,7,OP138,0,none
EQX1192,Bulldozer,S006,2024-05-03,2024-05-28,5.4,0.4,25,OP109,0,none
EQX1199,Excavator,S002,2025-12-08,2025-12-21,9.4,2.2,13,OP113,0,none
EQX1054,Grader,S007,2025-12-21,2025-12-31,1.9,0.2,10,OP116,0,none
EQX1074,Bulldozer,S003,2025-09-27,2025-10-03,3.1,6.0,6,OP128,0,none
EQX1031,Compactor,S012,2025-06-04,2025-06-11,8.1,2.2,7,OP107,0,none
EQX1062,Crane,S001,2024-02-07,2024-02-12,8.0,3.6,5,OP121,0,none
EQX1023,Loader,S012,2024-11-06,2024-11-17,16.7,12.4,11,OP133,1,impossible_hours
EQX1117,Compactor,S004,2024-07-01,2024-07-13,9.2,3.4,12,OP125,0,none
EQX1199,Excavator,S002,2025-02-18,2025-03-12,7.9,6.4,22,OP110,0,none
EQX1167,Compactor,S002,2025-10-30,2025-11-12,2.5,6.2,13,OP104,0,none
EQX1112,Excavator,S011,2024-10-26,2024-10-31,5.1,8.1,5,OP119,0,none
EQX1090,Crane,S004,2024-02-22,2024-03-01,5.1,1.8,8,OP109,0,none
EQX1196,Excavator,S012,2025-06-24,2025-07-11,4.1,0.0,17,OP129,0,none
EQX1037,Excavator,S012,2024-12-24,2025-01-09,4.6,2.1,16,OP103,0,none
EQX1204,Excavator,S009,2025-10-21,2025-12-22,5.6,0.3,62,OP119,1,extended_rental
EQX1080,Compactor,S001,2025-10-31,2025-11-11,7.7,7.6,11,OP136,0,none
EQX1138,Crane,S002,2025-12-25,2025-12-30,13.3,0.0,5,OP117,0,none
EQX1197,Grader,S006,2025-08-28,2025-09-10,6.4,3.5,13,OP102,0,none
EQX1070,Crane,S001,2024-04-30,2024-05-02,2.1,1.8,2,OP102,0,none
EQX1010,Crane,S012,2025-01-03,2025-01-07,7.4,2.5,4,OP107,0,none
EQX1168,Compactor,S007,2025-12-08,2025-12-14,5.0,3.6,6,OP102,0,none
EQX1143,Loader,S005,2024-09-01,2024-09-11,7.1,3.6,10,OP124,0,none
EQX1125,Excavator,S001,2025-07-10,2025-07-24,7.4,1.2,14,OP107,0,none
EQX1195,Excavator,S003,2024-04-06,2024-04-22,7.4,0.9,16,OP130,0,none
EQX1206,Bulldozer,S011,2025-10-25,2025-11-26,8.6,3.1,32,OP109,0,none
EQX1036,Excavator,S001,2024-01-16,2024-01-25,3.6,0.0,9,OP139,0,none
EQX1098,Excavator,S005,2025-05-22,2025-06-04,8.0,6.1,13,OP139,0,none
EQX1070,Crane,S009,2025-05-10,2025-05-19,6.1,6.4,9,OP127,0,none
EQX1192,Bulldozer,S010,2024-09-05,2024-09-21,8.6,3.8,16,OP117,0,none
EQX1106,Compactor,S004,2024-05-10,2024-05-19,4.4,6.7,9,OP107,0,none
EQX1071,Excavator,S005,2024-01-24,2024-02-07,8.2,3.4,14,OP106,0,none
EQX1045,Compactor,S010,2025-05-31,2025-06-06,4.8,4.2,6,OP130,0,none
EQX1064,Compactor,S006,2024-03-03,2024-03-11,5.7,0.0,8,OP133,0,none
EQX1182,Loader,S011,2024-04-21,2024-04-22,10.8,1.2,1,OP108,0,none
EQX1175,Excavator,S002,2025-02-16,2025-03-03,5.6,0.0,15,OP110,0,none
EQX1056,Compactor,S006,2024-07-30,2024-08-07,4.1,0.1,8,OP101,0,none
EQX1135,Grader,S010,2025-10-08,2025-10-17,6.6,5.4,9,OP104,0,none
EQX1035,Crane,S012,2025-02-08,2025-02-14,3.9,0.7,6,OP104,0,none
EQX1029,Excavator,S011,2025-07-29,2025-08-11,5.6,6.4,13,OP129,0,none
EQX1219,Loader,S008,2024-12-11,2024-12-27,12.8,0.0,16,OP132,0,none
EQX1040,Grader,S010,2024-11-10,2024-11-23,4.5,1.7,13,OP103,0,none
EQX1178,Loader,S002,2025-06-05,2025-06-15,3.9,5.7,10,OP105,0,none
EQX1045,Compactor,S006,2025-03-03,2025-03-10,10.6,1.0,7,OP124,0,none
EQX1020,Grader,S010,2025-03-07,2025-03-15,1.3,20.4,8,OP125,1,excessive_idle
EQX1140,Excavator,S006,2025-08-02,2025-08-14,4.9,4.6,12,OP110,0,none
EQX1052,Excavator,S003,2024-12-13,2025-01-01,9.2,8.5,19,OP105,0,none
EQX1045,Compactor,S004,2025-09-27,2025-10-05,6.0,2.0,8,OP124,0,none
EQX1062,Crane,S010,2024-10-15,2024-10-25,4.2,6.1,10,OP106,0,none
EQX1120,Grader,S010,2025-09-17,2025-09-22,7.4,0.0,5,OP129,0,none
EQX1140,Excavator,S003,2025-05-01,2025-05-13,3.8,1.9,12,OP135,0,none
EQX1215,Compactor,S001,2025-06-23,2025-06-28,4.9,0.0,5,OP134,0,none
EQX1067,Grader,S007,2024-03-24,2024-04-02,5.0,2.0,9,OP121,0,none
EQX1151,Compactor,S007,2025-12-02,2025-12-09,5.4,4.9,7,OP134,0,none
EQX1098,Excavator,S001,2024-06-17,2024-06-22,4.7,5.1,5,OP125,0,none
EQX1103,Bulldozer,S003,2025-08-16,2025-09-06,7.0,2.4,21,OP134,0,none
EQX1203,Crane,S004,2024-03-11,2024-03-21,3.9,5.7,10,OP112,0,none
EQX1119,Crane,S001,2025-03-27,2025-04-01,10.7,2.0,5,OP131,0,none
EQX1150,Excavator,S012,2024-09-14,2024-09-29,15.3,17.7,15,OP112,1,impossible_hours
EQX1213,Excavator,S007,2024-02-24,2024-03-07,5.1,6.6,12,OP128,0,none
EQX1124,Crane,S002,2024-10-02,2024-10-08,8.4,2.9,6,OP116,0,none
EQX1133,Grader,S006,2024-08-29,2024-08-30,6.1,3.2,1,OP120,0,none
EQX1170,Loader,S002,2024-03-03,2024-03-13,9.2,6.7,10,OP123,0,none
EQX1044,Bulldozer,S005,2024-05-15,2024-06-09,7.2,6.8,25,OP116,0,none
EQX1220,Bulldozer,S003,2024-10-26,2024-11-17,3.9,2.8,22,OP123,0,none
EQX1037,Excavator,S003,2024-11-08,2024-11-15,4.6,1.1,7,OP117,0,none
EQX1159,Compactor,S002,2025-01-12,2025-01-17,6.9,4.2,5,OP122,0,none
EQX1071,Excavator,S004,2024-04-30,2024-05-13,5.1,6.9,13,OP125,0,none
EQX1110,Loader,S007,2025-10-07,2025-10-13,4.6,2.9,6,OP112,0,none
EQX1086,Excavator,S011,2025-10-26,2025-11-10,7.9,6.4,15,OP126,0,none
EQX1095,Bulldozer,S011,2025-08-20,2025-09-04,1.0,3.4,15,OP115,0,none
EQX1172,Crane,S001,2025-10-20,2025-10-25,7.9,1.4,5,OP114,0,none
EQX1064,Compactor,S010,2025-09-26,2025-10-04,2.9,1.9,8,OP135,0,none
EQX1136,Excavator,S009,2025-08-13,2025-08-21,5.7,4.5,8,OP113,0,none
EQX1197,Grader,S005,2024-02-14,2024-02-26,4.5,4.6,12,OP132,0,none
EQX1023,Loader,S002,2024-05-11,2024-05-18,3.3,4.1,7,OP138,0,none
EQX1035,Crane,S001,2024-03-23,2024-03-31,7.4,2.8,8,OP133,0,none
EQX1042,Compactor,S010,2024-12-24,2025-01-02,6.0,0.5,9,OP107,0,none
EQX1194,Compactor,S006,2024-03-10,2024-03-15,7.1,7.1,5,OP111,0,none
EQX1024,Loader,S011,2024-11-01,2024-11-17,1.8,4.9,16,OP120,0,none
EQX1155,Excavator,S001,2024-02-27,2024-03-07,8.6,4.8,9,OP133,0,none
EQX1106,Compactor,S009,2025-11-24,2025-12-02,6.7,2.4,8,OP114,0,none
EQX1109,Excavator,S001,2025-05-20,2025-06-01,4.6,4.2,12,OP117,0,none
EQX1219,Loader,S005,2025-08-14,2025-08-24,2.9,5.3,10,OP106,0,none
EQX1168,Compactor,S002,2025-09-18,2025-09-27,6.0,2.5,9,OP119,0,none
EQX1115,Excavator,S005,2024-10-05,2024-10-15,3.2,1.0,10,OP124,0,none
EQX1145,Crane,S011,2024-04-03,2024-04-10,5.6,3.1,7,OP130,0,none
EQX1085,Excavator,S011,2025-09-01,2025-09-16,6.3,3.2,15,OP131,0,none
EQX1070,Crane,S009,2025-05-23,2025-05-26,7.2,5.6,3,OP121,0,none
EQX1153,Excavator,S011,2024-09-12,2024-09-26,4.8,0.2,14,OP104,0,none
EQX1162,Loader,S003,2025-12-17,2025-12-24,11.5,3.3,7,OP107,0,none
EQX1017,Grader,S006,2025-11-08,2025-11-19,5.5,3.9,11,OP126,0,none
EQX1122,Grader,S012,2024-07-08,2024-07-15,8.2,2.5,7,OP129,0,none
EQX1006,Loader,S001,2025-06-14,2025-06-20,5.0,8.3,6,OP107,0,none
EQX1007,Compactor,S001,2024-05-31,2024-06-10,7.1,3.9,10,OP122,0,none
EQX1050,Excavator,S011,2024-07-13,2024-07-22,4.5,6.4,9,OP121,0,none
EQX1014,Compactor,S006,2025-12-10,2025-12-13,4.2,0.9,3,OP111,0,none
EQX1025,Compactor,S010,2024-08-28,2024-09-05,2.2,3.4,8,OP129,0,none
EQX1188,Excavator,S003,2025-04-29,2025-05-09,8.2,2.2,10,OP102,0,none
EQX1082,Crane,S012,2025-02-28,2025-03-01,4.2,4.2,1,OP123,0,none
EQX1183,Crane,S002,2025-06-10,2025-06-17,7.4,0.0,7,OP111,0,none
EQX1061,Grader,S010,2025-03-16,2025-03-29,4.8,3.4,13,OP115,0,none
EQX1170,Loader,S012,2024-11-10,2024-11-28,7.0,3.7,18,OP126,0,none
EQX1180,Compactor,S007,2025-05-03,2025-05-12,8.2,8.5,9,OP138,0,none
EQX1095,Bulldozer,S005,2025-02-19,2025-03-13,6.4,0.0,22,OP104,0,none
EQX1195,Excavator,S004,2024-12-14,2024-12-24,15.1,12.4,10,OP121,1,impossible_hours
EQX1053,Compactor,S012,2024-09-10,2024-09-17,4.8,0.9,7,OP120,0,none
EQX1029,Excavator,S004,2025-10-28,2025-11-10,10.5,5.2,13,OP136,0,none
EQX1082,Crane,S012,2025-01-18,2025-01-26,3.1,7.8,8,OP129,0,none
EQX1198,Loader,S005,2024-06-05,2024-06-15,9.1,3.6,10,OP110,0,none
EQX1139,Compactor,S001,2024-01-16,2024-01-24,5.3,8.2,8,OP107,0,none
EQX1078,Grader,S007,2025-06-07,2025-06-19,5.0,5.2,12,OP103,0,none
EQX1124,Crane,S003,2025-10-04,2025-10-14,6.6,6.0,10,OP115,0,none
EQX1114,Grader,,2024-02-12,2024-02-16,6.6,2.5,4,OP105,1,unassigned_site
EQX1128,Excavator,S007,2025-04-14,2025-04-27,10.2,0.2,13,OP105,0,none
EQX1145,Crane,S004,2024-10-07,2024-10-12,6.8,2.6,5,OP135,0,none
EQX1214,Compactor,S004,2024-03-21,2024-04-01,4.2,3.0,11,OP138,0,none
EQX1205,Excavator,S004,2024-12-28,2025-01-12,7.6,7.3,15,OP112,0,none
EQX1148,Crane,S002,2024-02-11,2024-02-15,7.2,7.2,4,OP109,0,none
EQX1006,Loader,S011,2025-06-21,2025-06-30,6.7,3.6,9,OP103,0,none
EQX1100,Loader,S009,2024-11-14,2024-11-26,5.0,1.5,12,OP102,0,none
EQX1048,Bulldozer,S007,2025-08-13,2025-08-28,4.5,5.8,15,OP109,0,none
EQX1216,Compactor,S003,2025-03-10,2025-03-20,6.1,3.3,10,OP105,0,none
EQX1202,Loader,S012,2025-03-19,2025-03-23,5.5,4.6,4,OP131,0,none
EQX1186,Grader,S006,2025-10-19,2025-11-03,4.7,3.3,15,OP114,0,none
EQX1116,Loader,S003,2024-10-13,2024-10-15,9.1,6.9,2,OP127,0,none
EQX1015,Crane,S004,2024-03-05,2024-03-13,6.6,7.2,8,OP126,0,none
EQX1072,Crane,S010,2024-05-19,2024-05-27,4.3,0.0,8,OP135,0,none
EQX1188,Excavator,S010,2024-05-05,2024-05-24,5.5,1.4,19,OP139,0,none
EQX1054,Grader,S002,2025-10-17,2025-10-28,7.4,1.3,11,OP127,0,none
EQX1070,Crane,S002,2024-05-26,2024-05-31,5.2,0.0,5,OP108,0,none
EQX1217,Excavator,S005,2024-04-07,2024-04-21,3.3,4.9,14,OP122,0,none
EQX1145,Crane,S004,2024-02-24,2024-04-18,5.0,3.1,54,OP131,1,extended_rental
EQX1199,Excavator,S003,2024-02-20,2024-03-16,7.3,7.6,25,OP104,0,none
EQX1015,Crane,S012,2025-10-13,2025-10-22,8.3,4.9,9,OP136,0,none
EQX1025,Compactor,S010,2024-10-23,2024-10-25,3.3,0.6,2,OP118,0,none
EQX1125,Excavator,S005,2025-06-10,2025-06-28,3.4,3.9,18,OP111,0,none
EQX1095,Bulldozer,S007,2024-12-09,2025-01-01,4.8,2.5,23,OP101,0,none
EQX1081,Grader,S010,2024-07-19,2024-07-27,9.0,6.9,8,OP103,0,none
EQX1169,Bulldozer,S002,2024-04-11,2024-04-29,7.0,4.2,18,OP122,0,none
EQX1163,Bulldozer,S003,2024-09-07,2024-09-16,1.1,1.5,9,OP128,0,none
EQX1028,Excavator,S007,2025-03-26,2025-04-06,9.2,3.4,11,OP113,0,none
EQX1016,Bulldozer,S006,2024-09-19,2024-10-17,6.7,4.6,28,OP134,0,none
EQX1038,Crane,S007,2025-09-27,2025-10-02,6.1,2.4,5,OP107,0,none
EQX1143,Loader,S011,2025-03-24,2025-04-11,4.5,9.5,18,OP134,0,none
EQX1152,Loader,S012,2025-03-10,2025-03-24,17.8,15.3,14,OP114,1,impossible_hours
EQX1089,Excavator,S008,2024-07-09,2024-07-23,7.0,2.9,14,OP108,0,none
EQX1090,Crane,S012,2025-03-12,2025-05-20,6.1,5.1,69,OP131,1,extended_rental
EQX1037,Excavator,S008,2025-02-23,2025-03-07,10.1,4.5,12,OP124,0,none
EQX1122,Grader,S006,2025-06-10,2025-06-22,3.7,5.3,12,OP114,0,none
EQX1121,Grader,S006,2024-03-25,2024-04-04,6.4,7.0,10,OP109,0,none
EQX1065,Grader,S003,2025-03-31,2025-04-07,5.6,0.2,7,OP132,0,none
EQX1167,Compactor,S011,2025-05-02,2025-05-10,4.1,3.5,8,OP126,0,none
EQX1016,Bulldozer,S001,2025-03-11,2025-03-27,6.6,2.9,16,OP112,0,none
EQX1104,Loader,S012,2025-11-20,2025-11-29,8.0,6.8,9,OP109,0,none
EQX1143,Loader,S003,2025-08-07,2025-08-19,3.2,6.6,12,OP109,0,none
EQX1099,Excavator,S001,2024-04-30,2024-05-11,5.8,3.9,11,OP111,0,none
EQX1062,Crane,S010,2025-02-01,2025-02-09,3.9,7.0,8,OP103,0,none
EQX1016,Bulldozer,S011,2024-02-02,2024-02-15,9.6,6.6,13,OP127,0,none
EQX1063,Grader,S007,2025-12-14,2025-12-29,6.0,4.8,15,OP121,0,none
EQX1031,Compactor,S005,2025-05-10,2025-05-17,10.4,6.6,7,OP106,0,none
EQX1213,Excavator,S001,2024-05-07,2024-05-14,5.7,2.9,7,OP139,0,none
EQX1148,Crane,S006,2025-01-08,2025-01-13,7.8,2.7,5,OP134,0,none
EQX1185,Compactor,S006,2024-07-25,2024-08-03,6.3,3.4,9,OP127,0,none
EQX1177,Crane,S001,2024-04-26,2024-05-02,0.0,7.4,6,OP112,0,none
EQX1140,Excavator,S005,2024-12-18,2025-01-01,8.6,3.7,14,OP134,0,none
EQX1190,Bulldozer,S004,2024-05-21,2024-06-05,6.7,4.8,15,OP114,0,none
EQX1179,Loader,S001,2025-02-14,2025-02-26,6.2,0.0,12,OP104,0,none
EQX1182,Loader,S008,2024-04-06,2024-04-18,6.9,4.9,12,OP131,0,none
EQX1015,Crane,S010,2024-05-06,2024-05-10,4.2,2.0,4,OP138,0,none
EQX1019,Compactor,S007,2025-01-19,2025-01-27,8.4,1.8,8,OP114,0,none
EQX1015,Crane,S002,2024-07-20,2024-07-29,6.0,1.9,9,OP125,0,none
EQX1118,Compactor,S007,2025-07-08,2025-07-14,5.1,4.3,6,OP134,0,none
EQX1212,Grader,S006,2025-01-13,2025-01-22,3.1,7.3,9,OP113,0,none
EQX1006,Loader,S003,2024-07-17,2024-07-28,6.7,1.8,11,,1,no_operator
EQX1097,Bulldozer,S007,2025-03-17,2025-04-01,5.2,8.1,15,OP119,0,none
EQX1003,Loader,S009,2025-01-28,2025-02-13,5.6,0.0,16,OP103,0,none
EQX1109,Excavator,S005,2024-02-19,2024-03-08,6.6,9.9,18,OP113,0,none
EQX1126,Crane,S003,2025-05-24,2025-05-30,6.4,9.8,6,OP128,0,none
EQX1120,Grader,S010,2024-08-24,2024-09-01,5.8,6.1,8,OP109,0,none
EQX1169,Bulldozer,S004,2024-05-03,2024-05-21,6.9,0.7,18,OP128,0,none
EQX1118,Compactor,S009,2025-10-29,2025-11-05,7.5,0.7,7,OP114,0,none
EQX1108,Bulldozer,S005,2024-07-21,2024-08-03,6.6,3.6,13,OP104,0,none
EQX1026,Excavator,S012,2025-11-07,2025-11-27,4.9,4.7,20,OP110,0,none
EQX1217,Excavator,S003,2025-04-21,2025-05-03,6.6,1.8,12,OP116,0,none
EQX1208,Grader,S006,2025-01-02,2025-01-10,6.4,4.9,8,OP112,0,none
EQX1054,Grader,S007,2025-12-08,2025-12-16,9.8,0.0,8,OP133,0,none
EQX1020,Grader,S010,2024-11-27,2024-12-09,9.4,0.0,12,OP119,0,none
EQX1105,Compactor,S009,2024-10-10,2024-10-21,6.7,8.1,11,OP116,0,none
EQX1083,Compactor,S010,2024-05-22,2024-06-03,8.3,7.9,12,OP125,0,none
EQX1079,Grader,S008,2025-11-26,2025-12-04,3.6,0.2,8,OP124,0,none
EQX1202,Loader,S005,2025-11-09,2025-11-25,4.1,0.0,16,OP137,0,none
EQX1021,Compactor,S007,2024-04-12,2024-04-19,4.9,5.0,7,OP137,0,none
EQX1034,Bulldozer,S005,2024-11-23,2024-12-17,4.4,2.8,24,OP105,0,none
EQX1152,Loader,S008,2025-07-13,2025-07-24,7.2,3.6,11,OP131,0,none
EQX1008,Compactor,S006,2025-12-05,2025-12-12,2.2,5.3,7,OP101,0,none
EQX1172,Crane,S012,2024-12-31,2025-01-07,6.0,2.9,7,OP112,0,none
EQX1116,Loader,S005,2025-03-05,2025-03-13,6.5,9.4,8,OP136,0,none
EQX1198,Loader,S002,2024-09-04,2024-09-18,2.3,3.3,14,OP105,0,none
EQX1119,Crane,S012,2025-11-13,2025-11-22,3.1,2.2,9,OP110,0,none
EQX1180,Compactor,S007,2025-09-28,2025-10-06,4.4,4.0,8,OP131,0,none
EQX1203,Crane,S001,2024-11-22,2024-11-26,4.5,3.0,4,OP120,0,none
EQX1150,Excavator,S012,2024-06-30,2024-07-02,0.2,19.5,2,OP138,1,excessive_idle
EQX1174,Loader,S005,2025-11-28,2025-12-12,6.9,4.0,14,OP113,0,none
EQX1219,Loader,S002,2025-12-15,2025-12-24,1.7,4.2,9,OP124,0,none
EQX1093,Crane,S004,2025-03-11,2025-03-21,5.8,1.1,10,OP115,0,none
EQX1060,Excavator,S004,2025-04-17,2025-04-28,1.8,0.6,11,OP125,0,none
EQX1211,Grader,S006,2024-10-06,2024-10-15,2.1,0.0,9,OP136,0,none
EQX1216,Compactor,S006,2024-02-20,2024-02-28,9.2,0.3,8,OP126,0,none
EQX1023,Loader,S008,2025-03-07,2025-03-19,3.7,2.7,12,OP127,0,none
EQX1177,Crane,S003,2024-02-24,2024-02-28,6.1,3.2,4,OP104,0,none
EQX1123,Excavator,S009,2025-07-28,2025-08-11,5.9,4.1,14,OP130,0,none
EQX1103,Bulldozer,S009,2024-04-02,2024-04-27,5.2,3.4,25,OP110,0,none
EQX1207,Excavator,S005,2024-07-28,2024-08-12,7.9,0.0,15,OP114,0,none
EQX1038,Crane,S011,2024-05-01,2024-05-07,3.6,5.2,6,OP128,0,none
EQX1206,Bulldozer,S008,2025-10-02,2025-10-19,7.1,3.1,17,OP105,0,none
EQX1183,Crane,S012,2025-03-30,2025-04-06,5.9,2.8,7,OP125,0,none
EQX1080,Compactor,S006,2025-05-09,2025-05-12,6.1,1.6,3,OP120,0,none
EQX1135,Grader,S007,2024-01-30,2024-02-11,7.4,2.1,12,OP124,0,none
EQX1001,Compactor,,2025-04-03,2025-04-11,8.3,2.5,8,OP102,1,unassigned_site
EQX1218,Excavator,S009,2025-04-26,2025-05-11,4.7,2.7,15,OP135,0,none
EQX1126,Crane,S007,2024-04-27,2024-05-01,4.3,3.4,4,OP135,0,none
EQX1065,Grader,S010,2025-10-21,2025-10-30,7.9,4.5,9,OP106,0,none
EQX1192,Bulldozer,S008,2024-08-02,2024-08-09,6.4,4.3,7,OP131,0,none
EQX1092,Grader,S003,2025-07-27,2025-08-07,9.7,5.4,11,OP133,0,none
EQX1216,Compactor,,2025-05-22,2025-05-30,9.0,0.0,8,OP105,1,unassigned_site
EQX1018,Excavator,S004,2024-06-18,2024-07-03,5.8,3.1,15,OP117,0,none
EQX1097,Bulldozer,S008,2025-06-08,2025-06-19,8.8,3.5,11,OP116,0,none
EQX1066,Grader,S005,2024-10-01,2024-10-15,6.5,8.4,14,OP125,0,none
EQX1091,Excavator,S008,2024-02-18,2024-02-29,10.4,2.3,11,OP128,0,none
EQX1216,Compactor,S010,2024-08-22,2024-08-29,7.8,4.8,7,OP131,0,none
EQX1058,Grader,S010,2024-01-29,2024-02-15,6.3,2.9,17,OP128,0,none
EQX1096,Grader,S008,2025-03-31,2025-04-17,7.7,0.2,17,OP131,0,none
EQX1006,Loader,S009,2024-11-28,2024-12-08,6.0,0.0,10,OP136,0,none
EQX1141,Crane,S004,2025-04-13,2025-04-21,6.4,3.5,8,OP115,0,none
EQX1157,Bulldozer,S007,2024-01-15,2024-02-04,7.8,5.0,20,OP124,0,none
EQX1036,Excavator,S012,2025-05-20,2025-05-26,2.0,3.4,6,OP113,0,none
EQX1018,Excavator,S003,2024-09-07,2024-09-12,8.4,4.1,5,OP126,0,none
EQX1189,Compactor,S009,2024-01-22,2024-01-30,9.9,0.2,8,OP122,0,none
EQX1113,Bulldozer,S004,2025-03-12,2025-03-23,6.4,0.2,11,OP104,0,none
EQX1106,Compactor,S009,2025-10-12,2025-10-22,6.4,1.2,10,OP105,0,none
EQX1125,Excavator,S002,2024-12-21,2024-12-25,6.2,2.8,4,OP119,0,none
EQX1004,Grader,S004,2025-01-15,2025-01-18,1.6,0.5,3,OP108,0,none
EQX1170,Loader,S011,2025-09-22,2025-09-29,5.0,4.4,7,OP115,0,none
EQX1159,Compactor,S009,2024-11-22,2024-12-03,9.1,6.1,11,OP125,0,none
EQX1008,Compactor,S006,2024-06-05,2024-06-10,8.0,1.6,5,OP119,0,none
EQX1152,Loader,S011,2025-09-18,2025-09-28,1.8,2.0,10,OP115,0,none
EQX1190,Bulldozer,S005,2025-05-12,2025-05-22,8.4,2.0,10,OP136,0,none
EQX1073,Loader,S006,2025-03-23,2025-04-01,7.1,4.5,9,OP128,0,none
EQX1002,Crane,S001,2024-10-08,2024-10-13,5.6,6.9,5,OP121,0,none
EQX1139,Compactor,S011,2024-10-09,2024-10-18,9.5,4.1,9,OP108,0,none
EQX1087,Compactor,S005,2025-01-05,2025-01-14,6.2,0.0,9,OP125,0,none
EQX1179,Loader,S004,2024-03-18,2024-04-05,4.6,3.0,18,OP106,0,none
EQX1204,Excavator,S012,2025-09-18,2025-09-29,8.0,2.2,11,OP105,0,none
EQX1186,Grader,S002,2024-01-23,2024-02-05,10.5,5.8,13,OP120,0,none
EQX1197,Grader,S006,2024-12-24,2025-01-06,5.6,4.9,13,OP124,0,none
EQX1004,Grader,S001,2025-09-04,2025-09-14,3.6,3.4,10,OP120,0,none
EQX1093,Crane,S007,2024-12-22,2024-12-27,10.2,4.1,5,OP134,0,none
EQX1100,Loader,S012,2025-05-25,2025-06-07,6.9,4.1,13,OP108,0,none
EQX1027,Crane,,2025-08-02,2025-08-07,7.2,3.6,5,OP120,1,unassigned_site
EQX1146,Bulldozer,S010,2024-03-15,2024-04-07,6.0,7.1,23,OP128,0,none
EQX1081,Grader,S012,2025-11-27,2025-12-10,5.1,2.4,13,OP136,0,none
EQX1028,Excavator,S008,2024-03-21,2024-03-30,6.3,3.8,9,OP117,0,none
EQX1018,Excavator,S001,2024-03-03,2024-03-22,6.5,5.5,19,OP137,0,none
EQX1175,Excavator,S006,2025-05-27,2025-06-11,7.7,3.0,15,OP107,0,none
EQX1032,Loader,S011,2024-11-21,2024-12-05,1.0,20.2,14,OP117,1,excessive_idle
EQX1071,Excavator,S011,2025-04-17,2025-05-02,8.3,1.8,15,OP125,0,none
EQX1132,Loader,S008,2024-12-27,2025-01-05,5.2,6.1,9,OP111,0,none
EQX1062,Crane,S009,2025-12-01,2025-12-08,7.9,4.3,7,OP126,0,none
EQX1184,Bulldozer,S005,2024-05-16,2024-05-31,3.6,2.0,15,OP106,0,none
EQX1089,Excavator,S001,2025-12-10,2025-12-28,3.7,3.8,18,OP133,0,none
EQX1120,Grader,S012,2025-11-14,2025-11-24,7.0,6.9,10,OP124,0,none
EQX1184,Bulldozer,S009,2024-01-24,2024-02-07,7.4,0.9,14,OP105,0,none
EQX1021,Compactor,,2025-08-02,2025-08-03,6.6,6.9,1,OP127,1,unassigned_site
EQX1076,Bulldozer,S008,2025-02-16,2025-03-24,8.7,4.1,36,OP127,0,none
EQX1036,Excavator,S007,2025-04-15,2025-05-02,4.5,0.3,17,OP108,0,none
EQX1013,Grader,S007,2025-01-24,2025-02-06,7.7,0.2,13,OP122,0,none
EQX1046,Compactor,S006,2025-09-15,2025-09-25,7.5,5.7,10,OP115,0,none
EQX1169,Bulldozer,S009,2024-03-11,2024-04-06,6.9,6.8,26,OP101,0,none
EQX1057,Crane,S001,2024-06-10,2024-06-15,5.2,2.0,5,OP105,0,none
EQX1036,Excavator,S008,2025-06-01,2025-06-14,4.6,4.6,13,OP130,0,none
EQX1004,Grader,S006,2024-11-21,2024-11-27,9.8,0.9,6,OP109,0,none
EQX1161,Excavator,S012,2024-07-13,2024-07-29,8.9,6.6,16,OP116,0,none
EQX1010,Crane,S011,2025-10-03,2025-10-07,7.4,4.3,4,OP105,0,none
EQX1020,Grader,S010,2025-11-20,2025-12-01,8.3,7.2,11,OP123,0,none
EQX1004,Grader,S006,2025-11-29,2025-12-15,6.1,4.4,16,OP120,0,none
EQX1156,Grader,S010,2025-02-27,2025-03-10,8.0,1.2,11,OP135,0,none
EQX1104,Loader,S001,2025-05-25,2025-06-06,8.0,3.9,12,OP102,0,none
EQX1106,Compactor,S006,2025-07-12,2025-07-13,7.0,3.2,1,OP118,0,none
EQX1197,Grader,S004,2024-01-20,2024-01-28,4.3,0.0,8,OP129,0,none
EQX1171,Bulldozer,S005,2024-04-08,2024-04-20,6.2,2.2,12,OP125,0,none
EQX1028,Excavator,S011,2025-08-11,2025-08-15,5.2,0.0,4,OP118,0,none
EQX1192,Bulldozer,S010,2024-09-27,2024-10-10,6.2,6.3,13,OP131,0,none
EQX1079,Grader,S009,2024-05-18,2024-05-29,6.3,4.9,11,OP109,0,none
EQX1216,Compactor,S007,2025-03-03,2025-03-05,7.2,0.0,2,OP130,0,none
EQX1140,Excavator,S012,2025-02-14,2025-02-17,8.2,6.3,3,OP101,0,none
EQX1052,Excavator,S011,2024-10-09,2024-10-20,4.9,6.8,11,OP102,0,none
EQX1212,Grader,S007,2024-04-26,2024-05-14,6.5,3.7,18,OP139,0,none
EQX1031,Compactor,S009,2024-02-20,2024-02-28,7.8,5.4,8,OP124,0,none
EQX1051,Excavator,S007,2024-05-25,2024-06-05,5.5,0.0,11,OP136,0,none
EQX1087,Compactor,S006,2024-07-06,2024-07-13,2.5,2.6,7,OP131,0,none
EQX1020,Grader,S010,2025-06-15,2025-06-26,9.1,0.0,11,OP127,0,none
EQX1212,Grader,S011,2024-03-26,2024-04-05,7.1,4.2,10,OP118,0,none
EQX1017,Grader,S006,2025-11-30,2025-12-18,8.4,6.8,18,OP116,0,none
EQX1129,Excavator,S001,2025-10-25,2025-11-11,6.9,5.7,17,OP119,0,none
EQX1044,Bulldozer,S007,2024-10-17,2024-11-01,6.9,0.2,15,OP109,0,none
EQX1190,Bulldozer,S008,2025-03-02,2025-03-26,4.4,2.6,24,OP102,0,none
EQX1080,Compactor,S009,2024-10-27,2024-11-07,7.1,2.9,11,OP130,0,none
EQX1032,Loader,S012,2025-11-13,2025-11-28,4.1,5.9,15,OP101,0,none
EQX1160,Compactor,S006,2024-06-27,2024-07-03,6.7,5.7,6,OP104,0,none
EQX1161,Excavator,S001,2025-03-12,2025-03-31,3.4,3.4,19,OP103,0,none
EQX1159,Compactor,S006,2025-12-20,2025-12-28,7.0,0.0,8,OP105,0,none
EQX1081,Grader,S006,2025-10-05,2025-10-12,4.5,2.2,7,OP118,0,none
EQX1106,Compactor,S007,2024-11-16,2024-11-24,4.4,1.3,8,OP139,0,none
EQX1174,Loader,S004,2025-08-24,2025-08-28,3.9,6.4,4,OP131,0,none
EQX1114,Grader,S007,2024-05-01,2024-05-10,3.7,9.9,9,OP135,0,none
EQX1150,Excavator,S008,2025-06-25,2025-06-26,7.0,0.8,1,OP111,0,none
EQX1145,Crane,S004,2025-09-18,2025-09-27,9.7,3.5,9,OP138,0,none
EQX1071,Excavator,S001,2025-11-15,2025-12-04,4.8,2.2,19,OP118,0,none
EQX1020,Grader,S007,2024-08-17,2024-09-02,3.1,4.5,16,OP115,0,none
EQX1033,Bulldozer,S008,2024-05-14,2024-06-04,2.9,4.0,21,OP127,0,none
EQX1130,Grader,S006,2025-09-15,2025-09-24,5.8,1.8,9,OP104,0,none
EQX1040,Grader,S001,2025-01-23,2025-02-01,5.7,10.2,9,OP117,0,none
EQX1105,Compactor,S010,2025-10-03,2025-10-11,8.7,3.4,8,OP118,0,none
EQX1122,Grader,S005,2025-03-13,2025-03-22,7.4,3.2,9,OP135,0,none
EQX1135,Grader,S007,2024-07-19,2024-07-25,5.0,5.4,6,OP120,0,none
EQX1064,Compactor,S010,2024-12-25,2025-01-01,5.5,4.4,7,OP119,0,none
EQX1206,Bulldozer,S003,2025-08-27,2025-09-25,3.9,8.9,29,OP110,0,none
EQX1096,Grader,S010,2024-02-14,2024-02-24,9.1,9.5,10,OP121,0,none
EQX1020,Grader,S007,2025-10-29,2025-11-11,7.7,3.1,13,OP120,0,none
EQX1155,Excavator,S008,2024-03-23,2024-04-10,7.1,2.7,18,OP120,0,none
EQX1122,Grader,S007,2025-08-23,2025-08-28,7.1,5.1,5,OP130,0,none
EQX1074,Bulldozer,S010,2024-01-03,2024-01-22,7.8,5.6,19,OP130,0,none
EQX1017,Grader,S006,2024-06-07,2024-06-14,7.2,1.6,7,OP136,0,none
EQX1080,Compactor,S007,2025-03-20,2025-03-23,7.5,0.0,3,OP113,0,none
EQX1026,Excavator,S011,2024-12-28,2025-01-14,5.5,6.2,17,OP122,0,none
EQX1144,Grader,S001,2024-04-29,2024-05-11,6.5,4.7,12,OP108,0,none
EQX1043,Compactor,S001,2025-08-03,2025-08-11,5.8,2.8,8,OP134,0,none
EQX1052,Excavator,S005,2024-03-05,2024-03-25,8.7,0.0,20,OP107,0,none
EQX1135,Grader,S003,2025-11-05,2025-11-09,8.9,4.4,4,OP126,0,none
EQX1214,Compactor,S010,2025-02-18,2025-02-28,4.4,2.3,10,OP114,0,none
EQX1101,Loader,S004,2024-07-27,2024-08-11,8.5,5.1,15,OP130,0,none
EQX1134,Bulldozer,S007,2024-03-08,2024-03-20,4.9,0.2,12,OP135,0,none
EQX1139,Compactor,S010,2024-12-30,2024-12-31,4.9,3.8,1,OP110,0,none
EQX1120,Grader,S006,2025-08-04,2025-08-11,7.3,3.9,7,OP138,0,none
EQX1201,Compactor,S004,2025-04-01,2025-04-09,8.5,1.2,8,OP103,0,none
EQX1188,Excavator,S008,2024-10-26,2024-11-13,4.7,3.3,18,OP106,0,none
EQX1174,Loader,S008,2024-05-09,2024-05-28,6.4,7.0,19,OP129,0,none
EQX1114,Grader,S003,2024-01-22,2024-04-23,7.8,4.0,92,OP133,1,extended_rental
EQX1129,Excavator,S012,2025-04-20,2025-05-14,6.8,3.1,24,OP135,0,none
EQX1059,Excavator,S012,2025-06-02,2025-06-17,5.5,4.1,15,OP137,0,none
EQX1135,Grader,S007,2024-03-07,2024-03-17,10.1,0.0,10,OP126,0,none
EQX1145,Crane,S010,2025-10-29,2025-11-05,7.4,3.3,7,OP132,0,none
EQX1041,Crane,S008,2024-11-17,2024-11-23,4.7,4.2,6,OP105,0,none
EQX1066,Grader,S007,2024-11-05,2024-11-16,6.7,7.4,11,OP101,0,none
EQX1176,Excavator,S004,2024-06-23,2024-07-11,5.3,1.7,18,OP109,0,none
EQX1066,Grader,S006,2024-03-11,2024-03-26,3.2,7.5,15,OP132,0,none
EQX1110,Loader,S011,2025-01-16,2025-02-03,9.5,3.2,18,OP102,0,none
EQX1147,Bulldozer,S011,2025-10-31,2025-11-18,1.8,6.7,18,OP120,0,none
EQX1110,Loader,S002,2024-06-03,2024-06-17,7.6,4.7,14,OP139,0,none
EQX1023,Loader,S007,2024-01-24,2024-02-08,3.3,6.6,15,OP129,0,none
EQX1093,Crane,S009,2025-06-10,2025-06-19,8.8,1.9,9,OP101,0,none
EQX1136,Excavator,S003,2024-09-17,2024-09-25,4.8,0.6,8,OP124,0,none
EQX1036,Excavator,S008,2025-08-17,2025-09-01,6.5,6.1,15,OP129,0,none
EQX1081,Grader,S010,2025-02-08,2025-02-22,7.2,0.0,14,OP127,0,none
EQX1201,Compactor,S006,2024-10-23,2024-11-05,6.1,1.3,13,OP110,0,none
EQX1124,Crane,S001,2024-05-24,2024-05-26,5.0,5.4,2,OP127,0,none
EQX1002,Crane,S012,2024-11-12,2024-11-19,5.8,3.1,7,OP128,0,none
EQX1152,Loader,S010,2024-04-25,2024-05-11,6.7,3.3,16,OP104,0,none
EQX1011,Bulldozer,S009,2025-07-01,2025-07-22,11.9,3.9,21,OP103,0,none
EQX1008,Compactor,S006,2024-01-26,2024-01-31,2.5,7.4,5,OP118,0,none
EQX1201,Compactor,S006,2024-09-09,2024-09-17,2.8,11.4,8,OP110,0,none
EQX1120,Grader,S006,2024-09-26,2024-10-10,6.2,2.6,14,OP109,0,none
EQX1062,Crane,S012,2025-09-18,2025-09-24,1.0,3.0,6,OP113,0,none
EQX1072,Crane,S009,2025-07-13,2025-07-21,7.6,7.6,8,OP117,0,none
EQX1130,Grader,S010,2025-05-30,2025-06-10,8.6,0.2,11,OP116,0,none
EQX1198,Loader,S006,2025-10-20,2025-11-09,8.0,0.0,20,OP120,0,none
EQX1064,Compactor,S010,2025-09-17,2025-09-24,8.6,6.3,7,OP127,0,none
EQX1183,Crane,S009,2024-11-17,2024-11-28,0.8,2.8,11,OP131,0,none
EQX1179,Loader,S003,2024-06-27,2024-07-04,9.1,2.9,7,OP131,0,none
EQX1034,Bulldozer,S010,2024-08-13,2024-09-05,5.6,3.6,23,OP135,0,none
EQX1165,Grader,S006,2024-09-11,2024-09-18,9.3,4.5,7,OP121,0,none
EQX1024,Loader,S009,2025-01-03,2025-01-14,4.1,6.0,11,OP109,0,none
EQX1116,Loader,S008,2024-12-22,2025-01-04,3.3,2.3,13,OP133,0,none
EQX1198,Loader,S008,2024-01-10,2024-01-21,8.2,1.3,11,OP112,0,none
EQX1004,Grader,S006,2024-10-05,2024-10-16,3.6,5.6,11,OP122,0,none
EQX1160,Compactor,S004,2025-05-15,2025-05-21,3.2,2.1,6,OP124,0,none
EQX1090,Crane,S009,2024-06-24,2024-06-30,3.7,1.0,6,OP128,0,none
EQX1139,Compactor,S010,2025-01-06,2025-01-12,9.9,7.3,6,OP105,0,none
EQX1162,Loader,S012,2025-10-06,2025-10-13,4.6,4.1,7,OP108,0,none
EQX1090,Crane,S004,2024-03-31,2024-04-06,3.3,2.6,6,OP103,0,none
EQX1065,Grader,S010,2024-11-05,2024-11-11,7.1,6.2,6,OP119,0,none
EQX1180,Compactor,S010,2024-08-20,2024-08-29,6.1,0.0,9,OP103,0,none
EQX1024,Loader,S002,2025-08-22,2025-09-01,6.8,1.8,10,OP111,0,none
EQX1191,Loader,S003,2024-12-22,2025-01-02,11.9,3.0,11,OP117,0,none
EQX1098,Excavator,S001,2024-07-15,2024-07-26,9.9,1.4,11,OP130,0,none
EQX1076,Bulldozer,S005,2024-05-23,2024-06-08,11.1,0.2,16,OP114,0,none
EQX1133,Grader,S007,2025-02-13,2025-02-14,8.5,6.6,1,OP135,0,none
EQX1020,Grader,S002,2025-01-11,2025-01-24,4.2,5.5,13,OP130,0,none
EQX1018,Excavator,S002,2024-05-29,2024-06-11,5.7,4.1,13,OP101,0,none
EQX1140,Excavator,S001,2024-01-12,2024-01-26,3.4,0.1,14,OP103,0,none
EQX1043,Compactor,S010,2024-07-25,2024-08-04,5.5,7.1,10,OP136,0,none
EQX1117,Compactor,S001,2025-09-29,2025-10-07,6.2,4.7,8,OP122,0,none
EQX1005,Excavator,S005,2025-03-01,2025-03-16,3.4,7.1,15,OP119,0,none
EQX1046,Compactor,S004,2025-12-07,2025-12-13,5.2,8.9,6,OP136,0,none
EQX1091,Excavator,S004,2025-10-12,2025-10-30,5.8,3.3,18,OP118,0,none
EQX1114,Grader,S006,2025-09-11,2025-09-21,7.3,6.6,10,OP101,0,none
EQX1007,Compactor,S006,2025-10-20,2025-10-28,7.3,2.7,8,OP131,0,none
EQX1106,Compactor,S007,2024-09-02,2024-09-10,6.8,1.2,8,OP108,0,none
EQX1167,Compactor,S007,2025-09-30,2025-10-05,4.9,0.0,5,OP101,0,none
EQX1204,Excavator,S001,2025-02-25,2025-03-08,5.0,3.9,11,OP114,0,none
EQX1184,Bulldozer,S010,2024-12-15,2024-12-30,7.9,1.4,15,OP129,0,none
EQX1105,Compactor,S006,2024-08-15,2024-08-21,5.8,7.6,6,OP119,0,none
EQX1122,Grader,S006,2025-12-04,2025-12-15,5.8,5.6,11,OP127,0,none
EQX1140,Excavator,S003,2025-03-30,2025-04-09,7.9,0.1,10,OP115,0,none
EQX1137,Loader,S008,2024-01-24,2024-02-04,7.1,9.1,11,OP123,0,none
EQX1049,Grader,S007,2024-01-11,2024-01-20,9.1,1.7,9,OP130,0,none
EQX1169,Bulldozer,S003,2025-04-03,2025-04-26,1.9,5.8,23,OP114,0,none
EQX1024,Loader,S008,2024-06-01,2024-06-12,6.0,3.1,11,OP101,0,none
EQX1187,Bulldozer,S005,2025-06-06,2025-06-16,6.5,1.2,10,OP126,0,none
EQX1126,Crane,S012,2025-11-27,2025-12-05,8.0,0.7,8,OP102,0,none
EQX1169,Bulldozer,S004,2025-10-06,2025-12-27,9.0,0.0,82,OP110,1,extended_rental
EQX1153,Excavator,S012,2024-04-28,2024-05-02,6.8,2.6,4,OP135,0,none
EQX1220,Bulldozer,S008,2025-04-19,2025-05-02,6.9,5.6,13,OP130,0,none
EQX1053,Compactor,S001,2025-10-10,2025-10-18,5.2,1.2,8,OP126,0,none
EQX1114,Grader,S007,2024-04-12,2024-04-18,11.5,4.8,6,OP114,0,none
EQX1203,Crane,S001,2024-06-23,2024-07-01,9.9,4.4,8,OP134,0,none
EQX1192,Bulldozer,S006,2024-02-28,2024-03-16,8.3,2.2,17,OP113,0,none
EQX1218,Excavator,S001,2025-10-08,2025-10-19,7.1,2.9,11,OP102,0,none
EQX1034,Bulldozer,S006,2024-07-17,2024-08-03,7.1,4.0,17,OP120,0,none
EQX1161,Excavator,S008,2025-09-02,2025-09-19,5.3,7.0,17,OP122,0,none
EQX1033,Bulldozer,S003,2024-12-01,2024-12-17,9.9,2.7,16,OP124,0,none
EQX1019,Compactor,S009,2025-01-09,2025-01-16,10.7,2.8,7,OP127,0,none
EQX1172,Crane,S004,2025-01-29,2025-02-03,4.8,2.9,5,OP107,0,none
EQX1139,Compactor,S001,2025-08-29,2025-09-06,4.0,5.7,8,OP135,0,none
EQX1117,Compactor,S012,2024-12-06,2024-12-09,4.0,7.1,3,OP115,0,none
EQX1208,Grader,S010,2024-08-10,2024-08-16,5.5,6.0,6,OP128,0,none
EQX1186,Grader,S007,2025-04-04,2025-04-17,5.8,7.7,13,OP110,0,none
EQX1004,Grader,S010,2024-03-21,2024-03-28,9.4,5.6,7,OP114,0,none
EQX1214,Compactor,S006,2024-05-25,2024-06-05,5.5,0.0,11,OP115,0,none
EQX1001,Compactor,S006,2024-08-26,2024-09-02,4.2,2.7,7,OP131,0,none
EQX1116,Loader,S008,2024-03-04,2024-03-21,6.0,1.8,17,OP126,0,none
EQX1037,Excavator,S003,2024-02-26,2024-03-17,5.0,6.7,20,OP101,0,none
EQX1003,Loader,S002,2024-09-01,2024-09-14,9.1,7.6,13,OP106,0,none
EQX1218,Excavator,S007,2025-05-19,2025-05-31,4.6,6.2,12,OP107,0,none
EQX1103,Bulldozer,S008,2025-09-10,2025-10-07,9.1,0.7,27,OP128,0,none
EQX1047,Bulldozer,S010,2024-12-13,2024-12-23,6.8,2.0,10,OP127,0,none
EQX1124,Crane,S012,2024-10-12,2024-10-16,7.4,2.7,4,OP119,0,none
EQX1089,Excavator,S003,2024-06-07,2024-06-20,5.9,4.9,13,OP106,0,none
EQX1035,Crane,S002,2025-04-24,2025-04-25,2.8,7.4,1,OP139,0,none
EQX1097,Bulldozer,S003,2025-09-11,2025-10-05,8.6,5.0,24,OP114,0,none
EQX1036,Excavator,S004,2025-05-04,2025-05-14,7.8,3.6,10,,1,no_operator
EQX1082,Crane,S009,2024-12-03,2024-12-07,5.0,5.1,4,OP134,0,none
EQX1204,Excavator,S008,2025-07-11,2025-07-24,11.1,5.8,13,OP139,0,none
EQX1100,Loader,S005,2024-02-25,2024-03-06,12.3,0.5,10,OP115,0,none
EQX1179,Loader,S011,2024-11-25,2024-12-11,4.5,4.6,16,OP126,0,none
EQX1065,Grader,S010,2024-05-05,2024-05-12,8.6,5.3,7,OP110,0,none
EQX1215,Compactor,S010,2024-09-24,2024-10-02,5.3,5.2,8,OP112,0,none
EQX1172,Crane,S006,2025-05-18,2025-05-22,10.4,0.0,4,OP139,0,none
EQX1130,Grader,S010,2025-07-26,2025-08-08,8.3,6.1,13,OP137,0,none
EQX1148,Crane,S009,2024-11-29,2024-12-03,8.8,3.4,4,OP110,0,none
EQX1105,Compactor,S004,2025-03-17,2025-03-26,10.2,0.0,9,OP123,0,none
EQX1013,Grader,S010,2025-03-04,2025-03-17,8.9,5.3,13,OP108,0,none
EQX1019,Compactor,S004,2025-03-28,2025-04-03,5.9,5.0,6,OP101,0,none
EQX1168,Compactor,S012,2024-02-04,2024-04-08,7.0,2.4,64,OP119,1,extended_rental
EQX1170,Loader,S003,2025-03-07,2025-03-22,5.3,6.3,15,OP118,0,none
EQX1182,Loader,S008,2024-02-19,2024-03-04,2.8,1.8,14,OP122,0,none
EQX1126,Crane,S002,2025-08-20,2025-08-25,5.4,9.1,5,OP102,0,none
EQX1188,Excavator,S008,2024-01-04,2024-01-19,6.6,5.5,15,OP136,0,none
EQX1151,Compactor,S001,2024-02-19,2024-03-01,8.6,4.8,11,OP112,0,none
EQX1049,Grader,S012,2024-03-02,2024-03-07,7.8,1.8,5,OP104,0,none
EQX1090,Crane,S003,2024-10-01,2024-10-10,7.5,0.0,9,OP107,0,none
EQX1088,Crane,S004,2025-01-28,2025-02-05,9.0,1.9,8,OP121,0,none
EQX1125,Excavator,S002,2024-12-28,2025-01-06,10.6,4.9,9,OP138,0,none
EQX1114,Grader,S007,2025-01-01,2025-01-12,6.5,4.1,11,OP102,0,none
EQX1013,Grader,S006,2025-07-07,2025-07-12,8.6,2.7,5,OP115,0,none
EQX1151,Compactor,S001,2024-05-17,2024-05-25,3.9,4.5,8,OP129,0,none
EQX1012,Loader,S009,2025-10-14,2025-10-29,6.1,1.8,15,OP111,0,none
EQX1152,Loader,S002,2024-08-09,2024-08-17,5.1,1.7,8,OP130,0,none
EQX1042,Compactor,S012,2024-10-16,2024-10-20,3.2,5.1,4,OP102,0,none
EQX1086,Excavator,S003,2025-01-08,2025-01-20,6.3,5.2,12,OP106,0,none
EQX1178,Loader,S008,2024-03-31,2024-04-12,5.3,2.6,12,OP121,0,none
EQX1088,Crane,S008,2025-05-19,2025-05-24,7.4,2.9,5,OP120,0,none
EQX1168,Compactor,S007,2025-06-02,2025-06-15,8.8,3.6,13,OP106,0,none
EQX1049,Grader,S006,2025-04-23,2025-05-02,9.0,6.5,9,,1,no_operator
EQX1110,Loader,S001,2024-04-16,2024-04-30,8.8,5.7,14,OP107,0,none
EQX1119,Crane,S004,2025-03-07,2025-03-18,1.4,18.9,11,OP106,1,excessive_idle
EQX1055,Compactor,S009,2024-09-21,2024-10-01,8.0,3.2,10,OP139,0,none
EQX1210,Crane,S001,2024-02-20,2024-02-22,7.9,4.3,2,OP132,0,none
EQX1177,Crane,S009,2025-07-15,2025-07-20,6.5,6.6,5,OP104,0,none
EQX1154,Grader,S004,2025-08-06,2025-08-19,6.0,0.6,13,OP105,0,none
EQX1148,Crane,S008,2025-10-11,2025-10-12,8.5,4.6,1,OP105,0,none
EQX1037,Excavator,S002,2024-02-08,2024-02-19,13.0,1.8,11,OP109,0,none
EQX1065,Grader,S007,2024-12-08,2024-12-18,4.3,4.5,10,OP101,0,none
EQX1005,Excavator,S012,2025-03-23,2025-04-13,5.8,2.0,21,OP125,0,none
EQX1090,Crane,S001,2024-02-06,2024-02-16,5.6,3.2,10,OP138,0,none
EQX1161,Excavator,S003,2024-12-21,2025-01-13,7.3,6.4,23,OP113,0,none
EQX1179,Loader,S002,2025-10-01,2025-10-16,5.1,5.2,15,OP120,0,none
EQX1203,Crane,S009,2024-04-22,2024-04-29,7.7,1.4,7,OP120,0,none
EQX1175,Excavator,S009,2025-09-20,2025-09-29,6.7,7.3,9,OP134,0,none
EQX1152,Loader,S005,2025-10-13,2025-10-26,9.4,2.3,13,OP114,0,none
EQX1087,Compactor,S006,2024-11-10,2024-11-18,6.4,1.5,8,OP123,0,none
EQX1057,Crane,S009,2024-03-06,2024-03-17,7.7,7.1,11,OP136,0,none
EQX1074,Bulldozer,S012,2024-02-14,2024-03-04,7.6,3.5,19,OP109,0,none
EQX1083,Compactor,S004,2024-02-02,2024-02-04,10.1,6.4,2,OP136,0,none
EQX1139,Compactor,S001,2024-04-07,2024-04-08,4.7,0.0,1,OP131,0,none
EQX1151,Compactor,S001,2025-12-16,2025-12-23,6.5,4.0,7,OP131,0,none
EQX1139,Compactor,S006,2024-11-19,2024-11-28,4.7,5.7,9,OP133,0,none
EQX1146,Bulldozer,S009,2024-08-18,2024-08-28,6.8,0.0,10,OP131,0,none
EQX1158,Grader,S006,2024-01-23,2024-02-02,7.4,1.5,10,OP128,0,none
EQX1099,Excavator,S009,2024-01-28,2024-02-13,9.9,5.1,16,OP132,0,none
EQX1106,Compactor,S011,2024-02-19,2024-02-22,8.2,1.8,3,OP108,0,none
EQX1042,Compactor,S002,2024-01-23,2024-01-31,5.1,3.7,8,OP115,0,none
EQX1175,Excavator,S004,2024-08-20,2024-08-30,3.7,6.3,10,OP135,0,none
EQX1186,Grader,S010,2024-03-06,2024-03-11,5.7,5.6,5,OP108,0,none
EQX1138,Crane,S011,2024-08-16,2024-08-25,10.4,5.5,9,OP130,0,none
EQX1112,Excavator,S011,2025-09-17,2025-09-21,7.8,5.7,4,OP132,0,none
EQX1001,Compactor,S003,2025-07-01,2025-07-06,5.1,4.6,5,OP110,0,none
EQX1119,Crane,S004,2025-07-12,2025-07-15,7.1,2.2,3,OP136,0,none
EQX1145,Crane,S006,2024-10-18,2024-10-19,5.2,0.0,1,OP106,0,none
EQX1083,Compactor,S001,2025-06-10,2025-06-15,7.7,5.3,5,OP139,0,none
EQX1134,Bulldozer,S007,2025-08-14,2025-09-07,6.2,4.3,24,OP103,0,none
EQX1174,Loader,S004,2025-01-11,2025-01-21,6.7,5.3,10,OP103,0,none
EQX1193,Excavator,S002,2024-03-09,2024-03-25,5.2,0.0,16,OP118,0,none
EQX1012,Loader,S002,2024-03-06,2024-03-17,4.7,0.4,11,OP109,0,none
EQX1035,Crane,S009,2025-07-09,2025-07-17,9.2,0.6,8,OP110,0,none
EQX1178,Loader,S001,2025-10-09,2025-10-14,0.2,4.2,5,OP123,0,none
EQX1219,Loader,S004,2024-01-30,2024-02-09,6.5,2.7,10,OP114,0,none
EQX1178,Loader,S012,2025-12-03,2025-12-17,3.5,4.0,14,OP104,0,none
EQX1021,Compactor,S011,2024-10-10,2024-10-19,7.2,3.0,9,OP126,0,none
EQX1202,Loader,S004,2024-07-08,2024-07-20,8.9,2.1,12,OP131,0,none
EQX1113,Bulldozer,S011,2024-10-27,2024-11-24,3.8,4.5,28,OP125,0,none
EQX1035,Crane,S004,2024-04-16,2024-04-19,17.9,13.6,3,OP103,1,impossible_hours
EQX1151,Compactor,S001,2024-04-04,2024-04-14,5.1,5.4,10,OP113,0,none
EQX1053,Compactor,S010,2024-02-23,2024-03-03,3.2,0.4,9,OP137,0,none
EQX1138,Crane,S001,2025-04-24,2025-04-26,5.4,3.9,2,OP105,0,none
EQX1125,Excavator,S012,2025-03-13,2025-03-20,4.7,3.8,7,OP133,0,none
EQX1207,Excavator,S011,2025-04-25,2025-05-14,4.2,4.0,19,OP131,0,none
EQX1138,Crane,S004,2024-03-20,2024-03-24,5.0,0.0,4,OP113,0,none
EQX1109,Excavator,,2024-12-18,2024-12-30,7.2,4.6,12,OP111,1,unassigned_site
EQX1216,Compactor,S011,2025-03-25,2025-04-03,7.4,2.9,9,OP109,0,none
EQX1098,Excavator,S012,2025-04-07,2025-05-02,7.4,5.8,25,OP125,0,none
EQX1055,Compactor,S007,2025-11-14,2025-11-17,9.6,4.5,3,OP136,0,none
EQX1064,Compactor,S004,2024-04-27,2024-05-03,8.3,3.4,6,OP118,0,none
EQX1003,Loader,S005,2024-11-05,2024-11-18,7.6,0.6,13,OP132,0,none
EQX1075,Excavator,S011,2024-07-02,2024-07-11,9.9,5.7,9,OP127,0,none
EQX1053,Compactor,S009,2025-02-26,2025-05-13,7.2,3.1,76,OP131,1,extended_rental
EQX1036,Excavator,S006,2025-01-19,2025-01-28,6.0,1.6,9,OP111,0,none
EQX1131,Excavator,S004,2025-01-03,2025-01-17,5.0,0.9,14,OP129,0,none
EQX1025,Compactor,S008,2025-04-01,2025-04-06,9.3,5.7,5,OP127,0,none
EQX1084,Excavator,S001,2025-08-19,2025-08-24,8.8,4.5,5,OP107,0,none
EQX1018,Excavator,S006,2025-01-04,2025-01-18,5.7,6.6,14,OP125,0,none
EQX1081,Grader,S007,2025-11-15,2025-11-25,5.9,2.0,10,OP117,0,none
EQX1043,Compactor,S002,2025-11-18,2025-11-27,6.0,4.7,9,,1,no_operator
EQX1084,Excavator,S001,2025-10-26,2025-11-13,8.9,0.8,18,OP137,0,none
EQX1007,Compactor,S006,2024-09-13,2024-09-19,4.1,2.1,6,OP109,0,none
EQX1132,Loader,S009,2025-08-04,2025-08-22,5.3,1.8,18,OP126,0,none
EQX1030,Grader,S006,2025-05-11,2025-05-22,9.1,0.5,11,OP110,0,none
EQX1014,Compactor,S001,2025-08-21,2025-08-30,4.9,0.1,9,OP133,0,none
EQX1142,Crane,S002,2024-10-13,2024-10-28,7.2,0.0,15,OP134,0,none
EQX1108,Bulldozer,S003,2025-06-06,2025-06-24,10.4,1.3,18,OP105,0,none
EQX1042,Compactor,S001,2025-05-06,2025-05-16,7.4,1.7,10,OP121,0,none
EQX1078,Grader,S007,2024-12-04,2024-12-17,7.4,6.4,13,OP138,0,none
EQX1201,Compactor,S007,2025-09-02,2025-09-13,7.0,2.1,11,OP136,0,none
EQX1040,Grader,S009,2025-07-31,2025-08-11,6.1,8.5,11,OP128,0,none
EQX1028,Excavator,S004,2025-07-10,2025-07-24,7.8,5.8,14,OP116,0,none
EQX1101,Loader,S002,2024-03-27,2024-04-07,6.7,5.4,11,OP110,0,none
EQX1208,Grader,S007,2025-04-03,2025-04-13,5.2,2.1,10,OP135,0,none
EQX1218,Excavator,S004,2024-11-10,2024-11-19,4.7,2.2,9,OP113,0,none
EQX1065,Grader,S007,2025-12-20,2025-12-31,6.3,0.5,11,OP103,0,none
EQX1118,Compactor,S007,2024-06-27,2024-06-30,6.7,3.7,3,OP130,0,none
EQX1068,Bulldozer,S008,2025-02-10,2025-03-03,6.6,5.5,21,OP115,0,none
EQX1117,Compactor,S010,2024-11-11,2024-11-17,7.3,6.5,6,OP112,0,none
EQX1192,Bulldozer,S008,2024-06-03,2024-06-16,9.3,3.9,13,OP132,0,none
EQX1211,Grader,S006,2024-05-19,2024-06-01,5.1,3.0,13,OP133,0,none
EQX1088,Crane,S001,2024-08-26,2024-09-02,8.1,1.5,7,OP115,0,none
EQX1080,Compactor,S002,2024-01-03,2024-01-14,5.9,4.8,11,OP135,0,none
EQX1031,Compactor,S006,2024-02-03,2024-02-06,6.5,1.5,3,OP123,0,none
EQX1160,Compactor,S008,2025-01-02,2025-01-08,4.6,0.0,6,OP103,0,none
EQX1179,Loader,S003,2024-02-28,2024-03-14,6.3,5.3,15,OP119,0,none
EQX1169,Bulldozer,S006,2025-03-05,2025-03-29,0.1,18.8,24,OP112,1,excessive_idle
EQX1016,Bulldozer,S007,2024-07-20,2024-08-06,4.4,7.0,17,OP105,0,none
EQX1106,Compactor,S009,2025-10-27,2025-11-03,8.4,9.1,7,OP103,0,none
EQX1191,Loader,S006,2025-03-09,2025-03-15,10.7,3.6,6,OP121,0,none
EQX1019,Compactor,S001,2025-12-19,2025-12-26,7.1,2.3,7,OP125,0,none
EQX1149,Crane,S001,2025-11-13,2025-11-24,5.7,3.4,11,OP113,0,none
EQX1066,Grader,S006,2025-06-28,2025-07-12,8.6,1.3,14,OP126,0,none
EQX1141,Crane,S009,2025-01-29,2025-02-04,5.6,5.9,6,OP115,0,none
EQX1146,Bulldozer,S001,2024-12-26,2025-01-10,2.9,4.5,15,OP118,0,none
EQX1124,Crane,S001,2025-09-18,2025-09-21,4.2,2.5,3,OP124,0,none
EQX1139,Compactor,S006,2024-01-25,2024-01-30,3.4,5.2,5,OP112,0,none
EQX1086,Excavator,S010,2024-09-09,2024-09-20,1.0,3.5,11,OP132,0,none
EQX1058,Grader,S010,2025-09-01,2025-09-07,5.3,2.0,6,OP139,0,none
EQX1166,Bulldozer,S009,2025-11-28,2025-12-12,4.9,1.7,14,OP126,0,none
EQX1143,Loader,S009,2025-02-20,2025-03-01,6.2,4.8,9,OP124,0,none
EQX1047,Bulldozer,S003,2025-08-18,2025-08-31,2.5,1.9,13,OP106,0,none
EQX1126,Crane,S005,2025-11-20,2025-11-26,5.2,3.3,6,OP131,0,none
EQX1055,Compactor,S004,2024-11-30,2024-12-10,7.6,8.1,10,OP137,0,none
EQX1120,Grader,S010,2024-01-30,2024-02-04,4.4,5.4,5,OP108,0,none
EQX1155,Excavator,S005,2024-01-16,2024-02-01,6.8,2.6,16,OP105,0,none
EQX1005,Excavator,S010,2025-12-14,2025-12-19,16.9,12.4,5,OP105,1,impossible_hours
EQX1139,Compactor,S008,2025-04-19,2025-04-29,12.6,2.9,10,OP137,0,none
EQX1035,Crane,S009,2025-09-15,2025-09-23,8.5,6.7,8,OP101,0,none
EQX1042,Compactor,S010,2025-11-01,2025-11-10,10.3,4.9,9,OP135,0,none
EQX1110,Loader,S002,2024-03-15,2024-03-23,2.7,2.2,8,OP111,0,none
EQX1217,Excavator,S008,2025-04-03,2025-04-17,6.2,2.9,14,OP121,0,none
EQX1108,Bulldozer,S003,2024-07-05,2024-07-15,7.9,2.9,10,OP114,0,none
EQX1045,Compactor,S009,2024-02-16,2024-02-17,4.3,7.0,1,OP125,0,none
EQX1188,Excavator,S008,2025-03-04,2025-03-17,9.3,0.0,13,OP139,0,none
EQX1116,Loader,S004,2024-04-10,2024-04-26,6.3,3.3,16,OP123,0,none
EQX1194,Compactor,S001,2024-07-23,2024-07-28,9.8,0.0,5,OP118,0,none
EQX1019,Compactor,S002,2024-10-11,2024-10-22,8.3,6.6,11,OP111,0,none
EQX1172,Crane,S002,2024-10-07,2024-10-13,4.6,8.2,6,OP132,0,none
EQX1144,Grader,S007,2025-09-05,2025-09-21,6.3,0.2,16,OP138,0,none
EQX1007,Compactor,S004,2024-02-23,2024-02-29,8.0,5.8,6,OP105,0,none
